issue_day,issue_time,regime,strategy,realised_profit_eur,oracle_profit_eur,regret_eur,in_sample_expected_profit_eur,in_sample_cvar_loss_eur,constraint_violations,simultaneous_throughput_mwh,total_throughput_mwh,minimum_soc_mwh,maximum_soc_mwh,terminal_soc_error_mwh
337,2024-12-03 00:00:00+00:00,renewable_shift,seasonal_naive,-24.375970349958514,38.60242520598464,62.97839555594315,44.97357802405204,-44.97357802405204,0.0,0.0,6.011489361702128,0.0,2.0,0.0
337,2024-12-03 00:00:00+00:00,renewable_shift,median_risk_neutral,2.1827032771135197,38.60242520598464,36.41972192887112,18.663421105484524,-18.663421105484524,0.0,0.0,5.778704028972386,0.1200000000000001,2.0,0.0
337,2024-12-03 00:00:00+00:00,renewable_shift,raw_cvar,15.970607723019908,38.60242520598464,22.631817482964728,13.703925061458534,-0.30584255470087446,0.0,0.0,4.135563603440471,0.1200000000000001,2.0,0.0
337,2024-12-03 00:00:00+00:00,renewable_shift,static_cvar,0.0,38.60242520598464,38.60242520598464,0.0,0.0,0.0,0.0,0.0,1.0,1.0,0.0
337,2024-12-03 00:00:00+00:00,renewable_shift,adaptive_risk_neutral,1.1060707181121447,38.60242520598464,37.496354487872495,5.6572254883368025,25.102194392046155,0.0,0.0,3.7672,-0.0,1.88,0.0
337,2024-12-03 00:00:00+00:00,renewable_shift,adaptive_cvar,0.0,38.60242520598464,38.60242520598464,0.0,0.0,0.0,0.0,0.0,1.0,1.0,0.0
337,2024-12-03 00:00:00+00:00,renewable_shift,oracle,38.60242520598464,38.60242520598464,0.0,38.60242520598464,-38.60242520598464,0.0,0.0,10.154727206880942,0.0,2.0,0.0
338,2024-12-04 00:00:00+00:00,renewable_shift,seasonal_naive,-54.21268893881635,79.70978058248527,133.92246952130162,38.60242520598464,-38.60242520598464,0.0,0.0,10.154727206880942,0.0,2.0,0.0
338,2024-12-04 00:00:00+00:00,renewable_shift,median_risk_neutral,62.28910086628271,79.70978058248527,17.420679716202557,34.50778583718635,-34.50778583718635,0.0,0.0,5.891259574468085,0.0,2.0,0.0
338,2024-12-04 00:00:00+00:00,renewable_shift,raw_cvar,61.87357576003238,79.70978058248527,17.836204822452885,29.366255940342967,-14.62741839490244,0.0,0.0,5.891259574468085,0.0,2.0,0.0
338,2024-12-04 00:00:00+00:00,renewable_shift,static_cvar,47.370840805586106,79.70978058248527,32.33893977689916,22.77416866910708,1.825470413175344,0.0,0.0,4.007659574468086,0.0,2.0,0.0
338,2024-12-04 00:00:00+00:00,renewable_shift,adaptive_risk_neutral,62.05717069061194,79.70978058248527,17.652609891873325,29.817107103482634,2.992810810908528,0.0,0.0,5.891259574468085,0.0,2.0,0.0
338,2024-12-04 00:00:00+00:00,renewable_shift,adaptive_cvar,58.47532983536222,79.70978058248527,21.23445074712305,25.281507774990413,-7.3953494850042825,0.0,0.0,4.266834327430053,0.0,2.0,0.0
338,2024-12-04 00:00:00+00:00,renewable_shift,oracle,79.70978058248527,79.70978058248527,0.0,79.70978058248527,-79.70978058248527,0.0,0.0,9.778689361702128,0.0,2.0,0.0
339,2024-12-05 00:00:00+00:00,renewable_shift,seasonal_naive,-10.722765351347489,80.1184358372662,90.8412011886137,79.70978058248527,-79.70978058248527,0.0,0.0,9.778689361702128,0.0,2.0,0.0
339,2024-12-05 00:00:00+00:00,renewable_shift,median_risk_neutral,28.817996390871862,80.1184358372662,51.30043944639434,63.67917893893646,-63.67917893893646,0.0,0.0,7.895089361702127,-0.0,2.0,0.0
339,2024-12-05 00:00:00+00:00,renewable_shift,raw_cvar,30.841835926222238,80.1184358372662,49.27659991104397,59.03121510107658,-28.07570051254242,0.0,0.0,7.895089361702127,-0.0,2.0,0.0
339,2024-12-05 00:00:00+00:00,renewable_shift,static_cvar,5.918564920482556,80.1184358372662,74.19987091678365,53.51882453192328,-15.849729619987652,0.0,0.0,7.895089361702128,-0.0,2.0,0.0
339,2024-12-05 00:00:00+00:00,renewable_shift,adaptive_risk_neutral,37.745771221124365,80.1184358372662,42.37266461614184,60.7816517167267,-13.55981554723234,0.0,0.0,7.895089361702127,0.0,2.0,0.0
339,2024-12-05 00:00:00+00:00,renewable_shift,adaptive_cvar,30.86983284582701,80.1184358372662,49.2486029914392,59.903482508819934,-17.871293023868272,0.0,0.0,7.895089361702128,0.0,2.0,0.0
339,2024-12-05 00:00:00+00:00,renewable_shift,oracle,80.1184358372662,80.1184358372662,0.0,80.1184358372662,-80.1184358372662,0.0,0.0,11.3016,0.0,2.0,0.0
340,2024-12-06 00:00:00+00:00,renewable_shift,seasonal_naive,-31.256878081809813,34.83385129469234,66.09072937650215,70.97393624579253,-70.97393624579253,0.0,0.0,11.301599999999999,0.0,2.0,0.0
340,2024-12-06 00:00:00+00:00,renewable_shift,median_risk_neutral,12.607091370217105,34.83385129469234,22.226759924475232,39.2073143096346,-39.2073143096346,0.0,0.0,7.902763603440471,-0.0,2.0,0.0
340,2024-12-06 00:00:00+00:00,renewable_shift,raw_cvar,18.813529945612938,34.83385129469234,16.0203213490794,33.89454026770873,-18.481321775772443,0.0,0.0,6.139393390674513,-0.0,2.0,0.0
340,2024-12-06 00:00:00+00:00,renewable_shift,static_cvar,16.433772953990253,34.83385129469234,18.400078340702084,27.902047251962138,1.1995799137431378,0.0,0.0,5.891259574468085,-0.0,2.0,0.0
340,2024-12-06 00:00:00+00:00,renewable_shift,adaptive_risk_neutral,14.99903479171736,34.83385129469234,19.834816502974977,31.558894630020063,4.0110375135734975,0.0,0.0,6.139393390674513,-0.0,2.0,0.0
340,2024-12-06 00:00:00+00:00,renewable_shift,adaptive_cvar,17.45364002519873,34.83385129469234,17.380211269493607,30.32975880215451,0.0906997890236284,0.0,0.0,6.011489361702128,-0.0,2.0,0.0
340,2024-12-06 00:00:00+00:00,renewable_shift,oracle,34.83385129469234,34.83385129469234,0.0,34.83385129469234,-34.83385129469234,0.0,0.0,4.263467632412857,0.9361702127659575,2.0,0.0
341,2024-12-07 00:00:00+00:00,renewable_shift,seasonal_naive,-17.646989660891414,56.07677192616168,73.7237615870531,34.83385129469234,-34.83385129469234,0.0,0.0,4.263467632412857,0.9361702127659575,2.0,0.0
341,2024-12-07 00:00:00+00:00,renewable_shift,median_risk_neutral,7.93098154596832,56.07677192616168,48.14579038019336,12.372068044113496,-12.372068044113496,0.0,0.0,5.778704028972386,-0.0,2.0,0.0
341,2024-12-07 00:00:00+00:00,renewable_shift,raw_cvar,20.588405734478343,56.07677192616168,35.48836619168334,8.742283183136474,2.772906550029474,0.0,0.0,4.007659574468086,-0.0,2.0,0.0
341,2024-12-07 00:00:00+00:00,renewable_shift,static_cvar,0.0,56.07677192616168,56.07677192616168,0.0,0.0,0.0,0.0,0.0,1.0,1.0,0.0
341,2024-12-07 00:00:00+00:00,renewable_shift,adaptive_risk_neutral,-1.3301071375323303,56.07677192616168,57.406879063694014,11.179879881476023,17.67306451644255,0.0,0.0,5.6508,-0.0,1.88,0.0
341,2024-12-07 00:00:00+00:00,renewable_shift,adaptive_cvar,3.1019442062931946,56.07677192616168,52.974827719868486,9.165153927807149,5.156264726926975,0.0,0.0,3.013225539594695,0.6357602896673074,2.0,0.0
341,2024-12-07 00:00:00+00:00,renewable_shift,oracle,56.07677192616168,56.07677192616168,0.0,56.07677192616168,-56.07677192616168,0.0,0.0,11.910423177908555,-0.0,2.0,0.0
342,2024-12-08 00:00:00+00:00,renewable_shift,seasonal_naive,-4.574488223335393,79.37206887568608,83.94655709902148,56.07677192616168,-56.07677192616168,0.0,0.0,11.910423177908555,-0.0,2.0,0.0
342,2024-12-08 00:00:00+00:00,renewable_shift,median_risk_neutral,-37.875111930859006,79.37206887568608,117.24718080654509,15.678118301152807,-15.678118301152807,0.0,0.0,3.8951040289723857,0.9361702127659575,2.0,0.0
342,2024-12-08 00:00:00+00:00,renewable_shift,raw_cvar,-36.69113328059023,79.37206887568608,116.0632021562763,12.182910713740528,-7.021687370770202,0.0,0.0,2.7108344910876365,0.9361702127659575,2.0,0.0
342,2024-12-08 00:00:00+00:00,renewable_shift,static_cvar,-25.36013202255243,79.37206887568608,104.73220089823852,9.711607231185098,4.942510072941034,0.0,0.0,2.1605795688085467,0.9217749019536876,2.0,0.0
342,2024-12-08 00:00:00+00:00,renewable_shift,adaptive_risk_neutral,-9.137019003682665,79.37206887568608,88.50908787936875,9.131344796830227,7.634633228751077,0.0,0.0,2.1317338162064283,0.9361702127659575,2.0,0.0
342,2024-12-08 00:00:00+00:00,renewable_shift,adaptive_cvar,-17.100238130780987,79.37206887568608,96.47230700646708,8.888857501228461,3.553907772227685,0.0,0.0,2.1317338162064283,0.9361702127659575,2.0,0.0
342,2024-12-08 00:00:00+00:00,renewable_shift,oracle,79.37206887568608,79.37206887568608,0.0,79.37206887568608,-79.37206887568608,0.0,0.0,11.542059574468084,-0.0,2.0,0.0
343,2024-12-09 00:00:00+00:00,renewable_shift,seasonal_naive,-46.51994962750546,36.08575309910903,82.60570272661448,79.37206887568608,-79.37206887568608,0.0,0.0,11.542059574468084,-0.0,2.0,0.0
343,2024-12-09 00:00:00+00:00,renewable_shift,median_risk_neutral,-8.033519569928897,36.08575309910903,44.119272669037926,15.248141603513213,-15.248141603513213,0.0,0.0,4.007659574468085,-0.0,2.0,0.0
343,2024-12-09 00:00:00+00:00,renewable_shift,raw_cvar,-3.7586047376512646,36.08575309910903,39.844357836760295,17.734035071497754,-11.243704715849875,0.0,0.0,4.103844868386192,-0.0,2.0,0.0
343,2024-12-09 00:00:00+00:00,renewable_shift,static_cvar,-13.49804365397768,36.08575309910903,49.58379675308671,27.86218964537645,-8.48996513705495,0.0,0.0,5.352901348053816,-0.0,2.0,0.0
343,2024-12-09 00:00:00+00:00,renewable_shift,adaptive_risk_neutral,-29.88967253203612,36.08575309910903,65.97542563114514,28.565322528235676,13.167768512854723,0.0,0.0,7.895089361702128,-0.0,2.0,0.0
343,2024-12-09 00:00:00+00:00,renewable_shift,adaptive_cvar,-0.7030077365156728,36.08575309910903,36.7887608356247,22.61871214240801,-4.216151860626597,0.0,0.0,4.7132784297841015,0.0,2.0,0.0
343,2024-12-09 00:00:00+00:00,renewable_shift,oracle,36.08575309910903,36.08575309910903,0.0,36.08575309910903,-36.08575309910903,0.0,0.0,9.794037845178813,0.0,2.0,0.0
344,2024-12-10 00:00:00+00:00,renewable_shift,seasonal_naive,-55.654304200095254,33.45461738531071,89.10892158540597,36.08575309910903,-36.08575309910903,0.0,0.0,9.794037845178813,0.0,2.0,0.0
344,2024-12-10 00:00:00+00:00,renewable_shift,median_risk_neutral,-15.18461547499551,33.45461738531071,48.63923286030622,7.94698293407137,-7.94698293407137,0.0,0.0,4.007659574468086,-0.0,2.0,0.0
344,2024-12-10 00:00:00+00:00,renewable_shift,raw_cvar,-28.94376190091725,33.45461738531071,62.398379286227964,6.837953323719671,1.7978697121472875,0.0,0.0,5.084430357042244,0.06009712776831877,1.9400971277683188,0.0
344,2024-12-10 00:00:00+00:00,renewable_shift,static_cvar,0.0,33.45461738531071,33.45461738531071,0.0,0.0,0.0,0.0,0.0,1.0,1.0,0.0
344,2024-12-10 00:00:00+00:00,renewable_shift,adaptive_risk_neutral,-13.565199253126472,33.45461738531071,47.019816638437185,8.428915450538536,26.378631071655743,0.0,0.0,6.011489361702128,-0.0,2.0,0.0
344,2024-12-10 00:00:00+00:00,renewable_shift,adaptive_cvar,0.0,33.45461738531071,33.45461738531071,0.0,0.0,0.0,0.0,0.0,1.0,1.0,0.0
344,2024-12-10 00:00:00+00:00,renewable_shift,oracle,33.45461738531071,33.45461738531071,0.0,33.45461738531071,-33.45461738531071,0.0,0.0,7.895089361702128,-0.0,2.0,0.0
345,2024-12-11 00:00:00+00:00,renewable_shift,seasonal_naive,-20.37507496764131,43.22842442367481,63.60349939131612,33.45461738531071,-33.45461738531071,0.0,0.0,7.895089361702128,-0.0,2.0,0.0
345,2024-12-11 00:00:00+00:00,renewable_shift,median_risk_neutral,-14.496228717749053,43.22842442367481,57.724653141423865,21.612806009288953,-21.612806009288953,0.0,0.0,6.019163603440471,-0.0,2.0,0.0
345,2024-12-11 00:00:00+00:00,renewable_shift,raw_cvar,8.790177808018333,43.22842442367481,34.438246615656475,18.05997973281219,-7.763726111314586,0.0,0.0,6.612709677501997,-0.0,2.0,0.0
345,2024-12-11 00:00:00+00:00,renewable_shift,static_cvar,-1.8738590125868768,43.22842442367481,45.102283436261686,15.814197051989652,4.350073457377015,0.0,0.0,8.159807156588055,-0.0,2.0,0.0
345,2024-12-11 00:00:00+00:00,renewable_shift,adaptive_risk_neutral,-23.35606326740751,43.22842442367481,66.58448769108232,22.11249595783679,25.736278609562792,0.0,0.0,9.658459574468084,0.0,2.0,0.0
345,2024-12-11 00:00:00+00:00,renewable_shift,adaptive_cvar,8.53133947786116,43.22842442367481,34.69708494581365,14.288145516004846,1.9624888481928586,0.0,0.0,5.251502687606775,-0.0,2.0,0.0
345,2024-12-11 00:00:00+00:00,renewable_shift,oracle,43.22842442367481,43.22842442367481,0.0,43.22842442367481,-43.22842442367481,0.0,0.0,10.282631235853327,0.06000000000000005,2.0,0.0
346,2024-12-12 00:00:00+00:00,renewable_shift,seasonal_naive,-34.95905233210097,31.49340966244221,66.45246199454317,43.22842442367481,-43.22842442367481,0.0,0.0,10.282631235853327,0.06000000000000005,2.0,0.0
346,2024-12-12 00:00:00+00:00,renewable_shift,median_risk_neutral,-13.094466796705367,31.49340966244221,44.58787645914758,13.380668250778164,-13.380668250778164,0.0,0.0,5.891259574468085,0.0,2.0,0.0
346,2024-12-12 00:00:00+00:00,renewable_shift,raw_cvar,-4.152659906097164,31.49340966244221,35.646069568539374,8.54401997560778,-0.3755991625824713,0.0,0.0,4.731011474211764,-0.0,2.0,0.0
346,2024-12-12 00:00:00+00:00,renewable_shift,static_cvar,0.0,31.49340966244221,31.49340966244221,0.0,0.0,0.0,0.0,0.0,1.0,1.0,0.0
346,2024-12-12 00:00:00+00:00,renewable_shift,adaptive_risk_neutral,-9.66922971183738,31.49340966244221,41.16263937427959,8.627151554576333,31.02811530504091,0.0,0.0,5.891259574468085,-0.0,2.0,0.0
346,2024-12-12 00:00:00+00:00,renewable_shift,adaptive_cvar,0.0,31.49340966244221,31.49340966244221,0.0,0.0,0.0,0.0,0.0,1.0,1.0,0.0
346,2024-12-12 00:00:00+00:00,renewable_shift,oracle,31.49340966244221,31.49340966244221,0.0,31.49340966244221,-31.49340966244221,0.0,0.0,8.022993390674515,0.0,2.0,0.0
347,2024-12-13 00:00:00+00:00,renewable_shift,seasonal_naive,-28.894938065790974,65.23977388105352,94.1347119468445,31.49340966244221,-31.49340966244221,0.0,0.0,8.022993390674515,0.0,2.0,0.0
347,2024-12-13 00:00:00+00:00,renewable_shift,median_risk_neutral,14.368213685719223,65.23977388105352,50.8715601953343,18.784329856629693,-18.784329856629693,0.0,0.0,5.771029787234042,0.0,2.0,0.0
347,2024-12-13 00:00:00+00:00,renewable_shift,raw_cvar,11.608632904756098,65.23977388105352,53.631140976297424,20.54837846673099,-7.600992654356403,0.0,0.0,5.771029787234043,-0.0,2.0,0.0
347,2024-12-13 00:00:00+00:00,renewable_shift,static_cvar,15.774359409816899,65.23977388105352,49.46541447123663,23.808895952980254,1.522765564250557,0.0,0.0,5.771029787234042,-0.0,2.0,0.0
347,2024-12-13 00:00:00+00:00,renewable_shift,adaptive_risk_neutral,10.894875896020956,65.23977388105352,54.34489798503257,20.720762373639655,13.637334411672201,0.0,0.0,6.011489361702127,0.0,2.0,0.0
347,2024-12-13 00:00:00+00:00,renewable_shift,adaptive_cvar,18.52691618271831,65.23977388105352,46.71285769833521,16.478872724080095,-0.20478704356762792,0.0,0.0,3.29509741606807,-0.0,1.3423926771864174,0.0
347,2024-12-13 00:00:00+00:00,renewable_shift,oracle,65.23977388105352,65.23977388105352,0.0,65.23977388105352,-65.23977388105352,0.0,0.0,9.778689361702128,0.0,2.0,0.0
348,2024-12-14 00:00:00+00:00,renewable_shift,seasonal_naive,-15.08879800456151,36.66715835856523,51.75595636312674,65.23977388105352,-65.23977388105352,0.0,0.0,9.778689361702128,0.0,2.0,0.0
348,2024-12-14 00:00:00+00:00,renewable_shift,median_risk_neutral,3.118655995444196,36.66715835856523,33.54850236312104,12.476079982438424,-12.476079982438424,0.0,0.0,2.0038297872340425,1.0,2.0,0.0
348,2024-12-14 00:00:00+00:00,renewable_shift,raw_cvar,2.2122008475652217,36.66715835856523,34.45495751100001,10.364588403296874,-7.438202877668312,0.0,0.0,2.0038297872340425,1.0,2.0,0.0
348,2024-12-14 00:00:00+00:00,renewable_shift,static_cvar,-2.0665748554879624,36.66715835856523,38.733733214053196,9.087962448232897,-2.4661565636037537,0.0,0.0,2.003829787234043,1.0,2.0,0.0
348,2024-12-14 00:00:00+00:00,renewable_shift,adaptive_risk_neutral,-7.159896169475907,36.66715835856523,43.82705452804114,12.009454506080203,12.28822407456616,0.0,0.0,3.7672,1.0,2.0,0.0
348,2024-12-14 00:00:00+00:00,renewable_shift,adaptive_cvar,4.341929536879796,36.66715835856523,32.325228821685435,9.495847483416032,-2.4033393410962463,0.0,0.0,2.003829787234043,1.0,2.0,0.0
348,2024-12-14 00:00:00+00:00,renewable_shift,oracle,36.66715835856523,36.66715835856523,0.0,36.66715835856523,-36.66715835856523,0.0,0.0,5.778704028972386,0.1200000000000001,2.0,0.0
349,2024-12-15 00:00:00+00:00,renewable_shift,seasonal_naive,76.19720007756744,111.46767396892892,35.270473891361476,36.66715835856523,-36.66715835856523,0.0,0.0,5.778704028972386,0.1200000000000001,2.0,0.0
349,2024-12-15 00:00:00+00:00,renewable_shift,median_risk_neutral,11.94820495489733,111.46767396892892,99.51946901403159,24.380737600226936,-24.380737600226936,0.0,0.0,6.019163603440471,-0.0,2.0,0.0
349,2024-12-15 00:00:00+00:00,renewable_shift,raw_cvar,11.642232424877111,111.46767396892892,99.82544154405181,22.868640464649655,-15.760748437331314,0.0,0.0,4.099505601061743,-0.0,2.0,0.0
349,2024-12-15 00:00:00+00:00,renewable_shift,static_cvar,58.60369783268641,111.46767396892892,52.86397613624251,19.1034285218713,-1.7041263326041964,0.0,0.0,4.007659574468086,-0.0,2.0,0.0
349,2024-12-15 00:00:00+00:00,renewable_shift,adaptive_risk_neutral,91.06005229316118,111.46767396892892,20.407621675767743,23.891749522689388,4.899076419411366,0.0,0.0,5.891259574468085,0.0,2.0,0.0
349,2024-12-15 00:00:00+00:00,renewable_shift,adaptive_cvar,88.38407291072077,111.46767396892892,23.083601058208146,23.42919924826755,-1.6431719047530606,0.0,0.0,4.007659574468086,-0.0,2.0,0.0
349,2024-12-15 00:00:00+00:00,renewable_shift,oracle,111.46767396892892,111.46767396892892,0.0,111.46767396892892,-111.46767396892892,0.0,0.0,8.01531914893617,0.0,2.0,0.0
350,2024-12-16 00:00:00+00:00,renewable_shift,seasonal_naive,-17.9183064810799,94.65037436391181,112.5686808449917,111.46767396892892,-111.46767396892892,0.0,0.0,8.01531914893617,0.0,2.0,0.0
350,2024-12-16 00:00:00+00:00,renewable_shift,median_risk_neutral,-6.698884749557507,94.65037436391181,101.34925911346932,32.88607774875605,-32.88607774875605,0.0,0.0,6.011489361702127,0.0,2.0,0.0
350,2024-12-16 00:00:00+00:00,renewable_shift,raw_cvar,-10.3116239455939,94.65037436391181,104.9619983095057,30.804038603393447,-18.16014756636645,0.0,0.0,6.011489361702127,0.0,2.0,0.0
350,2024-12-16 00:00:00+00:00,renewable_shift,static_cvar,-10.757395149703441,94.65037436391181,105.40776951361525,29.61932961886424,-5.7634229191120445,0.0,0.0,6.011489361702128,-0.0,2.0,0.0
350,2024-12-16 00:00:00+00:00,renewable_shift,adaptive_risk_neutral,-5.998413515234789,94.65037436391181,100.6487878791466,33.99349116529719,0.06507899404881368,0.0,0.0,7.895089361702127,0.0,2.0,0.0
350,2024-12-16 00:00:00+00:00,renewable_shift,adaptive_cvar,-6.915072304546908,94.65037436391181,101.56544666845872,33.37893319093361,-6.331674691380229,0.0,0.0,6.150011047467311,0.0,2.0,0.0
350,2024-12-16 00:00:00+00:00,renewable_shift,oracle,94.65037436391181,94.65037436391181,0.0,94.65037436391181,-94.65037436391181,0.0,0.0,9.658459574468084,0.0,2.0,0.0
351,2024-12-17 00:00:00+00:00,renewable_shift,seasonal_naive,-69.94846810742993,52.757597924308094,122.70606603173803,94.65037436391181,-94.65037436391181,0.0,0.0,9.658459574468084,0.0,2.0,0.0
351,2024-12-17 00:00:00+00:00,renewable_shift,median_risk_neutral,11.9902894459096,52.757597924308094,40.76730847839849,13.013342303580867,-13.013342303580867,0.0,0.0,4.263467632412857,0.1200000000000001,2.0,0.0
351,2024-12-17 00:00:00+00:00,renewable_shift,raw_cvar,9.303753601155409,52.757597924308094,43.45384432315269,10.281310117949806,-5.0423918851657366,0.0,0.0,2.641997593915149,0.6815259406029731,2.0,0.0
351,2024-12-17 00:00:00+00:00,renewable_shift,static_cvar,0.5899747087782536,52.757597924308094,52.167623215529844,5.84438337294321,0.9857410938928644,0.0,0.0,2.0179032634337424,1.0,2.0,0.0
351,2024-12-17 00:00:00+00:00,renewable_shift,adaptive_risk_neutral,0.3184744253957721,52.757597924308094,52.43912349891232,12.95920236678774,11.02567304010232,0.0,0.0,4.135563603440471,-0.0,2.0,0.0
351,2024-12-17 00:00:00+00:00,renewable_shift,adaptive_cvar,-0.6958864606108524,52.757597924308094,53.453484384918944,8.991563973655872,2.5055772608743077,0.0,0.0,2.324709316871316,0.8398668730839682,2.0,0.0
351,2024-12-17 00:00:00+00:00,renewable_shift,oracle,52.757597924308094,52.757597924308094,0.0,52.757597924308094,-52.757597924308094,0.0,0.0,7.774859574468085,-0.0,2.0,0.0
352,2024-12-18 00:00:00+00:00,renewable_shift,seasonal_naive,-31.87166787345153,96.08538367336755,127.95705154681907,52.757597924308094,-52.757597924308094,0.0,0.0,7.774859574468085,-0.0,2.0,0.0
352,2024-12-18 00:00:00+00:00,renewable_shift,median_risk_neutral,90.16898462230131,96.08538367336755,5.916399051066236,34.90250926410778,-34.90250926410778,0.0,0.0,6.139393390674513,0.0,2.0,0.0
352,2024-12-18 00:00:00+00:00,renewable_shift,raw_cvar,63.55440629608918,96.08538367336755,32.53097737727837,26.56389099939709,-6.320867122236817,0.0,0.0,4.512259713503827,0.8120119221386947,2.0,0.0
352,2024-12-18 00:00:00+00:00,renewable_shift,static_cvar,45.95182025616575,96.08538367336755,50.13356341720179,22.059273595001102,-2.5985400579266726,0.0,0.0,4.135563603440471,0.3746145510100858,2.0,0.0
352,2024-12-18 00:00:00+00:00,renewable_shift,adaptive_risk_neutral,80.37715550428602,96.08538367336755,15.708228169081522,28.54759387511523,17.4505839190078,0.0,0.0,6.019163603440471,0.06000000000000005,2.0,0.0
352,2024-12-18 00:00:00+00:00,renewable_shift,adaptive_cvar,42.141531629351974,96.08538367336755,53.94385204401557,19.410003016563344,-3.3451523503299048,0.0,0.0,3.033061010237699,0.9835823912754227,2.0,0.0
352,2024-12-18 00:00:00+00:00,renewable_shift,oracle,96.08538367336755,96.08538367336755,0.0,96.08538367336755,-96.08538367336755,0.0,0.0,7.774859574468085,0.0,2.0,0.0
353,2024-12-19 00:00:00+00:00,renewable_shift,seasonal_naive,93.91771666265652,133.0022509326388,39.08453426998227,96.08538367336755,-96.08538367336755,0.0,0.0,7.774859574468085,0.0,2.0,0.0
353,2024-12-19 00:00:00+00:00,renewable_shift,median_risk_neutral,53.16761383755541,133.0022509326388,79.83463709508338,36.39304218552641,-36.39304218552641,0.0,0.0,6.139393390674513,-0.0,2.0,0.0
353,2024-12-19 00:00:00+00:00,renewable_shift,raw_cvar,38.5015870874347,133.0022509326388,94.50066384520409,26.921991662274518,-8.098804218565384,0.0,0.0,3.8874297872340424,1.0,2.0,0.0
353,2024-12-19 00:00:00+00:00,renewable_shift,static_cvar,37.146166490043235,133.0022509326388,95.85608444259555,24.358977136385885,-8.175349049196155,0.0,0.0,3.9043170327461616,0.5904911096063645,2.0,0.0
353,2024-12-19 00:00:00+00:00,renewable_shift,adaptive_risk_neutral,58.16500927855033,133.0022509326388,74.83724165408846,35.843484440947364,9.634107882849474,0.0,0.0,6.139393390674513,0.0,2.0,0.0
353,2024-12-19 00:00:00+00:00,renewable_shift,adaptive_cvar,48.28743762985187,133.0022509326388,84.71481330278692,32.93591439296937,-3.954069988391142,0.0,0.0,6.019163603440471,0.06000000000000005,2.0,0.0
353,2024-12-19 00:00:00+00:00,renewable_shift,oracle,133.0022509326388,133.0022509326388,0.0,133.0022509326388,-133.0022509326388,0.0,0.0,8.27112720688094,0.0,2.0,0.0
354,2024-12-20 00:00:00+00:00,renewable_shift,seasonal_naive,-5.014003663516682,17.468921191691294,22.482924855207976,133.0022509326388,-133.0022509326388,0.0,0.0,8.27112720688094,0.0,2.0,0.0
354,2024-12-20 00:00:00+00:00,renewable_shift,median_risk_neutral,-9.519996072875758,17.468921191691294,26.98891726456705,20.641091148936784,-20.641091148936784,0.0,0.0,4.13556360344047,0.0,2.0,0.0
354,2024-12-20 00:00:00+00:00,renewable_shift,raw_cvar,-5.6379906379078415,17.468921191691294,23.106911829599134,15.915990450995968,-4.401793450066395,0.0,0.0,2.177687472795223,0.9132372985625878,2.0,0.0
354,2024-12-20 00:00:00+00:00,renewable_shift,static_cvar,-6.178150844949988,17.468921191691294,23.647072036641283,18.034628604068082,-1.189520239313057,0.0,0.0,2.007616443549208,0.9981102904352008,2.0,0.0
354,2024-12-20 00:00:00+00:00,renewable_shift,adaptive_risk_neutral,-6.179768950663678,17.468921191691294,23.648690142354972,15.801259029920214,6.047171521522844,0.0,0.0,2.0038297872340425,1.0,2.0,0.0
354,2024-12-20 00:00:00+00:00,renewable_shift,adaptive_cvar,-6.728281545586072,17.468921191691294,24.197202737277365,13.729027528839378,0.1645720083724891,0.0,0.0,2.0038297872340425,1.0,2.0,0.0
354,2024-12-20 00:00:00+00:00,renewable_shift,oracle,17.468921191691294,17.468921191691294,0.0,17.468921191691294,-17.468921191691294,0.0,0.0,6.019163603440471,0.06000000000000005,2.0,0.0
355,2024-12-21 00:00:00+00:00,renewable_shift,seasonal_naive,20.485964395798327,63.59653186126516,43.110567465466836,17.468921191691294,-17.468921191691294,0.0,0.0,6.019163603440471,0.06000000000000005,2.0,0.0
355,2024-12-21 00:00:00+00:00,renewable_shift,median_risk_neutral,41.16620242468395,63.59653186126516,22.43032943658121,9.507083317319605,-9.507083317319605,0.0,0.0,5.6508,0.06000000000000005,1.94,0.0
355,2024-12-21 00:00:00+00:00,renewable_shift,raw_cvar,25.803077634084346,63.59653186126516,37.79345422718082,10.747890497298688,1.8402719242112784,0.0,0.0,4.197247781004258,0.06000000000000005,1.214612929573159,0.0
355,2024-12-21 00:00:00+00:00,renewable_shift,static_cvar,0.0,63.59653186126516,63.59653186126516,0.0,0.0,0.0,0.0,0.0,1.0,1.0,0.0
355,2024-12-21 00:00:00+00:00,renewable_shift,adaptive_risk_neutral,20.372326290344045,63.59653186126516,43.224205570921114,7.182813430629155,19.265351097348603,0.0,0.0,3.8951040289723857,-0.0,1.0638297872340425,0.0
355,2024-12-21 00:00:00+00:00,renewable_shift,adaptive_cvar,0.0,63.59653186126516,63.59653186126516,0.0,0.0,0.0,0.0,0.0,1.0,1.0,0.0
355,2024-12-21 00:00:00+00:00,renewable_shift,oracle,63.59653186126516,63.59653186126516,0.0,63.59653186126516,-63.59653186126516,0.0,0.0,10.162401448619285,0.0,1.94,0.0
356,2024-12-22 00:00:00+00:00,renewable_shift,seasonal_naive,-50.70779076599784,46.37043973635642,97.07823050235426,63.59653186126516,-63.59653186126516,0.0,0.0,10.162401448619285,0.0,1.94,0.0
356,2024-12-22 00:00:00+00:00,renewable_shift,median_risk_neutral,-13.29874377067688,46.37043973635642,59.669183507033296,14.223520152211945,-14.223520152211945,0.0,0.0,4.135563603440471,-0.0,2.0,0.0
356,2024-12-22 00:00:00+00:00,renewable_shift,raw_cvar,-13.582453403950666,46.37043973635642,59.95289314030708,12.663479133674688,-2.9937477637960135,0.0,0.0,4.627080362487575,-0.0,2.0,0.0
356,2024-12-22 00:00:00+00:00,renewable_shift,static_cvar,0.7498288072230768,46.37043973635642,45.62061092913334,14.442044702845154,7.146655713808656,0.0,0.0,4.007659574468086,-0.0,2.0,0.0
356,2024-12-22 00:00:00+00:00,renewable_shift,adaptive_risk_neutral,-2.2221491034011827,46.37043973635642,48.592588839757596,10.362610608706389,8.529884117317575,0.0,0.0,4.007659574468085,-0.0,2.0,0.0
356,2024-12-22 00:00:00+00:00,renewable_shift,adaptive_cvar,-8.701717544348627,46.37043973635642,55.07215728070504,8.658408009905267,3.4814359351036708,0.0,0.0,4.007659574468085,-0.0,2.0,0.0
356,2024-12-22 00:00:00+00:00,renewable_shift,oracle,46.37043973635642,46.37043973635642,0.0,46.37043973635642,-46.37043973635642,0.0,0.0,7.5344,0.0,2.0,0.0
357,2024-12-23 00:00:00+00:00,renewable_shift,seasonal_naive,-28.215732223772452,70.50022996435384,98.71596218812628,46.37043973635642,-46.37043973635642,0.0,0.0,7.5344,0.0,2.0,0.0
357,2024-12-23 00:00:00+00:00,renewable_shift,median_risk_neutral,39.78026705925024,70.50022996435384,30.719962905103593,40.70941954275672,-40.70941954275672,0.0,0.0,6.019163603440471,0.0,2.0,0.0
357,2024-12-23 00:00:00+00:00,renewable_shift,raw_cvar,25.231047235719466,70.50022996435384,45.26918272863437,36.64044895376982,-8.909354598635842,0.0,0.0,6.019163603440471,-0.0,2.0,0.0
357,2024-12-23 00:00:00+00:00,renewable_shift,static_cvar,15.805688780112849,70.50022996435384,54.69454118424099,34.7883807219871,-3.8556387733897353,0.0,0.0,4.956868985378945,-0.0,2.0,0.0
357,2024-12-23 00:00:00+00:00,renewable_shift,adaptive_risk_neutral,25.231047235719466,70.50022996435384,45.26918272863437,35.050581195014765,0.602435402950567,0.0,0.0,6.019163603440471,0.0,2.0,0.0
357,2024-12-23 00:00:00+00:00,renewable_shift,adaptive_cvar,15.178718133721596,70.50022996435384,55.32151183063224,30.26733759145533,-7.380353644018956,0.0,0.0,4.536391607971069,0.0,2.0,0.0
357,2024-12-23 00:00:00+00:00,renewable_shift,oracle,70.50022996435384,70.50022996435384,0.0,70.50022996435384,-70.50022996435384,0.0,0.0,12.28646102308737,0.0,2.0,0.0
358,2024-12-24 00:00:00+00:00,renewable_shift,seasonal_naive,-11.481620087897326,39.29186270797821,50.77348279587554,70.33892737544971,-70.33892737544971,0.0,0.0,12.166231235853328,0.0,2.0,0.0
358,2024-12-24 00:00:00+00:00,renewable_shift,median_risk_neutral,23.560209624864804,39.29186270797821,15.731653083113407,28.661477310832133,-28.661477310832133,0.0,0.0,6.011489361702128,0.0,2.0,0.0
358,2024-12-24 00:00:00+00:00,renewable_shift,raw_cvar,14.488920474595938,39.29186270797821,24.802942233382275,25.69452089049001,-12.672316001499835,0.0,0.0,6.011489361702128,0.0,2.0,0.0
358,2024-12-24 00:00:00+00:00,renewable_shift,static_cvar,-0.6615329079236822,39.29186270797821,39.9533956159019,21.628223565882937,10.451200600491363,0.0,0.0,6.011489361702127,-0.0,2.0,0.0
358,2024-12-24 00:00:00+00:00,renewable_shift,adaptive_risk_neutral,13.306740104182376,39.29186270797821,25.985122603795837,21.865920852606752,8.12592489619052,0.0,0.0,6.011489361702128,-0.0,2.0,0.0
358,2024-12-24 00:00:00+00:00,renewable_shift,adaptive_cvar,5.622984443667317,39.29186270797821,33.66887826431089,20.048536170386335,2.7110469260124197,0.0,0.0,6.011489361702129,0.0,2.0,0.0
358,2024-12-24 00:00:00+00:00,renewable_shift,oracle,39.29186270797821,39.29186270797821,0.0,39.29186270797821,-39.29186270797821,0.0,0.0,9.538229787234043,-0.0,2.0,0.0
359,2024-12-25 00:00:00+00:00,renewable_shift,seasonal_naive,-13.84017345691679,55.74980919771315,69.58998265462994,39.29186270797821,-39.29186270797821,0.0,0.0,9.538229787234043,-0.0,2.0,0.0
359,2024-12-25 00:00:00+00:00,renewable_shift,median_risk_neutral,18.84538405775734,55.74980919771315,36.904425139955805,35.15631147939426,-35.15631147939426,0.0,0.0,8.01531914893617,0.0,2.0,0.0
359,2024-12-25 00:00:00+00:00,renewable_shift,raw_cvar,14.444443888233238,55.74980919771315,41.30536530947991,33.41955123787833,-20.35574974743312,0.0,0.0,8.01531914893617,0.0,2.0,0.0
359,2024-12-25 00:00:00+00:00,renewable_shift,static_cvar,19.09621562948054,55.74980919771315,36.65359356823261,33.0228812557715,-3.634354058090013,0.0,0.0,7.656184113181646,0.06000000000000005,2.0,0.0
359,2024-12-25 00:00:00+00:00,renewable_shift,adaptive_risk_neutral,14.26623934180833,55.74980919771315,41.48356985590482,39.15908465504273,-16.34947676997444,0.0,0.0,8.01531914893617,0.0,2.0,0.0
359,2024-12-25 00:00:00+00:00,renewable_shift,adaptive_cvar,14.98472649405997,55.74980919771315,40.76508270365318,38.92133659804372,-18.095822706817692,0.0,0.0,7.866782490327358,0.0,2.0,0.0
359,2024-12-25 00:00:00+00:00,renewable_shift,oracle,55.74980919771315,55.74980919771315,0.0,55.74980919771315,-55.74980919771315,0.0,0.0,11.542059574468084,0.0,2.0,0.0
360,2024-12-26 00:00:00+00:00,renewable_shift,seasonal_naive,-19.133715049542715,58.145313708960735,77.27902875850344,55.74980919771315,-55.74980919771315,0.0,0.0,11.542059574468084,0.0,2.0,0.0
360,2024-12-26 00:00:00+00:00,renewable_shift,median_risk_neutral,8.496904694405131,58.145313708960735,49.648409014555604,46.39063949516231,-46.39063949516231,0.0,0.0,6.139393390674513,-0.0,2.0,0.0
360,2024-12-26 00:00:00+00:00,renewable_shift,raw_cvar,14.802393630856184,58.145313708960735,43.342920078104555,44.34136608901971,-13.953573950579118,0.0,0.0,6.139393390674513,-0.0,2.0,0.0
360,2024-12-26 00:00:00+00:00,renewable_shift,static_cvar,9.915247029053322,58.145313708960735,48.23006667990741,35.625153771310366,-7.109839218737153,0.0,0.0,4.678151532391377,0.7292245417212507,2.0,0.0
360,2024-12-26 00:00:00+00:00,renewable_shift,adaptive_risk_neutral,8.07679628461048,58.145313708960735,50.068517424350254,45.6458935326132,-6.051932410422297,0.0,0.0,6.139393390674513,-0.0,2.0,0.0
360,2024-12-26 00:00:00+00:00,renewable_shift,adaptive_cvar,7.20611177848142,58.145313708960735,50.939201930479314,45.17454596750536,-7.065237334745125,0.0,0.0,6.162922168782832,0.06000000000000005,2.0,0.0
360,2024-12-26 00:00:00+00:00,renewable_shift,oracle,58.145313708960735,58.145313708960735,0.0,58.145313708960735,-58.145313708960735,0.0,0.0,8.526935264825713,0.0,2.0,0.0
361,2024-12-27 00:00:00+00:00,renewable_shift,seasonal_naive,-34.11582125965407,40.59809147682344,74.71391273647751,58.145313708960735,-58.145313708960735,0.0,0.0,8.526935264825713,0.0,2.0,0.0
361,2024-12-27 00:00:00+00:00,renewable_shift,median_risk_neutral,28.486049001867293,40.59809147682344,12.112042474956148,46.24405263249816,-46.24405263249816,0.0,0.0,4.13556360344047,0.0,2.0,0.0
361,2024-12-27 00:00:00+00:00,renewable_shift,raw_cvar,29.378772177546402,40.59809147682344,11.21931929927704,41.57872608236676,-19.6026881918624,0.0,0.0,4.007659574468086,-0.0,2.0,0.0
361,2024-12-27 00:00:00+00:00,renewable_shift,static_cvar,29.351959713101323,40.59809147682344,11.246131763722119,40.62522020144818,-14.764003263306147,0.0,0.0,4.007659574468085,-0.0,2.0,0.0
361,2024-12-27 00:00:00+00:00,renewable_shift,adaptive_risk_neutral,28.88028307749967,40.59809147682344,11.717808399323772,36.96073866388509,-2.8307324231307653,0.0,0.0,4.13556360344047,-0.0,2.0,0.0
361,2024-12-27 00:00:00+00:00,renewable_shift,adaptive_cvar,26.48293062459642,40.59809147682344,14.11516085222702,35.822817593070745,-10.661924949133809,0.0,0.0,4.007659574468086,-0.0,2.0,0.0
361,2024-12-27 00:00:00+00:00,renewable_shift,oracle,40.59809147682344,40.59809147682344,0.0,40.59809147682344,-40.59809147682344,0.0,0.0,4.135563603440471,0.0,2.0,0.0
362,2024-12-28 00:00:00+00:00,renewable_shift,seasonal_naive,9.953691219120978,58.56429898610298,48.61060776698201,40.59809147682344,-40.59809147682344,0.0,0.0,4.135563603440471,0.0,2.0,0.0
362,2024-12-28 00:00:00+00:00,renewable_shift,median_risk_neutral,7.365993969688567,58.56429898610298,51.198305016414416,3.454712187078906,-3.454712187078906,0.0,0.0,4.007659574468086,-0.0,2.0,0.0
362,2024-12-28 00:00:00+00:00,renewable_shift,raw_cvar,0.0,58.56429898610298,58.56429898610298,0.0,0.0,0.0,0.0,0.0,1.0,1.0,0.0
362,2024-12-28 00:00:00+00:00,renewable_shift,static_cvar,0.0,58.56429898610298,58.56429898610298,0.0,0.0,0.0,0.0,0.0,1.0,1.0,0.0
362,2024-12-28 00:00:00+00:00,renewable_shift,adaptive_risk_neutral,10.739946269367193,58.56429898610298,47.82435271673579,4.01803867080226,21.079161919656382,0.0,0.0,4.007659574468085,-0.0,2.0,0.0
362,2024-12-28 00:00:00+00:00,renewable_shift,adaptive_cvar,0.0,58.56429898610298,58.56429898610298,0.0,0.0,0.0,0.0,0.0,1.0,1.0,0.0
362,2024-12-28 00:00:00+00:00,renewable_shift,oracle,58.56429898610298,58.56429898610298,0.0,58.56429898610298,-58.56429898610298,0.0,0.0,10.162401448619285,-0.0,2.0,0.0
363,2024-12-29 00:00:00+00:00,renewable_shift,seasonal_naive,-81.31521731021652,26.05339488969564,107.36861219991216,58.56429898610298,-58.56429898610298,0.0,0.0,10.162401448619285,-0.0,2.0,0.0
363,2024-12-29 00:00:00+00:00,renewable_shift,median_risk_neutral,-9.584866701745668,26.05339488969564,35.63826159144131,7.685836678572516,-7.685836678572516,0.0,0.0,2.1317338162064283,0.9361702127659575,2.0,0.0
363,2024-12-29 00:00:00+00:00,renewable_shift,raw_cvar,-11.02980227790534,26.05339488969564,37.08319716760098,7.617053062450031,-1.4603650544959603,0.0,0.0,2.1317338162064283,0.9361702127659575,2.0,0.0
363,2024-12-29 00:00:00+00:00,renewable_shift,static_cvar,-32.953268260570084,26.05339488969564,59.00666315026572,11.754611261741802,5.638569264015562,0.0,0.0,4.231197478716592,0.3158244372409802,2.0,0.0
363,2024-12-29 00:00:00+00:00,renewable_shift,adaptive_risk_neutral,-33.707649193355564,26.05339488969564,59.7610440830512,11.69567866264006,9.333995436354124,0.0,0.0,4.135563603440471,-0.0,2.0,0.0
363,2024-12-29 00:00:00+00:00,renewable_shift,adaptive_cvar,-11.204360358574851,26.05339488969564,37.25775524827049,8.730555633012852,1.052216807503814,0.0,0.0,2.003829787234043,1.0,2.0,0.0
363,2024-12-29 00:00:00+00:00,renewable_shift,oracle,26.05339488969564,26.05339488969564,0.0,26.05339488969564,-26.05339488969564,0.0,0.0,8.150897419646899,0.0,2.0,0.0
364,2024-12-30 00:00:00+00:00,renewable_shift,seasonal_naive,-20.537984681820575,51.617759812557594,72.15574449437817,26.05339488969564,-26.05339488969564,0.0,0.0,8.150897419646899,0.0,2.0,0.0
364,2024-12-30 00:00:00+00:00,renewable_shift,median_risk_neutral,0.40881224042932196,51.617759812557594,51.208947572128274,43.64946612612179,-43.64946612612179,0.0,0.0,6.011489361702128,-0.0,2.0,0.0
364,2024-12-30 00:00:00+00:00,renewable_shift,raw_cvar,0.40881224042932196,51.617759812557594,51.208947572128274,41.25988870039667,-28.512355934073273,0.0,0.0,6.011489361702128,-0.0,2.0,0.0
364,2024-12-30 00:00:00+00:00,renewable_shift,static_cvar,-6.433324468495662,51.617759812557594,58.05108428105326,30.138501831337926,-6.571122164745773,0.0,0.0,5.557019871886703,0.0,2.0,0.0
364,2024-12-30 00:00:00+00:00,renewable_shift,adaptive_risk_neutral,-0.9038890182750396,51.617759812557594,52.52164883083263,37.70532410759531,-14.67538008473935,0.0,0.0,6.139393390674513,-0.0,2.0,0.0
364,2024-12-30 00:00:00+00:00,renewable_shift,adaptive_cvar,-6.210596256274275,51.617759812557594,57.828356068831866,37.391746478067354,-16.837902457326315,0.0,0.0,7.697322136955433,-0.0,2.0,0.0
364,2024-12-30 00:00:00+00:00,renewable_shift,oracle,51.617759812557594,51.617759812557594,0.0,51.617759812557594,-51.617759812557594,0.0,0.0,11.669963603440472,0.0,2.0,0.0
365,2024-12-31 00:00:00+00:00,renewable_shift,seasonal_naive,-28.319981203610595,64.66789764596544,92.98787884957603,51.617759812557594,-51.617759812557594,0.0,0.0,11.669963603440472,0.0,2.0,0.0
365,2024-12-31 00:00:00+00:00,renewable_shift,median_risk_neutral,5.215456584337847,64.66789764596544,59.452441061627596,22.093383617334858,-22.093383617334858,0.0,0.0,4.135563603440471,0.0,2.0,0.0
365,2024-12-31 00:00:00+00:00,renewable_shift,raw_cvar,6.526741540736435,64.66789764596544,58.141156105229,19.70626052339084,-10.683077957575472,0.0,0.0,4.1545852369793055,0.0,2.0,0.0
365,2024-12-31 00:00:00+00:00,renewable_shift,static_cvar,12.697056111194588,64.66789764596544,51.970841534770855,18.772584608750044,-2.901964368125245,0.0,0.0,4.490656179059378,0.0,2.0,0.0
365,2024-12-31 00:00:00+00:00,renewable_shift,adaptive_risk_neutral,6.090148010285123,64.66789764596544,58.57774963568032,22.802274514373718,0.9425809097744514,0.0,0.0,4.135563603440471,-0.0,2.0,0.0
365,2024-12-31 00:00:00+00:00,renewable_shift,adaptive_cvar,21.717979417217975,64.66789764596544,42.949918228747464,21.139828429034974,-4.109359233614026,0.0,0.0,4.007659574468085,-0.0,2.0,0.0
365,2024-12-31 00:00:00+00:00,renewable_shift,oracle,64.66789764596544,64.66789764596544,0.0,64.66789764596544,-64.66789764596544,0.0,0.0,11.421829787234042,0.0,2.0,0.0
366,2025-01-01 00:00:00+00:00,renewable_shift,seasonal_naive,-64.75637598150388,61.848853883359055,126.60522986486293,64.66789764596544,-64.66789764596544,0.0,0.0,11.421829787234042,0.0,2.0,0.0
366,2025-01-01 00:00:00+00:00,renewable_shift,median_risk_neutral,10.838262123191274,61.848853883359055,51.010591760167785,21.438087604509075,-21.438087604509075,0.0,0.0,3.8874297872340424,0.06000000000000005,2.0,0.0
366,2025-01-01 00:00:00+00:00,renewable_shift,raw_cvar,13.977287189886319,61.848853883359055,47.87156669347274,18.778881337417747,-7.066090084809846,0.0,0.0,4.259484668446305,0.23717456041024987,2.0,0.0
366,2025-01-01 00:00:00+00:00,renewable_shift,static_cvar,7.159306906046687,61.848853883359055,54.68954697731237,15.380611393785673,-2.844229521211865,0.0,0.0,2.1725828721865144,0.9157847208243133,2.0,0.0
366,2025-01-01 00:00:00+00:00,renewable_shift,adaptive_risk_neutral,22.44903954889795,61.848853883359055,39.399814334461105,18.64351539373836,1.0869922696105165,0.0,0.0,3.8951040289723857,0.1200000000000001,2.0,0.0
366,2025-01-01 00:00:00+00:00,renewable_shift,adaptive_cvar,17.592626221344965,61.848853883359055,44.25622766201409,17.12716893284793,-2.5049665440796502,0.0,0.0,2.9445010462248256,0.5305632918606201,2.0,0.0
366,2025-01-01 00:00:00+00:00,renewable_shift,oracle,61.848853883359055,61.848853883359055,0.0,61.848853883359055,-61.848853883359055,0.0,0.0,9.914267632412857,0.0,2.0,0.0
367,2025-01-02 00:00:00+00:00,renewable_shift,seasonal_naive,-54.29383080305216,35.94338871320774,90.2372195162599,61.848853883359055,-61.848853883359055,0.0,0.0,9.914267632412857,0.0,2.0,0.0
367,2025-01-02 00:00:00+00:00,renewable_shift,median_risk_neutral,-13.496797153704497,35.94338871320774,49.44018586691224,24.15825992741341,-24.15825992741341,0.0,0.0,6.019163603440471,0.06000000000000005,2.0,0.0
367,2025-01-02 00:00:00+00:00,renewable_shift,raw_cvar,-12.094542422945054,35.94338871320774,48.03793113615279,18.919780493116075,-5.942101667954639,0.0,0.0,4.868360456189208,0.06000000000000005,2.0,0.0
367,2025-01-02 00:00:00+00:00,renewable_shift,static_cvar,9.76784420491071,35.94338871320774,26.17554450829703,17.565975669217803,1.8931642260987043,0.0,0.0,2.944109887417822,0.5307584974661538,2.0,0.0
367,2025-01-02 00:00:00+00:00,renewable_shift,adaptive_risk_neutral,-14.139606729757977,35.94338871320774,50.08299544296572,21.134750434481848,5.932837656089828,0.0,0.0,6.019163603440471,0.06000000000000005,2.0,0.0
367,2025-01-02 00:00:00+00:00,renewable_shift,adaptive_cvar,-4.203629814075185,35.94338871320774,40.147018527282924,15.606711834396584,-3.921904165481513,0.0,0.0,4.0738356598750824,0.4987743162210445,2.0,0.0
367,2025-01-02 00:00:00+00:00,renewable_shift,oracle,35.94338871320774,35.94338871320774,0.0,35.94338871320774,-35.94338871320774,0.0,0.0,7.654629787234041,0.1200000000000001,2.0,0.0
368,2025-01-03 00:00:00+00:00,renewable_shift,seasonal_naive,-29.97040325747439,33.47263927876237,63.44304253623676,35.94338871320774,-35.94338871320774,0.0,0.0,7.654629787234041,0.1200000000000001,2.0,0.0
368,2025-01-03 00:00:00+00:00,renewable_shift,median_risk_neutral,13.023042604221889,33.47263927876237,20.449596674540484,22.0438903905258,-22.0438903905258,0.0,0.0,5.891259574468085,0.0,2.0,0.0
368,2025-01-03 00:00:00+00:00,renewable_shift,raw_cvar,12.755284932192978,33.47263927876237,20.717354346569394,18.364292112246904,-0.6449861337502399,0.0,0.0,3.8874297872340424,0.9361702127659575,2.0,0.0
368,2025-01-03 00:00:00+00:00,renewable_shift,static_cvar,9.741177960995428,33.47263927876237,23.731461317766943,19.844221449818452,6.019967435439477,0.0,0.0,3.608050296248515,0.546187768400336,2.0,0.0
368,2025-01-03 00:00:00+00:00,renewable_shift,adaptive_risk_neutral,14.794757442554154,33.47263927876237,18.67788183620822,20.83738409019005,10.024670036198339,0.0,0.0,4.263467632412857,0.8123404255319149,2.0,0.0
368,2025-01-03 00:00:00+00:00,renewable_shift,adaptive_cvar,8.265216876580329,33.47263927876237,25.207422402182043,15.996987483754824,-2.7609877332861883,0.0,0.0,2.5246501779856696,0.9034206317995679,2.0,0.0
368,2025-01-03 00:00:00+00:00,renewable_shift,oracle,33.47263927876237,33.47263927876237,0.0,33.47263927876237,-33.47263927876237,0.0,0.0,7.895089361702127,0.0,2.0,0.0
369,2025-01-04 00:00:00+00:00,renewable_shift,seasonal_naive,-17.272722869603385,56.77247151866576,74.04519438826915,33.47263927876237,-33.47263927876237,0.0,0.0,7.895089361702127,0.0,2.0,0.0
369,2025-01-04 00:00:00+00:00,renewable_shift,median_risk_neutral,18.54692912427452,56.77247151866576,38.22554239439124,32.521208284706844,-32.521208284706844,0.0,0.0,7.774859574468085,0.0,2.0,0.0
369,2025-01-04 00:00:00+00:00,renewable_shift,raw_cvar,25.173211738139916,56.77247151866576,31.599259780525845,22.626250241323554,-7.944871659808989,0.0,0.0,5.86919398011023,-0.0,2.0,0.0
369,2025-01-04 00:00:00+00:00,renewable_shift,static_cvar,16.316484507986935,56.77247151866576,40.455987010678825,10.43846933407782,6.381949219427703,0.0,0.0,2.0898858316486004,-0.0,1.042945785596562,0.0
369,2025-01-04 00:00:00+00:00,renewable_shift,adaptive_risk_neutral,1.2246939284046956,56.77247151866576,55.54777759026106,20.05314813493501,0.11690285052760292,0.0,0.0,5.891259574468085,-0.0,2.0,0.0
369,2025-01-04 00:00:00+00:00,renewable_shift,adaptive_cvar,10.493239912985555,56.77247151866576,46.27923160568021,18.498735099949776,-4.458748742679568,0.0,0.0,4.13556360344047,-0.0,2.0,0.0
369,2025-01-04 00:00:00+00:00,renewable_shift,oracle,56.77247151866576,56.77247151866576,0.0,56.77247151866576,-56.77247151866576,0.0,0.0,11.797867632412856,0.0,2.0,0.0
370,2025-01-05 00:00:00+00:00,renewable_shift,seasonal_naive,-47.4828611705696,38.372471875634574,85.85533304620418,56.77247151866576,-56.77247151866576,0.0,0.0,11.797867632412856,0.0,2.0,0.0
370,2025-01-05 00:00:00+00:00,renewable_shift,median_risk_neutral,-18.523673988904363,38.372471875634574,56.89614586453894,17.869077934548486,-17.869077934548486,0.0,0.0,6.019163603440471,0.06000000000000005,2.0,0.0
370,2025-01-05 00:00:00+00:00,renewable_shift,raw_cvar,-17.345281779553595,38.372471875634574,55.71775365518817,14.310064679585583,-1.646128041933317,0.0,0.0,5.771029787234043,0.06000000000000005,2.0,0.0
370,2025-01-05 00:00:00+00:00,renewable_shift,static_cvar,1.4393918316348486,38.372471875634574,36.93308004399972,11.789997477384448,4.12574494850293,0.0,0.0,3.618137751638222,0.33517676287892373,2.0,0.0
370,2025-01-05 00:00:00+00:00,renewable_shift,adaptive_risk_neutral,-0.9614264767432328,38.372471875634574,39.33389835237781,14.499384564701925,23.460954393252152,0.0,0.0,7.654629787234042,0.0,2.0,0.0
370,2025-01-05 00:00:00+00:00,renewable_shift,adaptive_cvar,15.299212794771192,38.372471875634574,23.07325908086338,8.860383618664573,-0.41043829172551827,0.0,0.0,2.588933931516583,0.792599698407473,2.0,0.0
370,2025-01-05 00:00:00+00:00,renewable_shift,oracle,38.372471875634574,38.372471875634574,0.0,38.372471875634574,-38.372471875634574,0.0,0.0,9.538229787234043,-0.0,2.0,0.0
371,2025-01-06 00:00:00+00:00,renewable_shift,seasonal_naive,-50.91511865299398,33.146835861499966,84.06195451449395,38.95309088008568,-38.95309088008568,0.0,0.0,9.538229787234043,-0.0,2.0,0.0
371,2025-01-06 00:00:00+00:00,renewable_shift,median_risk_neutral,-12.01312023239722,33.146835861499966,45.159956093897186,10.804765425473587,-10.804765425473587,0.0,0.0,2.1317338162064283,0.9361702127659575,2.0,0.0
371,2025-01-06 00:00:00+00:00,renewable_shift,raw_cvar,-4.420961202366933,33.146835861499966,37.5677970638669,6.514894795387314,0.7308813314196841,0.0,0.0,2.0038297872340425,1.0,2.0,0.0
371,2025-01-06 00:00:00+00:00,renewable_shift,static_cvar,-3.838671779130334,33.146835861499966,36.9855076406303,4.466203484312527,3.9809813927852544,0.0,0.0,2.2300105805251036,1.0,2.0,0.0
371,2025-01-06 00:00:00+00:00,renewable_shift,adaptive_risk_neutral,-11.93424910843872,33.146835861499966,45.081084969938686,9.814223043888598,8.7356008436384,0.0,0.0,2.1317338162064283,0.9361702127659575,2.0,0.0
371,2025-01-06 00:00:00+00:00,renewable_shift,adaptive_cvar,-3.949662307555243,33.146835861499966,37.09649816905521,5.901195050576524,1.6044742218454375,0.0,0.0,2.0038297872340425,1.0,2.0,0.0
371,2025-01-06 00:00:00+00:00,renewable_shift,oracle,33.146835861499966,33.146835861499966,0.0,33.146835861499966,-33.146835861499966,0.0,0.0,13.553563603440471,0.0,2.0,0.0
372,2025-01-07 00:00:00+00:00,renewable_shift,seasonal_naive,-105.17995415392555,60.40709965505027,165.5870538089758,33.146835861499966,-33.146835861499966,0.0,0.0,13.553563603440471,0.0,2.0,0.0
372,2025-01-07 00:00:00+00:00,renewable_shift,median_risk_neutral,18.803352489786377,60.40709965505027,41.60374716526389,33.16260165670767,-33.16260165670767,0.0,0.0,7.895089361702127,-0.0,2.0,0.0
372,2025-01-07 00:00:00+00:00,renewable_shift,raw_cvar,10.31792062699622,60.40709965505027,50.08917902805405,26.646572109292716,-19.336060538170823,0.0,0.0,5.0428021559497935,-0.0,2.0,0.0
372,2025-01-07 00:00:00+00:00,renewable_shift,static_cvar,-17.474627926849386,60.40709965505027,77.88172758189965,30.085990195463726,-8.171031571895114,0.0,0.0,6.386682671282165,-0.0,2.0,0.0
372,2025-01-07 00:00:00+00:00,renewable_shift,adaptive_risk_neutral,-19.3049950837025,60.40709965505027,79.71209473875277,31.805221488067325,-12.393135385845206,0.0,0.0,6.019163603440471,-0.0,2.0,0.0
372,2025-01-07 00:00:00+00:00,renewable_shift,adaptive_cvar,-15.168768104037508,60.40709965505027,75.57586775908777,31.014704946192033,-15.348864948568997,0.0,0.0,5.62317515285916,-0.0,2.0,0.0
372,2025-01-07 00:00:00+00:00,renewable_shift,oracle,60.40709965505027,60.40709965505027,0.0,60.40709965505027,-60.40709965505027,0.0,0.0,7.782533816206428,0.0,2.0,0.0
373,2025-01-08 00:00:00+00:00,renewable_shift,seasonal_naive,-31.196207497064474,104.01536819921114,135.21157569627562,60.40709965505027,-60.40709965505027,0.0,0.0,7.782533816206428,0.0,2.0,0.0
373,2025-01-08 00:00:00+00:00,renewable_shift,median_risk_neutral,25.732562054581223,104.01536819921114,78.28280614462992,36.054232836530375,-36.054232836530375,0.0,0.0,7.654629787234042,0.0,2.0,0.0
373,2025-01-08 00:00:00+00:00,renewable_shift,raw_cvar,55.25386827532596,104.01536819921114,48.76149992388518,31.041215858344472,-1.9040486846545714,0.0,0.0,3.8874297872340424,0.06000000000000005,2.0,0.0
373,2025-01-08 00:00:00+00:00,renewable_shift,static_cvar,29.992067406593875,104.01536819921114,74.02330079261726,25.62411440001505,-8.283388864166069,0.0,0.0,3.4844956254015034,1.0,2.0,0.0
373,2025-01-08 00:00:00+00:00,renewable_shift,adaptive_risk_neutral,40.36553510914763,104.01536819921114,63.64983309006351,34.92222265442568,16.802216181109966,0.0,0.0,6.139393390674513,0.0,2.0,0.0
373,2025-01-08 00:00:00+00:00,renewable_shift,adaptive_cvar,35.17520026557722,104.01536819921114,68.84016793363392,28.294800395019553,0.23876604627558656,0.0,0.0,5.450759575824895,0.3436588373108098,2.0,0.0
373,2025-01-08 00:00:00+00:00,renewable_shift,oracle,104.01536819921114,104.01536819921114,0.0,104.01536819921114,-104.01536819921114,0.0,0.0,9.89891914893617,0.0,2.0,0.0
374,2025-01-09 00:00:00+00:00,renewable_shift,seasonal_naive,-26.233887668188913,167.92473163571864,194.15861930390756,104.01536819921114,-104.01536819921114,0.0,0.0,9.89891914893617,0.0,2.0,0.0
374,2025-01-09 00:00:00+00:00,renewable_shift,median_risk_neutral,4.273688792237353,167.92473163571864,163.6510428434813,15.01725345925035,-15.01725345925035,0.0,0.0,2.1317338162064283,0.8761702127659574,1.94,0.0
374,2025-01-09 00:00:00+00:00,renewable_shift,raw_cvar,4.273688792237353,167.92473163571864,163.6510428434813,15.037591142521553,2.9617936229607946,0.0,0.0,2.1317338162064283,0.8761702127659574,1.94,0.0
374,2025-01-09 00:00:00+00:00,renewable_shift,static_cvar,8.973772438972121,167.92473163571864,158.9509591967465,15.426591531548427,4.820004242942959,0.0,0.0,2.5607405586788863,0.6620768076246798,1.94,0.0
374,2025-01-09 00:00:00+00:00,renewable_shift,adaptive_risk_neutral,4.273688792237353,167.92473163571864,163.6510428434813,19.085304158523332,2.354559201905371,0.0,0.0,2.1317338162064283,0.8761702127659574,1.94,0.0
374,2025-01-09 00:00:00+00:00,renewable_shift,adaptive_cvar,2.843878817720481,167.92473163571864,165.08085281799816,18.92238241159954,2.132689518505627,0.0,0.0,2.1317338162064283,0.8761702127659574,1.94,0.0
374,2025-01-09 00:00:00+00:00,renewable_shift,oracle,167.92473163571864,167.92473163571864,0.0,167.92473163571864,-167.92473163571864,0.0,0.0,7.895089361702128,-0.0,2.0,0.0
375,2025-01-10 00:00:00+00:00,renewable_shift,seasonal_naive,-18.23034532501882,44.43507911217208,62.66542443719091,167.92473163571864,-167.92473163571864,0.0,0.0,7.895089361702128,-0.0,2.0,0.0
375,2025-01-10 00:00:00+00:00,renewable_shift,median_risk_neutral,-21.61791164879975,44.43507911217208,66.05299076097184,10.599741019706903,-10.599741019706903,0.0,0.0,4.007659574468085,-0.0,2.0,0.0
375,2025-01-10 00:00:00+00:00,renewable_shift,raw_cvar,-0.6946566975195401,44.43507911217208,45.129735809691624,8.449988970523338,0.19135899428820066,0.0,0.0,2.8827306668128942,0.5613894527478656,2.0,0.0
375,2025-01-10 00:00:00+00:00,renewable_shift,static_cvar,-6.918437300961319,44.43507911217208,51.353516413133406,4.622698167876354,4.8701200162776965,0.0,0.0,2.453789519472575,0.7754501230068908,2.0,0.0
375,2025-01-10 00:00:00+00:00,renewable_shift,adaptive_risk_neutral,-9.401628669880711,44.43507911217208,53.8367077820528,9.741482694683704,17.039686294525417,0.0,0.0,4.007659574468085,0.0,2.0,0.0
375,2025-01-10 00:00:00+00:00,renewable_shift,adaptive_cvar,-9.407140444187908,44.43507911217208,53.84221955635999,6.453080714447653,2.096660983231009,0.0,0.0,2.8745254888984944,0.5654842006983518,2.0,0.0
375,2025-01-10 00:00:00+00:00,renewable_shift,oracle,44.43507911217208,44.43507911217208,0.0,44.43507911217208,-44.43507911217208,0.0,0.0,10.65866908103214,0.0,2.0,0.0
376,2025-01-11 00:00:00+00:00,renewable_shift,seasonal_naive,-4.175638076539798,63.21640047609641,67.39203855263621,44.43507911217208,-44.43507911217208,0.0,0.0,10.65866908103214,0.0,2.0,0.0
376,2025-01-11 00:00:00+00:00,renewable_shift,median_risk_neutral,-11.113353841376938,63.21640047609641,74.32975431747334,16.560829650136675,-16.560829650136675,0.0,0.0,6.139393390674513,0.0,2.0,0.0
376,2025-01-11 00:00:00+00:00,renewable_shift,raw_cvar,-22.440450832708578,63.21640047609641,85.65685130880499,12.828447165920851,-2.970516253584322,0.0,0.0,5.149531841032777,0.49398484639160756,2.0,0.0
376,2025-01-11 00:00:00+00:00,renewable_shift,static_cvar,0.0,63.21640047609641,63.21640047609641,0.0,0.0,0.0,0.0,0.0,1.0,1.0,0.0
376,2025-01-11 00:00:00+00:00,renewable_shift,adaptive_risk_neutral,-18.5597520945579,63.21640047609641,81.77615257065432,13.119858009787537,12.448341687888773,0.0,0.0,5.771029787234042,0.1200000000000001,2.0,0.0
376,2025-01-11 00:00:00+00:00,renewable_shift,adaptive_cvar,-15.404014301867008,63.21640047609641,78.62041477796342,12.126828014656748,5.181952351376353,0.0,0.0,4.5544991585187695,0.7271027771248446,2.0,0.0
376,2025-01-11 00:00:00+00:00,renewable_shift,oracle,63.21640047609641,63.21640047609641,0.0,63.21640047609641,-63.21640047609641,0.0,0.0,11.669963603440472,0.0,2.0,0.0
377,2025-01-12 00:00:00+00:00,renewable_shift,seasonal_naive,-19.220334224235092,54.84986752858261,74.0702017528177,63.21640047609641,-63.21640047609641,0.0,0.0,11.669963603440472,0.0,2.0,0.0
377,2025-01-12 00:00:00+00:00,renewable_shift,median_risk_neutral,8.805336270430255,54.84986752858261,46.044531258152354,21.267361249755965,-21.267361249755965,0.0,0.0,4.007659574468085,-0.0,2.0,0.0
377,2025-01-12 00:00:00+00:00,renewable_shift,raw_cvar,24.60615513039899,54.84986752858261,30.243712398183618,17.63131984296245,-5.634507493375637,0.0,0.0,4.007659574468085,-0.0,2.0,0.0
377,2025-01-12 00:00:00+00:00,renewable_shift,static_cvar,14.561745950154638,54.84986752858261,40.28812157842797,17.774624764902946,-4.6815379858327635,0.0,0.0,2.58498469279824,0.7099779086693854,2.0,0.0
377,2025-01-12 00:00:00+00:00,renewable_shift,adaptive_risk_neutral,16.50693415867034,54.84986752858261,38.34293336991227,19.461708083757195,5.134232420979668,0.0,0.0,4.007659574468085,-0.0,2.0,0.0
377,2025-01-12 00:00:00+00:00,renewable_shift,adaptive_cvar,19.00593080204198,54.84986752858261,35.843936726540626,17.894165688527412,0.0579068754553731,0.0,0.0,4.007659574468085,-0.0,2.0,0.0
377,2025-01-12 00:00:00+00:00,renewable_shift,oracle,54.84986752858261,54.84986752858261,0.0,54.84986752858261,-54.84986752858261,0.0,0.0,7.895089361702128,0.0,2.0,0.0
378,2025-01-13 00:00:00+00:00,renewable_shift,seasonal_naive,-26.717310936410453,48.9650452970417,75.68235623345215,54.84986752858261,-54.84986752858261,0.0,0.0,7.895089361702128,0.0,2.0,0.0
378,2025-01-13 00:00:00+00:00,renewable_shift,median_risk_neutral,-2.522432150307859,48.9650452970417,51.487477447349555,33.46235941422074,-33.46235941422074,0.0,0.0,4.007659574468086,0.0,2.0,0.0
378,2025-01-13 00:00:00+00:00,renewable_shift,raw_cvar,-2.860632228012604,48.9650452970417,51.8256775250543,31.141987719003644,-21.545058710715647,0.0,0.0,4.007659574468085,0.0,2.0,0.0
378,2025-01-13 00:00:00+00:00,renewable_shift,static_cvar,-4.462909329961424,48.9650452970417,53.427954627003125,23.34313048656634,-5.106215229586906,0.0,0.0,4.007659574468085,-0.0,2.0,0.0
378,2025-01-13 00:00:00+00:00,renewable_shift,adaptive_risk_neutral,-6.1303044692920015,48.9650452970417,55.0953497663337,26.720570196885923,3.385092270109812,0.0,0.0,4.13556360344047,0.0,2.0,0.0
378,2025-01-13 00:00:00+00:00,renewable_shift,adaptive_cvar,-9.763706334344072,48.9650452970417,58.72875163138577,23.978255872571697,-9.955020347814726,0.0,0.0,4.007659574468086,0.0,2.0,0.0
378,2025-01-13 00:00:00+00:00,renewable_shift,oracle,48.9650452970417,48.9650452970417,0.0,48.9650452970417,-48.9650452970417,0.0,0.0,6.019163603440471,0.0,2.0,0.0
379,2025-01-14 00:00:00+00:00,renewable_shift,seasonal_naive,-20.95362837563475,35.50057883431165,56.454207209946404,48.9650452970417,-48.9650452970417,0.0,0.0,6.019163603440471,0.0,2.0,0.0
379,2025-01-14 00:00:00+00:00,renewable_shift,median_risk_neutral,9.358690366499841,35.50057883431165,26.14188846781181,8.180327598904142,-8.180327598904142,0.0,0.0,2.003829787234043,1.0,2.0,0.0
379,2025-01-14 00:00:00+00:00,renewable_shift,raw_cvar,10.213242230922678,35.50057883431165,25.287336603388976,8.332797095302363,-1.96034122480654,0.0,0.0,2.0038297872340425,1.0,2.0,0.0
379,2025-01-14 00:00:00+00:00,renewable_shift,static_cvar,13.821980513969416,35.50057883431165,21.67859832034224,9.830573026853129,4.982937915055859,0.0,0.0,3.159468531244726,0.6892786830788253,2.0,0.0
379,2025-01-14 00:00:00+00:00,renewable_shift,adaptive_risk_neutral,11.971040533896486,35.50057883431165,23.52953830041517,10.426483769217226,14.200493172477415,0.0,0.0,3.7672,1.0,2.0,0.0
379,2025-01-14 00:00:00+00:00,renewable_shift,adaptive_cvar,-2.315635240490512,35.50057883431165,37.81621407480217,7.282429079473761,4.042552169740001,0.0,0.0,2.837736333012811,0.5838436223019523,2.0,0.0
379,2025-01-14 00:00:00+00:00,renewable_shift,oracle,35.50057883431165,35.50057883431165,0.0,35.50057883431165,-35.50057883431165,0.0,0.0,8.143223177908556,0.0,2.0,0.0
380,2025-01-15 00:00:00+00:00,renewable_shift,seasonal_naive,-36.78492949078992,74.68571897528774,111.47064846607766,35.50057883431165,-35.50057883431165,0.0,0.0,8.143223177908556,0.0,2.0,0.0
380,2025-01-15 00:00:00+00:00,renewable_shift,median_risk_neutral,13.182050291998538,74.68571897528774,61.503668683289206,18.14946709747492,-18.14946709747492,0.0,0.0,6.019163603440471,-0.0,2.0,0.0
380,2025-01-15 00:00:00+00:00,renewable_shift,raw_cvar,12.87601891351923,74.68571897528774,61.80970006176851,17.105517373331946,-3.2883583233278153,0.0,0.0,5.795585987997371,-0.0,2.0,0.0
380,2025-01-15 00:00:00+00:00,renewable_shift,static_cvar,5.95299461003394,74.68571897528774,68.7327243652538,16.11799650900879,7.791711506558014,0.0,0.0,4.401180239346036,0.0,2.0,0.0
380,2025-01-15 00:00:00+00:00,renewable_shift,adaptive_risk_neutral,12.411758299371455,74.68571897528774,62.273960675916285,14.690013842158232,10.2102273699241,0.0,0.0,6.019163603440471,0.0,2.0,0.0
380,2025-01-15 00:00:00+00:00,renewable_shift,adaptive_cvar,7.992158907387779,74.68571897528774,66.69356006789997,12.057996498049105,3.9572547764436075,0.0,0.0,4.13556360344047,-0.0,2.0,0.0
380,2025-01-15 00:00:00+00:00,renewable_shift,oracle,74.68571897528774,74.68571897528774,0.0,74.68571897528774,-74.68571897528774,0.0,0.0,15.189029787234041,0.0,2.0,0.0
381,2025-01-16 00:00:00+00:00,renewable_shift,seasonal_naive,-90.19559433650059,87.14599949694633,177.34159383344692,74.68571897528774,-74.68571897528774,0.0,0.0,15.189029787234041,0.0,2.0,0.0
381,2025-01-16 00:00:00+00:00,renewable_shift,median_risk_neutral,-24.99564875974976,87.14599949694633,112.14164825669609,36.89070789402282,-36.89070789402282,0.0,0.0,6.019163603440471,0.0,2.0,0.0
381,2025-01-16 00:00:00+00:00,renewable_shift,raw_cvar,-11.512157201499408,87.14599949694633,98.65815669844574,28.702581540552625,-12.908405443869773,0.0,0.0,6.01916360344047,-0.0,2.0,0.0
381,2025-01-16 00:00:00+00:00,renewable_shift,static_cvar,3.2297468446127944,87.14599949694633,83.91625265233354,23.214169370479336,-1.5337920797236109,0.0,0.0,5.980645872412793,0.0,2.0,0.0
381,2025-01-16 00:00:00+00:00,renewable_shift,adaptive_risk_neutral,-28.76178453930656,87.14599949694633,115.90778403625289,30.859778635639703,8.507268257113664,0.0,0.0,7.902763603440471,-0.0,2.0,0.0
381,2025-01-16 00:00:00+00:00,renewable_shift,adaptive_cvar,-7.9251671582155305,87.14599949694633,95.07116665516186,27.16928575712095,-1.4239357091086255,0.0,0.0,5.089564469761297,-0.0,2.0,0.0
381,2025-01-16 00:00:00+00:00,renewable_shift,oracle,87.14599949694633,87.14599949694633,0.0,87.14599949694633,-87.14599949694633,0.0,0.0,10.282631235853327,-0.0,2.0,0.0
382,2025-01-17 00:00:00+00:00,renewable_shift,seasonal_naive,-42.88667760428625,15.726701760194384,58.613379364480636,87.14599949694633,-87.14599949694633,0.0,0.0,10.282631235853327,-0.0,2.0,0.0
382,2025-01-17 00:00:00+00:00,renewable_shift,median_risk_neutral,-6.483431973273699,15.726701760194384,22.210133733468084,3.5916425909058507,-3.5916425909058507,0.0,0.0,3.8874297872340424,1.0,2.0,0.0
382,2025-01-17 00:00:00+00:00,renewable_shift,raw_cvar,2.176096802417896,15.726701760194384,13.550604957776489,5.171876843972754,-0.395760424680011,0.0,0.0,2.4183328407393905,1.0,2.0,0.0
382,2025-01-17 00:00:00+00:00,renewable_shift,static_cvar,7.151735991807433,15.726701760194384,8.574965768386951,9.581488953118544,8.652670577276192,0.0,0.0,2.455264317943131,0.7747141331139609,2.0,0.0
382,2025-01-17 00:00:00+00:00,renewable_shift,adaptive_risk_neutral,-15.50097075203665,15.726701760194384,31.227672512231035,11.488620160840558,17.004761657812477,0.0,0.0,5.771029787234042,0.06000000000000005,2.0,0.0
382,2025-01-17 00:00:00+00:00,renewable_shift,adaptive_cvar,-13.714726902792787,15.726701760194384,29.44142866298717,7.426225096123267,5.9915205881770595,0.0,0.0,3.4739215073907452,0.5589617865808928,1.94,0.0
382,2025-01-17 00:00:00+00:00,renewable_shift,oracle,15.726701760194384,15.726701760194384,0.0,15.726701760194384,-15.726701760194384,0.0,0.0,3.8874297872340424,1.0,2.0,0.0
383,2025-01-18 00:00:00+00:00,renewable_shift,seasonal_naive,-4.528991464759297,53.591449753213965,58.120441217973266,15.726701760194384,-15.726701760194384,0.0,0.0,3.8874297872340424,1.0,2.0,0.0
383,2025-01-18 00:00:00+00:00,renewable_shift,median_risk_neutral,17.486876539245355,53.591449753213965,36.10457321396861,11.72106011510665,-11.72106011510665,0.0,0.0,2.0038297872340425,1.0,2.0,0.0
383,2025-01-18 00:00:00+00:00,renewable_shift,raw_cvar,15.822657797803803,53.591449753213965,37.768791955410165,11.10117584347351,-6.788821787343432,0.0,0.0,2.003829787234043,1.0,2.0,0.0
383,2025-01-18 00:00:00+00:00,renewable_shift,static_cvar,10.168647034617766,53.591449753213965,43.4228027185962,10.080812344198103,0.8193268467708055,0.0,0.0,2.0038297872340425,1.0,2.0,0.0
383,2025-01-18 00:00:00+00:00,renewable_shift,adaptive_risk_neutral,14.430749299739572,53.591449753213965,39.16070045347439,13.01817865782982,-0.35974826270219956,0.0,0.0,2.1317338162064283,0.9361702127659575,2.0,0.0
383,2025-01-18 00:00:00+00:00,renewable_shift,adaptive_cvar,14.084835056856441,53.591449753213965,39.50661469635752,11.584958975293437,-4.2671391459290895,0.0,0.0,2.0038297872340425,1.0,2.0,0.0
383,2025-01-18 00:00:00+00:00,renewable_shift,oracle,53.591449753213965,53.591449753213965,0.0,53.591449753213965,-53.591449753213965,0.0,0.0,7.895089361702127,0.0,2.0,0.0
384,2025-01-19 00:00:00+00:00,renewable_shift,seasonal_naive,-12.297869051244586,37.07294200292124,49.37081105416583,53.591449753213965,-53.591449753213965,0.0,0.0,7.895089361702127,0.0,2.0,0.0
384,2025-01-19 00:00:00+00:00,renewable_shift,median_risk_neutral,10.942386810484082,37.07294200292124,26.130555192437157,9.793592678625474,-9.793592678625474,0.0,0.0,3.7672,1.0,2.0,0.0
384,2025-01-19 00:00:00+00:00,renewable_shift,raw_cvar,5.094904292739459,37.07294200292124,31.97803771018178,9.132682184640352,-4.152387155149502,0.0,0.0,2.1502516738699864,1.0,2.0,0.0
384,2025-01-19 00:00:00+00:00,renewable_shift,static_cvar,0.17233192567284483,37.07294200292124,36.900610077248395,12.209646922491014,0.942509448578729,0.0,0.0,2.854935975738809,0.5752602372082819,2.0,0.0
384,2025-01-19 00:00:00+00:00,renewable_shift,adaptive_risk_neutral,8.810672966686568,37.07294200292124,28.26226903623467,15.702487342752104,9.672976390158178,0.0,0.0,5.6508,0.1200000000000001,2.0,0.0
384,2025-01-19 00:00:00+00:00,renewable_shift,adaptive_cvar,10.182065340837907,37.07294200292124,26.89087666208333,13.383309177006614,2.6570450606677913,0.0,0.0,4.06834356078942,0.9097159974824511,2.0,0.0
384,2025-01-19 00:00:00+00:00,renewable_shift,oracle,37.07294200292124,37.07294200292124,0.0,37.07294200292124,-37.07294200292124,0.0,0.0,7.902763603440471,0.06000000000000005,2.0,0.0
385,2025-01-20 00:00:00+00:00,renewable_shift,seasonal_naive,-2.3327480538551733,66.23555014481761,68.56829819867278,37.07294200292124,-37.07294200292124,0.0,0.0,7.902763603440471,0.06000000000000005,2.0,0.0
385,2025-01-20 00:00:00+00:00,renewable_shift,median_risk_neutral,-8.18503937860777,66.23555014481761,74.42058952342538,21.61591080111765,-21.61591080111765,0.0,0.0,7.895089361702127,-0.0,2.0,0.0
385,2025-01-20 00:00:00+00:00,renewable_shift,raw_cvar,17.504805199866183,66.23555014481761,48.730744944951425,14.76601319846885,1.4960228440175072,0.0,0.0,2.1317338162064283,0.9361702127659575,2.0,0.0
385,2025-01-20 00:00:00+00:00,renewable_shift,static_cvar,13.902295930660728,66.23555014481761,52.33325421415688,10.368322339430836,7.596162278158968,0.0,0.0,2.176700772154543,0.8785534687154707,1.94,0.0
385,2025-01-20 00:00:00+00:00,renewable_shift,adaptive_risk_neutral,12.873372783500397,66.23555014481761,53.36217736131721,16.72891509835151,8.958315372458497,0.0,0.0,3.8874297872340424,0.06000000000000005,2.0,0.0
385,2025-01-20 00:00:00+00:00,renewable_shift,adaptive_cvar,16.869146749671522,66.23555014481761,49.36640339514609,16.564635347692235,0.8722340954606178,0.0,0.0,2.1317338162064283,0.8761702127659574,1.94,0.0
385,2025-01-20 00:00:00+00:00,renewable_shift,oracle,66.23555014481761,66.23555014481761,0.0,66.23555014481761,-66.23555014481761,0.0,0.0,10.0344974196469,0.0,2.0,0.0
386,2025-01-21 00:00:00+00:00,renewable_shift,seasonal_naive,18.524642032022143,43.36629413495823,24.841652102936088,66.23555014481761,-66.23555014481761,0.0,0.0,10.0344974196469,0.0,2.0,0.0
386,2025-01-21 00:00:00+00:00,renewable_shift,median_risk_neutral,6.481277562669028,43.36629413495823,36.8850165722892,10.918470794546176,-10.918470794546176,0.0,0.0,3.7672,0.0,1.88,0.0
386,2025-01-21 00:00:00+00:00,renewable_shift,raw_cvar,7.227084726379006,43.36629413495823,36.13920940857923,10.483437088791817,-2.1585964068142363,0.0,0.0,3.0564293978475447,-0.0,1.5252939233259142,0.0
386,2025-01-21 00:00:00+00:00,renewable_shift,static_cvar,13.834106800061518,43.36629413495823,29.53218733489671,10.55154961819461,0.4798328550157124,0.0,0.0,2.9305218291175654,-0.0,1.261822287199471,0.0
386,2025-01-21 00:00:00+00:00,renewable_shift,adaptive_risk_neutral,17.54359607333389,43.36629413495823,25.82269806162434,11.654355537518093,11.649170139523955,0.0,0.0,4.13556360344047,0.0,1.88,0.0
386,2025-01-21 00:00:00+00:00,renewable_shift,adaptive_cvar,10.601145864263309,43.36629413495823,32.76514827069492,9.36184565255713,1.0711197833958455,0.0,0.0,2.7064519847101525,0.0,1.3429211541411528,0.0
386,2025-01-21 00:00:00+00:00,renewable_shift,oracle,43.36629413495823,43.36629413495823,0.0,43.36629413495823,-43.36629413495823,0.0,0.0,7.90276360344047,0.0,2.0,0.0
387,2025-01-22 00:00:00+00:00,renewable_shift,seasonal_naive,-43.29078148396925,47.1507210168858,90.44150250085505,43.36629413495823,-43.36629413495823,0.0,0.0,7.90276360344047,0.0,2.0,0.0
387,2025-01-22 00:00:00+00:00,renewable_shift,median_risk_neutral,-1.2040097701441175,47.1507210168858,48.354730787029915,12.510550421907643,-12.510550421907643,0.0,0.0,4.007659574468085,0.0,2.0,0.0
387,2025-01-22 00:00:00+00:00,renewable_shift,raw_cvar,2.2509233034482703,47.1507210168858,44.89979771343753,11.157751004848858,-3.496692326028744,0.0,0.0,3.7091845888198898,0.14895226508245063,2.0,0.0
387,2025-01-22 00:00:00+00:00,renewable_shift,static_cvar,6.762935386022248,47.1507210168858,40.38778563086355,5.597254378111058,4.902538312738435,0.0,0.0,2.003829787234043,1.0,2.0,0.0
387,2025-01-22 00:00:00+00:00,renewable_shift,adaptive_risk_neutral,8.339413645216123,47.1507210168858,38.81130737166967,10.89108487843158,15.183881022314113,0.0,0.0,3.8874297872340424,0.06000000000000005,2.0,0.0
387,2025-01-22 00:00:00+00:00,renewable_shift,adaptive_cvar,4.171930602990679,47.1507210168858,42.97879041389512,9.280392665241951,3.2076829909733187,0.0,0.0,2.003829787234043,1.0,2.0,0.0
387,2025-01-22 00:00:00+00:00,renewable_shift,oracle,47.1507210168858,47.1507210168858,0.0,47.1507210168858,-47.1507210168858,0.0,0.0,7.895089361702127,0.0,2.0,0.0
388,2025-01-23 00:00:00+00:00,renewable_shift,seasonal_naive,-8.10287176429297,38.305662108509026,46.408533872801996,47.1507210168858,-47.1507210168858,0.0,0.0,7.895089361702127,0.0,2.0,0.0
388,2025-01-23 00:00:00+00:00,renewable_shift,median_risk_neutral,-0.5039219648439426,38.305662108509026,38.809584073352966,10.854150310921401,-10.854150310921401,0.0,0.0,3.8951040289723857,0.1200000000000001,2.0,0.0
388,2025-01-23 00:00:00+00:00,renewable_shift,raw_cvar,-1.8497711904723473,38.305662108509026,40.15543329898137,7.54484591212002,0.7760478160575475,0.0,0.0,2.780362912860832,-0.0,1.387524494632184,0.0
388,2025-01-23 00:00:00+00:00,renewable_shift,static_cvar,0.0,38.305662108509026,38.305662108509026,0.0,0.0,0.0,0.0,0.0,1.0,1.0,0.0
388,2025-01-23 00:00:00+00:00,renewable_shift,adaptive_risk_neutral,0.45888969828251014,38.305662108509026,37.846772410226514,11.724528554650504,11.760704817075508,0.0,0.0,4.13556360344047,-0.0,1.88,0.0
388,2025-01-23 00:00:00+00:00,renewable_shift,adaptive_cvar,3.8598846686918096,38.305662108509026,34.44577743981721,9.796258808702314,3.059975330109386,0.0,0.0,2.6353180825334737,0.6093967595713015,1.9245374463314762,0.0
388,2025-01-23 00:00:00+00:00,renewable_shift,oracle,38.305662108509026,38.305662108509026,0.0,38.305662108509026,-38.305662108509026,0.0,0.0,7.895089361702128,0.0,2.0,0.0
389,2025-01-24 00:00:00+00:00,renewable_shift,seasonal_naive,-21.496731237057393,39.75229282586494,61.24902406292233,38.305662108509026,-38.305662108509026,0.0,0.0,7.895089361702128,0.0,2.0,0.0
389,2025-01-24 00:00:00+00:00,renewable_shift,median_risk_neutral,9.644963373206995,39.75229282586494,30.107329452657947,32.646482653182815,-32.646482653182815,0.0,0.0,8.01531914893617,-0.0,2.0,0.0
389,2025-01-24 00:00:00+00:00,renewable_shift,raw_cvar,5.918147887830113,39.75229282586494,33.834144938034825,26.3949515662927,-13.199876045401023,0.0,0.0,6.301715553118905,-0.0,2.0,0.0
389,2025-01-24 00:00:00+00:00,renewable_shift,static_cvar,0.8484628596074479,39.75229282586494,38.90382996625749,15.76038488768681,-1.0245682826280667,0.0,0.0,4.306892600091154,0.42100000931175385,2.0,0.0
389,2025-01-24 00:00:00+00:00,renewable_shift,adaptive_risk_neutral,0.13940264343694508,39.75229282586494,39.612890182427996,21.301963807990603,20.50124908479573,0.0,0.0,7.774859574468085,-0.0,2.0,0.0
389,2025-01-24 00:00:00+00:00,renewable_shift,adaptive_cvar,10.454853438015071,39.75229282586494,29.29743938784987,14.317542465508977,-0.8187724086436786,0.0,0.0,4.8766115299308925,0.033345360672686675,2.0,0.0
389,2025-01-24 00:00:00+00:00,renewable_shift,oracle,39.75229282586494,39.75229282586494,0.0,39.75229282586494,-39.75229282586494,0.0,0.0,7.895089361702128,0.0,2.0,0.0
390,2025-01-25 00:00:00+00:00,renewable_shift,seasonal_naive,-16.27733479722424,33.731184986842976,50.00851978406722,39.75229282586494,-39.75229282586494,0.0,0.0,7.895089361702128,0.0,2.0,0.0
390,2025-01-25 00:00:00+00:00,renewable_shift,median_risk_neutral,16.914796575907296,33.731184986842976,16.81638841093568,14.929275950239376,-14.929275950239376,0.0,0.0,3.8874297872340424,1.0,2.0,0.0
390,2025-01-25 00:00:00+00:00,renewable_shift,raw_cvar,9.746649658056928,33.731184986842976,23.98453532878605,14.10890916129681,-7.300584969143491,0.0,0.0,2.0038297872340425,1.0,2.0,0.0
390,2025-01-25 00:00:00+00:00,renewable_shift,static_cvar,11.151006988766156,33.731184986842976,22.58017799807682,13.761674917243088,3.748102409651084,0.0,0.0,2.489984765733233,1.0,2.0,0.0
390,2025-01-25 00:00:00+00:00,renewable_shift,adaptive_risk_neutral,-14.498125771194527,33.731184986842976,48.2293107580375,13.912177290703685,4.576908952856137,0.0,0.0,3.8874297872340424,0.06000000000000005,2.0,0.0
390,2025-01-25 00:00:00+00:00,renewable_shift,adaptive_cvar,11.307449427737684,33.731184986842976,22.423735559105292,12.519939158609816,-2.398255006683045,0.0,0.0,2.2727063065627426,0.8658186832825555,2.0,0.0
390,2025-01-25 00:00:00+00:00,renewable_shift,oracle,33.731184986842976,33.731184986842976,0.0,33.731184986842976,-33.731184986842976,0.0,0.0,5.771029787234042,0.1200000000000001,2.0,0.0
391,2025-01-26 00:00:00+00:00,renewable_shift,seasonal_naive,5.155096725955431,66.42374119293305,61.26864446697762,33.731184986842976,-33.731184986842976,0.0,0.0,5.771029787234042,0.1200000000000001,2.0,0.0
391,2025-01-26 00:00:00+00:00,renewable_shift,median_risk_neutral,-1.1818822448258413,66.42374119293305,67.6056234377589,20.31950029907051,-20.31950029907051,0.0,0.0,5.891259574468085,0.0,2.0,0.0
391,2025-01-26 00:00:00+00:00,renewable_shift,raw_cvar,12.581966351412598,66.42374119293305,53.841774841520454,17.246236105387524,-8.252771431584494,0.0,0.0,5.5748620210739555,-0.0,2.0,0.0
391,2025-01-26 00:00:00+00:00,renewable_shift,static_cvar,5.384882399670859,66.42374119293305,61.03885879326219,13.186101159589464,6.789761548797651,0.0,0.0,3.9807854280715995,0.34026005554614935,2.0,0.0
391,2025-01-26 00:00:00+00:00,renewable_shift,adaptive_risk_neutral,27.86605673157589,66.42374119293305,38.55768446135716,15.532339414319269,9.618680508323692,0.0,0.0,5.6508,0.1200000000000001,2.0,0.0
391,2025-01-26 00:00:00+00:00,renewable_shift,adaptive_cvar,14.245757307560854,66.42374119293305,52.1779838853722,11.959418384244874,0.040593693558294376,0.0,0.0,3.4013508395875163,0.9307315349938956,2.0,0.0
391,2025-01-26 00:00:00+00:00,renewable_shift,oracle,66.42374119293305,66.42374119293305,0.0,66.42374119293305,-66.42374119293305,0.0,0.0,11.662289361702129,-0.0,2.0,0.0
392,2025-01-27 00:00:00+00:00,renewable_shift,seasonal_naive,-94.08629920758649,89.42169554519498,183.50799475278149,66.42374119293305,-66.42374119293305,0.0,0.0,11.662289361702129,-0.0,2.0,0.0
392,2025-01-27 00:00:00+00:00,renewable_shift,median_risk_neutral,20.264518361018773,89.42169554519498,69.1571771841762,28.979240352399614,-28.979240352399614,0.0,0.0,4.135563603440471,-0.0,2.0,0.0
392,2025-01-27 00:00:00+00:00,renewable_shift,raw_cvar,17.827788494717343,89.42169554519498,71.59390705047764,27.088415872591895,-13.640548790259565,0.0,0.0,4.007659574468086,-0.0,2.0,0.0
392,2025-01-27 00:00:00+00:00,renewable_shift,static_cvar,21.959670342853727,89.42169554519498,67.46202520234125,24.590208750695954,-9.046689715133084,0.0,0.0,2.4587764593065042,0.7729614186939298,2.0,0.0
392,2025-01-27 00:00:00+00:00,renewable_shift,adaptive_risk_neutral,32.744581005917865,89.42169554519498,56.67711453927711,29.8190871402788,-3.37145563025402,0.0,0.0,4.13556360344047,-0.0,2.0,0.0
392,2025-01-27 00:00:00+00:00,renewable_shift,adaptive_cvar,17.95214633137529,89.42169554519498,71.46954921381969,27.917070292314843,-9.109300371994356,0.0,0.0,4.007659574468085,-0.0,2.0,0.0
392,2025-01-27 00:00:00+00:00,renewable_shift,oracle,89.42169554519498,89.42169554519498,0.0,89.42169554519498,-89.42169554519498,0.0,0.0,7.774859574468085,-0.0,2.0,0.0
393,2025-01-28 00:00:00+00:00,renewable_shift,seasonal_naive,-24.688217860748047,73.89197095009683,98.58018881084487,89.42169554519498,-89.42169554519498,0.0,0.0,7.774859574468085,-0.0,2.0,0.0
393,2025-01-28 00:00:00+00:00,renewable_shift,median_risk_neutral,10.855103604869495,73.89197095009683,63.036867345227336,19.434608204336865,-19.434608204336865,0.0,0.0,4.263467632412857,0.0,1.1238297872340426,0.0
393,2025-01-28 00:00:00+00:00,renewable_shift,raw_cvar,-0.28953941777746994,73.89197095009683,74.18151036787431,17.030725670675608,-0.6173230843726077,0.0,0.0,2.4035249385855377,0.0,1.0638297872340425,0.0
393,2025-01-28 00:00:00+00:00,renewable_shift,static_cvar,1.1777992395609953,73.89197095009683,72.71417171053584,18.46859291970417,12.535446506230294,0.0,0.0,2.3869902237241343,0.0,1.0,0.0
393,2025-01-28 00:00:00+00:00,renewable_shift,adaptive_risk_neutral,13.502163533688513,73.89197095009683,60.38980741640832,21.115843160858827,0.10091981452048977,0.0,0.0,3.8951040289723857,0.0,1.0638297872340425,0.0
393,2025-01-28 00:00:00+00:00,renewable_shift,adaptive_cvar,8.128850033609142,73.89197095009683,65.7631209164877,19.27678143956154,-4.289489288229328,0.0,0.0,2.7920637164661137,-0.0,1.0638297872340425,0.0
393,2025-01-28 00:00:00+00:00,renewable_shift,oracle,73.89197095009683,73.89197095009683,0.0,73.89197095009683,-73.89197095009683,0.0,0.0,8.022993390674515,0.0,2.0,0.0
394,2025-01-29 00:00:00+00:00,renewable_shift,seasonal_naive,-9.395363014861214,35.495091948821,44.89045496368222,73.89197095009683,-73.89197095009683,0.0,0.0,8.022993390674515,0.0,2.0,0.0
394,2025-01-29 00:00:00+00:00,renewable_shift,median_risk_neutral,4.917604775927707,35.495091948821,30.577487172893292,15.73805904119612,-15.73805904119612,0.0,0.0,4.007659574468086,-0.0,2.0,0.0
394,2025-01-29 00:00:00+00:00,renewable_shift,raw_cvar,14.815376563445788,35.495091948821,20.67971538537521,13.694691221071968,-5.917270854047714,0.0,0.0,4.007659574468086,0.0,2.0,0.0
394,2025-01-29 00:00:00+00:00,renewable_shift,static_cvar,13.318485839016102,35.495091948821,22.176606109804897,6.536537420703766,2.7203796456522245,0.0,0.0,2.392882408424707,0.8058454746659456,2.0,0.0
394,2025-01-29 00:00:00+00:00,renewable_shift,adaptive_risk_neutral,-0.5592098384279822,35.495091948821,36.05430178724898,13.156800331478255,10.668714802012468,0.0,0.0,4.007659574468086,0.0,2.0,0.0
394,2025-01-29 00:00:00+00:00,renewable_shift,adaptive_cvar,0.09005803526457257,35.495091948821,35.40503391355642,11.010306260586598,3.1472115080574654,0.0,0.0,4.007659574468086,-0.0,2.0,0.0
394,2025-01-29 00:00:00+00:00,renewable_shift,oracle,35.495091948821,35.495091948821,0.0,35.495091948821,-35.495091948821,0.0,0.0,8.143223177908556,-0.0,2.0,0.0
395,2025-01-30 00:00:00+00:00,renewable_shift,seasonal_naive,-30.177948483137968,50.44066300715903,80.618611490297,35.495091948821,-35.495091948821,0.0,0.0,8.143223177908556,-0.0,2.0,0.0
395,2025-01-30 00:00:00+00:00,renewable_shift,median_risk_neutral,2.424530651450315,50.44066300715903,48.01613235570872,19.831929577724225,-19.831929577724225,0.0,0.0,4.135563603440471,0.0,2.0,0.0
395,2025-01-30 00:00:00+00:00,renewable_shift,raw_cvar,2.424530651450315,50.44066300715903,48.01613235570872,21.047102317500947,-9.438172469159438,0.0,0.0,4.135563603440471,0.0,2.0,0.0
395,2025-01-30 00:00:00+00:00,renewable_shift,static_cvar,11.910736335142929,50.44066300715903,38.5299266720161,19.06498582576207,-0.315393933418023,0.0,0.0,5.089881086498057,0.0,2.0,0.0
395,2025-01-30 00:00:00+00:00,renewable_shift,adaptive_risk_neutral,-10.489014802356333,50.44066300715903,60.92967780951537,18.522819086409374,9.72476973379599,0.0,0.0,5.891259574468085,-0.0,2.0,0.0
395,2025-01-30 00:00:00+00:00,renewable_shift,adaptive_cvar,23.86172995964431,50.44066300715903,26.57893304751472,16.113783218872587,-2.943608578013056,0.0,0.0,4.450701823996296,0.0,2.0,0.0
395,2025-01-30 00:00:00+00:00,renewable_shift,oracle,50.44066300715903,50.44066300715903,0.0,50.44066300715903,-50.44066300715903,0.0,0.0,7.895089361702127,0.0,2.0,0.0
396,2025-01-31 00:00:00+00:00,renewable_shift,seasonal_naive,-0.2513435159751882,73.1298847433668,73.381228259342,50.44066300715903,-50.44066300715903,0.0,0.0,7.895089361702127,0.0,2.0,0.0
396,2025-01-31 00:00:00+00:00,renewable_shift,median_risk_neutral,25.762829457992478,73.1298847433668,47.36705528537432,28.464373893220237,-28.464373893220237,0.0,0.0,5.891259574468085,-0.0,2.0,0.0
396,2025-01-31 00:00:00+00:00,renewable_shift,raw_cvar,34.29270070591632,73.1298847433668,38.837184037450484,23.503134446155567,-15.784264062028926,0.0,0.0,4.301023708934972,-0.0,2.0,0.0
396,2025-01-31 00:00:00+00:00,renewable_shift,static_cvar,41.4580295510586,73.1298847433668,31.6718551923082,24.44285969570299,-6.13779218306577,0.0,0.0,4.007659574468086,0.0,2.0,0.0
396,2025-01-31 00:00:00+00:00,renewable_shift,adaptive_risk_neutral,44.32635492534212,73.1298847433668,28.80352981802468,26.538532883516897,-9.549343488773577,0.0,0.0,4.007659574468085,0.0,2.0,0.0
396,2025-01-31 00:00:00+00:00,renewable_shift,adaptive_cvar,36.231830713985964,73.1298847433668,36.89805402938084,24.976463789528655,-13.350201899390665,0.0,0.0,4.007659574468085,0.0,2.0,0.0
396,2025-01-31 00:00:00+00:00,renewable_shift,oracle,73.1298847433668,73.1298847433668,0.0,73.1298847433668,-73.1298847433668,0.0,0.0,13.561237845178812,0.0,2.0,0.0
397,2025-02-01 00:00:00+00:00,renewable_shift,seasonal_naive,-44.354197078969186,30.76892043210364,75.12311751107282,73.1298847433668,-73.1298847433668,0.0,0.0,13.561237845178812,0.0,2.0,0.0
397,2025-02-01 00:00:00+00:00,renewable_shift,median_risk_neutral,14.006348747583553,30.76892043210364,16.76257168452009,13.119642907439337,-13.119642907439337,0.0,0.0,6.011489361702128,0.0,2.0,0.0
397,2025-02-01 00:00:00+00:00,renewable_shift,raw_cvar,11.999661060269188,30.76892043210364,18.76925937183445,11.472385224170386,-0.6344186664436844,0.0,0.0,6.011489361702128,0.0,2.0,0.0
397,2025-02-01 00:00:00+00:00,renewable_shift,static_cvar,15.345705259917361,30.76892043210364,15.42321517218628,11.263696196158824,6.495738254344004,0.0,0.0,4.798972151870186,0.6050999029741055,2.0,0.0
397,2025-02-01 00:00:00+00:00,renewable_shift,adaptive_risk_neutral,11.864447819781498,30.76892043210364,18.904472612322145,11.74472125391401,9.677528750468577,0.0,0.0,6.011489361702128,0.0,2.0,0.0
397,2025-02-01 00:00:00+00:00,renewable_shift,adaptive_cvar,4.745133580986008,30.76892043210364,26.023786851117634,8.11191751535285,3.356870944064275,0.0,0.0,3.9547629253607384,1.0,2.0,0.0
397,2025-02-01 00:00:00+00:00,renewable_shift,oracle,30.76892043210364,30.76892043210364,0.0,30.76892043210364,-30.76892043210364,0.0,0.0,6.139393390674513,0.0,2.0,0.0
398,2025-02-02 00:00:00+00:00,renewable_shift,seasonal_naive,-12.950842075820422,42.00585826568794,54.956700341508366,30.76892043210364,-30.76892043210364,0.0,0.0,6.139393390674513,0.0,2.0,0.0
398,2025-02-02 00:00:00+00:00,renewable_shift,median_risk_neutral,-6.469683799421368,42.00585826568794,48.47554206510931,16.79661820088276,-16.79661820088276,0.0,0.0,4.007659574468085,-0.0,2.0,0.0
398,2025-02-02 00:00:00+00:00,renewable_shift,raw_cvar,-8.932565489509905,42.00585826568794,50.938423755197846,16.605653901217348,-8.758824803949839,0.0,0.0,4.007659574468085,-0.0,2.0,0.0
398,2025-02-02 00:00:00+00:00,renewable_shift,static_cvar,-16.365163227329774,42.00585826568794,58.371021493017714,13.72493628233286,1.345379088797219,0.0,0.0,4.007659574468086,-0.0,2.0,0.0
398,2025-02-02 00:00:00+00:00,renewable_shift,adaptive_risk_neutral,-6.469683799421368,42.00585826568794,48.47554206510931,14.758209489726053,0.6988915218178663,0.0,0.0,4.007659574468085,-0.0,2.0,0.0
398,2025-02-02 00:00:00+00:00,renewable_shift,adaptive_cvar,-7.845270576667249,42.00585826568794,49.85112884235519,14.570497573148778,-0.43302795465403626,0.0,0.0,4.007659574468086,-0.0,2.0,0.0
398,2025-02-02 00:00:00+00:00,renewable_shift,oracle,42.00585826568794,42.00585826568794,0.0,42.00585826568794,-42.00585826568794,0.0,0.0,9.914267632412855,0.0,2.0,0.0
399,2025-02-03 00:00:00+00:00,renewable_shift,seasonal_naive,-40.348112234531186,51.123311101288756,91.47142333581994,42.00585826568794,-42.00585826568794,0.0,0.0,9.914267632412855,0.0,2.0,0.0
399,2025-02-03 00:00:00+00:00,renewable_shift,median_risk_neutral,13.263417386674146,51.123311101288756,37.859893714614614,29.96952451933183,-29.96952451933183,0.0,0.0,5.891259574468085,-0.0,2.0,0.0
399,2025-02-03 00:00:00+00:00,renewable_shift,raw_cvar,10.90117952294,51.123311101288756,40.22213157834876,25.267791581239518,-11.627083893356133,0.0,0.0,4.007659574468085,0.0,2.0,0.0
399,2025-02-03 00:00:00+00:00,renewable_shift,static_cvar,4.045247634804152,51.123311101288756,47.07806346648461,22.53047648556897,-1.1578917034629181,0.0,0.0,4.007659574468086,0.0,2.0,0.0
399,2025-02-03 00:00:00+00:00,renewable_shift,adaptive_risk_neutral,9.77905323394158,51.123311101288756,41.344257867347174,26.189408279014167,-0.14626246395493947,0.0,0.0,4.007659574468085,-0.0,2.0,0.0
399,2025-02-03 00:00:00+00:00,renewable_shift,adaptive_cvar,12.558416925256266,51.123311101288756,38.56489417603249,25.3960397407883,-4.402358485761172,0.0,0.0,4.007659574468085,-0.0,2.0,0.0
399,2025-02-03 00:00:00+00:00,renewable_shift,oracle,51.123311101288756,51.123311101288756,0.0,51.123311101288756,-51.123311101288756,0.0,0.0,9.658459574468086,-0.0,2.0,0.0
400,2025-02-04 00:00:00+00:00,renewable_shift,seasonal_naive,-44.82786819374139,55.45457802324719,100.28244621698857,51.123311101288756,-51.123311101288756,0.0,0.0,9.658459574468086,-0.0,2.0,0.0
400,2025-02-04 00:00:00+00:00,renewable_shift,median_risk_neutral,-10.406393488649933,55.45457802324719,65.86097151189712,32.03405007942077,-32.03405007942077,0.0,0.0,9.658459574468086,-0.0,2.0,0.0
400,2025-02-04 00:00:00+00:00,renewable_shift,raw_cvar,3.9101463058134733,55.45457802324719,51.54443171743371,28.215747526853413,-19.019536650503557,0.0,0.0,6.01916360344047,-0.0,2.0,0.0
400,2025-02-04 00:00:00+00:00,renewable_shift,static_cvar,11.948353673159042,55.45457802324719,43.50622435008815,19.320467671262527,-1.0835194874433383,0.0,0.0,4.289100680703803,-0.0,2.0,0.0
400,2025-02-04 00:00:00+00:00,renewable_shift,adaptive_risk_neutral,15.798195913738711,55.45457802324719,39.65638210950848,23.04881126299243,0.8540687095240411,0.0,0.0,6.019163603440471,-0.0,2.0,0.0
400,2025-02-04 00:00:00+00:00,renewable_shift,adaptive_cvar,10.579424199763544,55.45457802324719,44.87515382348364,20.421742116375313,-8.51630934678997,0.0,0.0,4.730440252435013,-0.0,2.0,0.0
400,2025-02-04 00:00:00+00:00,renewable_shift,oracle,55.45457802324719,55.45457802324719,0.0,55.45457802324719,-55.45457802324719,0.0,0.0,7.774859574468085,0.0,2.0,0.0
401,2025-02-05 00:00:00+00:00,renewable_shift,seasonal_naive,-30.417896595227447,54.904620454420304,85.32251704964776,55.45457802324719,-55.45457802324719,0.0,0.0,7.774859574468085,0.0,2.0,0.0
401,2025-02-05 00:00:00+00:00,renewable_shift,median_risk_neutral,19.14669081961185,54.904620454420304,35.75792963480845,30.031090671920442,-30.031090671920442,0.0,0.0,5.891259574468085,-0.0,2.0,0.0
401,2025-02-05 00:00:00+00:00,renewable_shift,raw_cvar,16.080510389222148,54.904620454420304,38.824110065198155,25.59505855839633,-15.41612717116617,0.0,0.0,4.135563603440471,-0.0,2.0,0.0
401,2025-02-05 00:00:00+00:00,renewable_shift,static_cvar,14.702275542692977,54.904620454420304,40.20234491172732,31.936729066366077,-10.295572259560327,0.0,0.0,4.150302508010119,0.1732208566461907,2.0,0.0
401,2025-02-05 00:00:00+00:00,renewable_shift,adaptive_risk_neutral,24.03192089255514,54.904620454420304,30.872699561865165,30.89474905167862,3.1891867120677815,0.0,0.0,5.891259574468085,-0.0,2.0,0.0
401,2025-02-05 00:00:00+00:00,renewable_shift,adaptive_cvar,14.372404044317353,54.904620454420304,40.53221641010295,29.19310074689831,-5.770232130029287,0.0,0.0,6.005971670865044,0.06658335985395059,2.0,0.0
401,2025-02-05 00:00:00+00:00,renewable_shift,oracle,54.904620454420304,54.904620454420304,0.0,54.904620454420304,-54.904620454420304,0.0,0.0,7.774859574468085,0.0,2.0,0.0
402,2025-02-06 00:00:00+00:00,renewable_shift,seasonal_naive,-46.49048453737535,25.98889974119976,72.47938427857511,54.904620454420304,-54.904620454420304,0.0,0.0,7.774859574468085,0.0,2.0,0.0
402,2025-02-06 00:00:00+00:00,renewable_shift,median_risk_neutral,5.717548392106135,25.98889974119976,20.271351349093624,23.22427845318092,-23.22427845318092,0.0,0.0,4.263467632412857,-0.0,2.0,0.0
402,2025-02-06 00:00:00+00:00,renewable_shift,raw_cvar,11.25819118734054,25.98889974119976,14.73070855385922,19.990865776950287,-4.190100290194728,0.0,0.0,4.263467632412857,-0.0,2.0,0.0
402,2025-02-06 00:00:00+00:00,renewable_shift,static_cvar,5.557530633719223,25.98889974119976,20.431369107480535,13.406868841160376,8.961948362633711,0.0,0.0,3.0847160343611426,-0.0,1.539410210394709,0.0
402,2025-02-06 00:00:00+00:00,renewable_shift,adaptive_risk_neutral,11.021045553064102,25.98889974119976,14.967854188135657,22.217472283775923,2.2566292869904587,0.0,0.0,4.263467632412857,-0.0,2.0,0.0
402,2025-02-06 00:00:00+00:00,renewable_shift,adaptive_cvar,11.25819118734054,25.98889974119976,14.73070855385922,22.179159866707877,1.8838301927196948,0.0,0.0,4.263467632412857,-0.0,2.0,0.0
402,2025-02-06 00:00:00+00:00,renewable_shift,oracle,25.98889974119976,25.98889974119976,0.0,25.98889974119976,-25.98889974119976,0.0,0.0,7.654629787234043,0.0,2.0,0.0
403,2025-02-07 00:00:00+00:00,renewable_shift,seasonal_naive,-20.179804128334098,42.42692620228381,62.60673033061791,25.98889974119976,-25.98889974119976,0.0,0.0,7.654629787234043,0.0,2.0,0.0
403,2025-02-07 00:00:00+00:00,renewable_shift,median_risk_neutral,6.040316563864645,42.42692620228381,36.386609638419166,13.026486842199763,-13.026486842199763,0.0,0.0,3.8951040289723857,0.9361702127659575,2.0,0.0
403,2025-02-07 00:00:00+00:00,renewable_shift,raw_cvar,9.991659538375714,42.42692620228381,32.435266663908095,10.503355262938323,-2.1610521391973627,0.0,0.0,2.0038297872340425,1.0,2.0,0.0
403,2025-02-07 00:00:00+00:00,renewable_shift,static_cvar,11.687611888067995,42.42692620228381,30.739314314215815,10.70518666540283,2.072194201751005,0.0,0.0,2.11349500946126,1.0,2.0,0.0
403,2025-02-07 00:00:00+00:00,renewable_shift,adaptive_risk_neutral,8.294005696711697,42.42692620228381,34.132920505572116,11.859997531617216,9.849181595616765,0.0,0.0,2.003829787234043,1.0,2.0,0.0
403,2025-02-07 00:00:00+00:00,renewable_shift,adaptive_cvar,10.31049984075784,42.42692620228381,32.11642636152597,9.805835984353003,-0.3996873151010944,0.0,0.0,2.003829787234043,1.0,2.0,0.0
403,2025-02-07 00:00:00+00:00,renewable_shift,oracle,42.42692620228381,42.42692620228381,0.0,42.42692620228381,-42.42692620228381,0.0,0.0,7.654629787234041,0.06000000000000005,2.0,0.0
404,2025-02-08 00:00:00+00:00,renewable_shift,seasonal_naive,-24.68171678810278,22.743358771965273,47.42507556006805,42.42692620228381,-42.42692620228381,0.0,0.0,7.654629787234041,0.06000000000000005,2.0,0.0
404,2025-02-08 00:00:00+00:00,renewable_shift,median_risk_neutral,-16.22128018397617,22.743358771965273,38.96463895594144,14.081858417072562,-14.081858417072562,0.0,0.0,6.019163603440471,0.06000000000000005,2.0,0.0
404,2025-02-08 00:00:00+00:00,renewable_shift,raw_cvar,2.0702741986012256,22.743358771965273,20.673084573364047,10.756198674271472,-1.6167834588543115,0.0,0.0,4.13556360344047,-0.0,2.0,0.0
404,2025-02-08 00:00:00+00:00,renewable_shift,static_cvar,5.114076506484007,22.743358771965273,17.629282265481265,5.37895341525429,5.806332428848033,0.0,0.0,2.7390925462713613,0.6330712500026122,2.0,0.0
404,2025-02-08 00:00:00+00:00,renewable_shift,adaptive_risk_neutral,-7.943357778703847,22.743358771965273,30.686716550669118,9.54463663778511,7.381702584752972,0.0,0.0,4.135563603440471,-0.0,2.0,0.0
404,2025-02-08 00:00:00+00:00,renewable_shift,adaptive_cvar,-4.592767246520488,22.743358771965273,27.33612601848576,8.355702867751196,4.349569180786703,0.0,0.0,3.292059674392295,0.3571161106770243,2.0,0.0
404,2025-02-08 00:00:00+00:00,renewable_shift,oracle,22.743358771965273,22.743358771965273,0.0,22.743358771965273,-22.743358771965273,0.0,0.0,5.898933816206428,0.1200000000000001,2.0,0.0
405,2025-02-09 00:00:00+00:00,renewable_shift,seasonal_naive,-23.4108090046616,78.51756115155598,101.92837015621758,22.743358771965273,-22.743358771965273,0.0,0.0,5.898933816206428,0.1200000000000001,2.0,0.0
405,2025-02-09 00:00:00+00:00,renewable_shift,median_risk_neutral,38.583612319355,78.51756115155598,39.93394883220098,33.574660467624035,-33.574660467624035,0.0,0.0,4.007659574468086,0.0,2.0,0.0
405,2025-02-09 00:00:00+00:00,renewable_shift,raw_cvar,38.91899248700292,78.51756115155598,39.59856866455306,33.58429466943697,-17.370763265544305,0.0,0.0,4.007659574468086,-0.0,2.0,0.0
405,2025-02-09 00:00:00+00:00,renewable_shift,static_cvar,27.87568397560404,78.51756115155598,50.64187717595194,27.897145249909894,0.009718374413899207,0.0,0.0,4.007659574468086,-0.0,2.0,0.0
405,2025-02-09 00:00:00+00:00,renewable_shift,adaptive_risk_neutral,38.583612319355,78.51756115155598,39.93394883220098,31.46623791046195,-5.480559129655137,0.0,0.0,4.007659574468086,-0.0,2.0,0.0
405,2025-02-09 00:00:00+00:00,renewable_shift,adaptive_cvar,37.33994933409515,78.51756115155598,41.17761181746083,29.579724887589542,-11.738060708640369,0.0,0.0,4.007659574468086,-0.0,2.0,0.0
405,2025-02-09 00:00:00+00:00,renewable_shift,oracle,78.51756115155598,78.51756115155598,0.0,78.51756115155598,-78.51756115155598,0.0,0.0,9.778689361702128,-0.0,2.0,0.0
406,2025-02-10 00:00:00+00:00,renewable_shift,seasonal_naive,-21.338895604362538,27.92252698508058,49.261422589443114,78.51756115155598,-78.51756115155598,0.0,0.0,9.778689361702128,-0.0,2.0,0.0
406,2025-02-10 00:00:00+00:00,renewable_shift,median_risk_neutral,0.6972551186720626,27.92252698508058,27.22527186640852,13.651921909505038,-13.651921909505038,0.0,0.0,4.007659574468086,0.0,2.0,0.0
406,2025-02-10 00:00:00+00:00,renewable_shift,raw_cvar,3.0067151754334933,27.92252698508058,24.91581180964709,12.319604442796884,-3.142291864543106,0.0,0.0,4.007659574468086,0.0,2.0,0.0
406,2025-02-10 00:00:00+00:00,renewable_shift,static_cvar,2.144484700667025,27.92252698508058,25.778042284413555,13.81090611510258,9.577210177984819,0.0,0.0,4.007659574468085,0.0,2.0,0.0
406,2025-02-10 00:00:00+00:00,renewable_shift,adaptive_risk_neutral,0.6972551186720626,27.92252698508058,27.22527186640852,11.539854618660048,10.400664844091176,0.0,0.0,4.007659574468086,0.0,2.0,0.0
406,2025-02-10 00:00:00+00:00,renewable_shift,adaptive_cvar,3.735378247378531,27.92252698508058,24.18714873770205,10.942234209280274,4.591388638386674,0.0,0.0,3.891928740758499,-0.0,1.9422451774861904,0.0
406,2025-02-10 00:00:00+00:00,renewable_shift,oracle,27.92252698508058,27.92252698508058,0.0,27.92252698508058,-27.92252698508058,0.0,0.0,7.774859574468086,0.0,2.0,0.0
407,2025-02-11 00:00:00+00:00,renewable_shift,seasonal_naive,-20.0531766444552,61.90517648729866,81.95835313175385,27.92252698508058,-27.92252698508058,0.0,0.0,7.774859574468086,0.0,2.0,0.0
407,2025-02-11 00:00:00+00:00,renewable_shift,median_risk_neutral,30.967978478457717,61.90517648729866,30.937198008840944,50.07758567581392,-50.07758567581392,0.0,0.0,6.019163603440471,-0.0,2.0,0.0
407,2025-02-11 00:00:00+00:00,renewable_shift,raw_cvar,36.66698074808633,61.90517648729866,25.23819573921233,46.60215611680136,-26.57042666383642,0.0,0.0,5.891259574468085,-0.0,2.0,0.0
407,2025-02-11 00:00:00+00:00,renewable_shift,static_cvar,43.71396711818791,61.90517648729866,18.19120936911075,49.779070248873055,-22.13251757095477,0.0,0.0,5.920868631630215,-0.0,2.0,0.0
407,2025-02-11 00:00:00+00:00,renewable_shift,adaptive_risk_neutral,41.650248468867346,61.90517648729866,20.254928018431315,46.04491001263034,-15.259984517386853,0.0,0.0,5.891259574468085,0.0,2.0,0.0
407,2025-02-11 00:00:00+00:00,renewable_shift,adaptive_cvar,40.36016901099106,61.90517648729866,21.545007476307603,45.93655920487047,-15.75602358695505,0.0,0.0,5.891259574468085,0.0,2.0,0.0
407,2025-02-11 00:00:00+00:00,renewable_shift,oracle,61.90517648729866,61.90517648729866,0.0,61.90517648729866,-61.90517648729866,0.0,0.0,6.011489361702127,-0.0,2.0,0.0
408,2025-02-12 00:00:00+00:00,renewable_shift,seasonal_naive,-19.398854433301278,46.16634067892197,65.56519511222325,61.90517648729866,-61.90517648729866,0.0,0.0,6.011489361702127,-0.0,2.0,0.0
408,2025-02-12 00:00:00+00:00,renewable_shift,median_risk_neutral,-16.548203013219915,46.16634067892197,62.71454369214189,44.03448494371882,-44.03448494371882,0.0,0.0,5.891259574468085,-0.0,2.0,0.0
408,2025-02-12 00:00:00+00:00,renewable_shift,raw_cvar,-15.427564919914136,46.16634067892197,61.5939055988361,36.024264893365206,-22.066529244227414,0.0,0.0,5.891259574468085,-0.0,2.0,0.0
408,2025-02-12 00:00:00+00:00,renewable_shift,static_cvar,-9.277377780723011,46.16634067892197,55.443718459644984,28.760274208068374,3.4031878697850564,0.0,0.0,5.891259574468085,-0.0,2.0,0.0
408,2025-02-12 00:00:00+00:00,renewable_shift,adaptive_risk_neutral,-16.676458390970925,46.16634067892197,62.84279906989289,32.34997350774246,-2.2628553746590576,0.0,0.0,5.891259574468085,-0.0,2.0,0.0
408,2025-02-12 00:00:00+00:00,renewable_shift,adaptive_cvar,0.9872761426347587,46.16634067892197,45.179064536287214,29.173976196848663,-12.285713363335521,0.0,0.0,4.2486505351968,0.0,2.0,0.0
408,2025-02-12 00:00:00+00:00,renewable_shift,oracle,46.16634067892197,46.16634067892197,0.0,46.16634067892197,-46.16634067892197,0.0,0.0,9.906593390674514,-0.0,2.0,0.0
409,2025-02-13 00:00:00+00:00,renewable_shift,seasonal_naive,-36.09257434775412,71.77089397706541,107.86346832481954,38.43445807894459,-38.43445807894459,0.0,0.0,7.774859574468085,-0.0,2.0,0.0
409,2025-02-13 00:00:00+00:00,renewable_shift,median_risk_neutral,24.780988941752916,71.77089397706541,46.989905035312496,22.966384285663086,-22.966384285663086,0.0,0.0,4.13556360344047,0.0,2.0,0.0
409,2025-02-13 00:00:00+00:00,renewable_shift,raw_cvar,20.837460245039825,71.77089397706541,50.93343373202559,18.978840241667744,-7.373125810167312,0.0,0.0,4.007659574468086,0.0,2.0,0.0
409,2025-02-13 00:00:00+00:00,renewable_shift,static_cvar,32.97446158282823,71.77089397706541,38.79643239423718,15.590708457735662,-5.1370570798102015,0.0,0.0,2.488260847991363,0.798240547493531,2.0,0.0
409,2025-02-13 00:00:00+00:00,renewable_shift,adaptive_risk_neutral,36.78404367433117,71.77089397706541,34.98685030273424,17.194705098425302,7.592142775570452,0.0,0.0,4.007659574468086,-0.0,2.0,0.0
409,2025-02-13 00:00:00+00:00,renewable_shift,adaptive_cvar,25.276012723969327,71.77089397706541,46.49488125309608,14.523960914929877,-4.540189297938651,0.0,0.0,2.9070679024083996,0.5492440920238397,2.0,0.0
409,2025-02-13 00:00:00+00:00,renewable_shift,oracle,71.77089397706541,71.77089397706541,0.0,71.77089397706541,-71.77089397706541,0.0,0.0,11.662289361702127,-0.0,2.0,0.0
410,2025-02-14 00:00:00+00:00,renewable_shift,seasonal_naive,-75.43203798050642,65.21560508736312,140.64764306786952,71.77089397706541,-71.77089397706541,0.0,0.0,11.662289361702127,-0.0,2.0,0.0
410,2025-02-14 00:00:00+00:00,renewable_shift,median_risk_neutral,23.643199637269017,65.21560508736312,41.572405450094095,26.829231102405036,-26.829231102405036,0.0,0.0,4.263467632412857,0.1200000000000001,2.0,0.0
410,2025-02-14 00:00:00+00:00,renewable_shift,raw_cvar,39.79272498154549,65.21560508736312,25.422880105817626,26.818570630582744,-11.265545907123624,0.0,0.0,4.13556360344047,0.9361702127659575,2.0,0.0
410,2025-02-14 00:00:00+00:00,renewable_shift,static_cvar,17.636837641027114,65.21560508736312,47.578767446336,19.849343347319195,-4.283479344095542,0.0,0.0,2.003829787234043,1.0,2.0,0.0
410,2025-02-14 00:00:00+00:00,renewable_shift,adaptive_risk_neutral,18.079029245079653,65.21560508736312,47.13657584228346,27.784152676567494,-4.109790887188165,0.0,0.0,4.263467632412857,0.1200000000000001,2.0,0.0
410,2025-02-14 00:00:00+00:00,renewable_shift,adaptive_cvar,19.504569869194512,65.21560508736312,45.711035218168604,27.000476667189655,-6.631689862347634,0.0,0.0,3.7089418163218495,0.1490734193339679,2.0,0.0
410,2025-02-14 00:00:00+00:00,renewable_shift,oracle,65.21560508736312,65.21560508736312,0.0,65.21560508736312,-65.21560508736312,0.0,0.0,10.026823177908556,0.0,2.0,0.0
411,2025-02-15 00:00:00+00:00,renewable_shift,seasonal_naive,-55.99504561147535,28.700962324573908,84.69600793604926,65.21560508736312,-65.21560508736312,0.0,0.0,10.026823177908556,0.0,2.0,0.0
411,2025-02-15 00:00:00+00:00,renewable_shift,median_risk_neutral,-9.3352672792811,28.700962324573908,38.036229603855006,34.467153909735416,-34.467153909735416,0.0,0.0,7.895089361702127,0.0,2.0,0.0
411,2025-02-15 00:00:00+00:00,renewable_shift,raw_cvar,-9.3352672792811,28.700962324573908,38.036229603855006,31.95943806206154,-13.507576821969494,0.0,0.0,7.895089361702127,0.0,2.0,0.0
411,2025-02-15 00:00:00+00:00,renewable_shift,static_cvar,6.29141026581614,28.700962324573908,22.409552058757768,26.433975390257086,-0.6594565804644995,0.0,0.0,6.665196753180647,0.0,2.0,0.0
411,2025-02-15 00:00:00+00:00,renewable_shift,adaptive_risk_neutral,7.781280274396293,28.700962324573908,20.919682050177613,24.300172181855437,1.1247049970841427,0.0,0.0,6.019163603440471,-0.0,2.0,0.0
411,2025-02-15 00:00:00+00:00,renewable_shift,adaptive_cvar,7.976866337874522,28.700962324573908,20.724095986699385,23.983383599119684,0.3879223101390525,0.0,0.0,5.891259574468085,-0.0,2.0,0.0
411,2025-02-15 00:00:00+00:00,renewable_shift,oracle,28.700962324573908,28.700962324573908,0.0,28.700962324573908,-28.700962324573908,0.0,0.0,9.778689361702128,-0.0,2.0,0.0
412,2025-02-16 00:00:00+00:00,renewable_shift,seasonal_naive,7.406066853401811,44.112142801474164,36.70607594807235,28.700962324573908,-28.700962324573908,0.0,0.0,9.778689361702128,-0.0,2.0,0.0
412,2025-02-16 00:00:00+00:00,renewable_shift,median_risk_neutral,12.59589210903048,44.112142801474164,31.516250692443684,33.03328008323565,-33.03328008323565,0.0,0.0,4.13556360344047,0.0,2.0,0.0
412,2025-02-16 00:00:00+00:00,renewable_shift,raw_cvar,19.525779527817317,44.112142801474164,24.586363273656847,28.512382585734027,-17.562406190537256,0.0,0.0,4.13556360344047,0.0,2.0,0.0
412,2025-02-16 00:00:00+00:00,renewable_shift,static_cvar,18.45243840688184,44.112142801474164,25.659704394592325,23.91449471037856,-4.9380884723023675,0.0,0.0,4.007659574468085,-0.0,2.0,0.0
412,2025-02-16 00:00:00+00:00,renewable_shift,adaptive_risk_neutral,10.830141524778774,44.112142801474164,33.28200127669539,26.25591106025789,-5.018613067662049,0.0,0.0,4.13556360344047,-0.0,2.0,0.0
412,2025-02-16 00:00:00+00:00,renewable_shift,adaptive_cvar,15.823673048622961,44.112142801474164,28.288469752851203,24.83809186698454,-9.263690995816047,0.0,0.0,4.327819851738326,-0.0,2.0,0.0
412,2025-02-16 00:00:00+00:00,renewable_shift,oracle,44.112142801474164,44.112142801474164,0.0,44.112142801474164,-44.112142801474164,0.0,0.0,5.891259574468085,0.0,2.0,0.0
413,2025-02-17 00:00:00+00:00,renewable_shift,seasonal_naive,-85.67982487968857,125.20606768571864,210.8858925654072,45.06968755732743,-45.06968755732743,0.0,0.0,5.891259574468085,-0.0,2.0,0.0
413,2025-02-17 00:00:00+00:00,renewable_shift,median_risk_neutral,24.900293768553777,125.20606768571864,100.30577391716486,38.591374507819936,-38.591374507819936,0.0,0.0,5.891259574468085,-0.0,2.0,0.0
413,2025-02-17 00:00:00+00:00,renewable_shift,raw_cvar,22.81497578369255,125.20606768571864,102.39109190202609,34.06296387065224,-15.890987640658617,0.0,0.0,4.13556360344047,-0.0,2.0,0.0
413,2025-02-17 00:00:00+00:00,renewable_shift,static_cvar,14.245159399967799,125.20606768571864,110.96090828575083,28.114760022924752,-0.595818098578667,0.0,0.0,4.135563603440471,-0.0,2.0,0.0
413,2025-02-17 00:00:00+00:00,renewable_shift,adaptive_risk_neutral,24.419268641099485,125.20606768571864,100.78679904461916,32.67329987287257,-9.738720387028348,0.0,0.0,6.019163603440471,-0.0,2.0,0.0
413,2025-02-17 00:00:00+00:00,renewable_shift,adaptive_cvar,18.909703904532094,125.20606768571864,106.29636378118654,32.01647960057118,-12.249019457290206,0.0,0.0,4.870950850126311,-0.0,2.0,0.0
413,2025-02-17 00:00:00+00:00,renewable_shift,oracle,125.20606768571864,125.20606768571864,0.0,125.20606768571864,-125.20606768571864,0.0,0.0,8.143223177908556,0.0,2.0,0.0
414,2025-02-18 00:00:00+00:00,renewable_shift,seasonal_naive,-57.337914068539746,45.188283525774246,102.526197594314,125.20606768571864,-125.20606768571864,0.0,0.0,8.143223177908556,0.0,2.0,0.0
414,2025-02-18 00:00:00+00:00,renewable_shift,median_risk_neutral,-36.73348810954617,45.188283525774246,81.92177163532043,14.626725058636765,-14.626725058636765,0.0,0.0,5.891259574468085,0.0,2.0,0.0
414,2025-02-18 00:00:00+00:00,renewable_shift,raw_cvar,-24.189388052116676,45.188283525774246,69.37767157789092,11.950800791495213,1.4308676477339202,0.0,0.0,6.544045286406158,-0.0,2.0,0.0
414,2025-02-18 00:00:00+00:00,renewable_shift,static_cvar,-15.47230220493687,45.188283525774246,60.66058573071112,6.7860103468716995,6.944713039694656,0.0,0.0,3.042510054428397,1.0,2.0,0.0
414,2025-02-18 00:00:00+00:00,renewable_shift,adaptive_risk_neutral,-17.499668444525348,45.188283525774246,62.68795197029959,11.55053107640744,8.362135421484927,0.0,0.0,6.011489361702127,-0.0,2.0,0.0
414,2025-02-18 00:00:00+00:00,renewable_shift,adaptive_cvar,-10.086352181118984,45.188283525774246,55.27463570689323,10.985883559284552,6.1826138158979385,0.0,0.0,5.891259574468085,0.0,2.0,0.0
414,2025-02-18 00:00:00+00:00,renewable_shift,oracle,45.188283525774246,45.188283525774246,0.0,45.188283525774246,-45.188283525774246,0.0,0.0,8.27112720688094,-0.0,2.0,0.0
415,2025-02-19 00:00:00+00:00,renewable_shift,seasonal_naive,-62.32185695351937,56.022768755129846,118.34462570864922,45.188283525774246,-45.188283525774246,0.0,0.0,8.27112720688094,-0.0,2.0,0.0
415,2025-02-19 00:00:00+00:00,renewable_shift,median_risk_neutral,25.58020520543364,56.022768755129846,30.442563549696207,32.52784403058661,-32.52784403058661,0.0,0.0,5.891259574468085,0.0,2.0,0.0
415,2025-02-19 00:00:00+00:00,renewable_shift,raw_cvar,24.326944827061375,56.022768755129846,31.69582392806847,31.280050476556507,-20.296388085608154,0.0,0.0,4.13556360344047,0.0,2.0,0.0
415,2025-02-19 00:00:00+00:00,renewable_shift,static_cvar,15.555022597263857,56.022768755129846,40.46774615786599,29.560162756578634,-8.692126556781053,0.0,0.0,5.088644443769876,0.0,2.0,0.0
415,2025-02-19 00:00:00+00:00,renewable_shift,adaptive_risk_neutral,9.624032277631535,56.022768755129846,46.39873647749831,30.468240741753313,-8.708893134370973,0.0,0.0,4.13556360344047,0.0,2.0,0.0
415,2025-02-19 00:00:00+00:00,renewable_shift,adaptive_cvar,9.01542711902108,56.022768755129846,47.00734163610876,28.63571626604855,-16.811112705403016,0.0,0.0,4.007659574468086,0.0,2.0,0.0
415,2025-02-19 00:00:00+00:00,renewable_shift,oracle,56.022768755129846,56.022768755129846,0.0,56.022768755129846,-56.022768755129846,0.0,0.0,9.78636360344047,0.0,2.0,0.0
416,2025-02-20 00:00:00+00:00,renewable_shift,seasonal_naive,-28.518599862759373,59.67340772388342,88.1920075866428,56.022768755129846,-56.022768755129846,0.0,0.0,9.78636360344047,0.0,2.0,0.0
416,2025-02-20 00:00:00+00:00,renewable_shift,median_risk_neutral,32.96813864723576,59.67340772388342,26.70526907664766,19.600460944804535,-19.600460944804535,0.0,0.0,5.891259574468085,-0.0,2.0,0.0
416,2025-02-20 00:00:00+00:00,renewable_shift,raw_cvar,10.108098727461545,59.67340772388342,49.56530899642188,14.53400014001961,2.0394425563303025,0.0,0.0,4.13556360344047,-0.0,2.0,0.0
416,2025-02-20 00:00:00+00:00,renewable_shift,static_cvar,0.0,59.67340772388342,59.67340772388342,0.0,0.0,0.0,0.0,0.0,1.0,1.0,0.0
416,2025-02-20 00:00:00+00:00,renewable_shift,adaptive_risk_neutral,9.686920893378009,59.67340772388342,49.98648683050541,14.942871044662827,10.762223967773005,0.0,0.0,4.13556360344047,-0.0,2.0,0.0
416,2025-02-20 00:00:00+00:00,renewable_shift,adaptive_cvar,6.342667731582226,59.67340772388342,53.3307399923012,13.95395527778062,6.629478259051692,0.0,0.0,4.007659574468086,-0.0,2.0,0.0
416,2025-02-20 00:00:00+00:00,renewable_shift,oracle,59.67340772388342,59.67340772388342,0.0,59.67340772388342,-59.67340772388342,0.0,0.0,10.0344974196469,-0.0,2.0,0.0
417,2025-02-21 00:00:00+00:00,renewable_shift,seasonal_naive,5.491152921144732,93.75994624540982,88.26879332426509,59.67340772388342,-59.67340772388342,0.0,0.0,10.0344974196469,-0.0,2.0,0.0
417,2025-02-21 00:00:00+00:00,renewable_shift,median_risk_neutral,25.82874729843823,93.75994624540982,67.93119894697159,31.78546169735835,-31.78546169735835,0.0,0.0,6.019163603440471,0.06000000000000005,2.0,0.0
417,2025-02-21 00:00:00+00:00,renewable_shift,raw_cvar,28.21082489110455,93.75994624540982,65.54912135430527,31.756215998993223,-10.441425018464917,0.0,0.0,6.019163603440471,0.06000000000000005,2.0,0.0
417,2025-02-21 00:00:00+00:00,renewable_shift,static_cvar,16.684594370520195,93.75994624540982,77.07535187488963,27.81410293435455,0.18496404440319658,0.0,0.0,4.800104639651108,0.6683645285421538,2.0,0.0
417,2025-02-21 00:00:00+00:00,renewable_shift,adaptive_risk_neutral,25.721365033818515,93.75994624540982,68.0385812115913,27.73159573284518,6.569751191875942,0.0,0.0,6.019163603440471,0.06000000000000005,2.0,0.0
417,2025-02-21 00:00:00+00:00,renewable_shift,adaptive_cvar,16.153972222888605,93.75994624540982,77.60597402252122,25.544981998026405,2.0257860537446364,0.0,0.0,5.49910163212722,0.3195340056458138,2.0,0.0
417,2025-02-21 00:00:00+00:00,renewable_shift,oracle,93.75994624540982,93.75994624540982,0.0,93.75994624540982,-93.75994624540982,0.0,0.0,15.309259574468085,0.0,2.0,0.0
418,2025-02-22 00:00:00+00:00,renewable_shift,seasonal_naive,-64.28835526218249,49.16832129477651,113.456676556959,93.75994624540982,-93.75994624540982,0.0,0.0,15.309259574468085,0.0,2.0,0.0
418,2025-02-22 00:00:00+00:00,renewable_shift,median_risk_neutral,5.864795837355597,49.16832129477651,43.30352545742092,42.233582879368825,-42.233582879368825,0.0,0.0,8.01531914893617,-0.0,2.0,0.0
418,2025-02-22 00:00:00+00:00,renewable_shift,raw_cvar,4.202454801020654,49.16832129477651,44.965866493755854,37.18857343257158,-22.310504963641822,0.0,0.0,6.154632019462207,-0.0,2.0,0.0
418,2025-02-22 00:00:00+00:00,renewable_shift,static_cvar,6.7084768561614965,49.16832129477651,42.459844438615015,28.588711115537055,-4.408921814803842,0.0,0.0,6.093721799788888,0.0,2.0,0.0
418,2025-02-22 00:00:00+00:00,renewable_shift,adaptive_risk_neutral,12.285661784412362,49.16832129477651,36.88265951036415,35.45177399230183,-10.702125466950923,0.0,0.0,6.139393390674513,0.0,2.0,0.0
418,2025-02-22 00:00:00+00:00,renewable_shift,adaptive_cvar,13.90656816857723,49.16832129477651,35.26175312619928,34.8937727269145,-11.94667684797787,0.0,0.0,6.450727508198547,-0.0,2.0,0.0
418,2025-02-22 00:00:00+00:00,renewable_shift,oracle,49.16832129477651,49.16832129477651,0.0,49.16832129477651,-49.16832129477651,0.0,0.0,10.282631235853327,0.0,2.0,0.0
419,2025-02-23 00:00:00+00:00,renewable_shift,seasonal_naive,-60.13312230685147,62.9275619916104,123.06068429846187,49.16832129477651,-49.16832129477651,0.0,0.0,10.282631235853327,0.0,2.0,0.0
419,2025-02-23 00:00:00+00:00,renewable_shift,median_risk_neutral,12.797700859773176,62.9275619916104,50.12986113183723,27.939446200958667,-27.939446200958667,0.0,0.0,5.891259574468085,0.0,2.0,0.0
419,2025-02-23 00:00:00+00:00,renewable_shift,raw_cvar,-19.579271970390018,62.9275619916104,82.50683396200043,22.206357373120184,-11.572389955066674,0.0,0.0,4.007659574468085,0.0,2.0,0.0
419,2025-02-23 00:00:00+00:00,renewable_shift,static_cvar,-10.339858057023667,62.9275619916104,73.26742004863407,17.911765565353004,7.482825390097879,0.0,0.0,4.007659574468085,0.0,2.0,0.0
419,2025-02-23 00:00:00+00:00,renewable_shift,adaptive_risk_neutral,-1.5314023342356098,62.9275619916104,64.45896432584601,20.616292203900496,6.239391340093199,0.0,0.0,4.135563603440471,0.0,2.0,0.0
419,2025-02-23 00:00:00+00:00,renewable_shift,adaptive_cvar,2.8813988647946456,62.9275619916104,60.046163126815756,18.07659676722797,2.0005863221059976,0.0,0.0,4.007659574468085,-0.0,2.0,0.0
419,2025-02-23 00:00:00+00:00,renewable_shift,oracle,62.9275619916104,62.9275619916104,0.0,62.9275619916104,-62.9275619916104,0.0,0.0,9.78636360344047,-0.0,2.0,0.0
