issue_day,issue_time,regime,strategy,realised_profit_eur,oracle_profit_eur,regret_eur,in_sample_expected_profit_eur,in_sample_cvar_loss_eur,constraint_violations,simultaneous_throughput_mwh,total_throughput_mwh,minimum_soc_mwh,maximum_soc_mwh,terminal_soc_error_mwh
337,2024-12-03 00:00:00+00:00,renewable_shift,seasonal_naive,-24.375970349958514,38.60242520598464,62.97839555594315,44.97357802405204,-44.97357802405204,0.0,0.0,6.011489361702128,-0.0,2.0,0.0
337,2024-12-03 00:00:00+00:00,renewable_shift,median_risk_neutral,2.1827032771135197,38.60242520598464,36.41972192887112,18.663421105484524,-18.663421105484524,0.0,0.0,5.778704028972386,0.1200000000000001,2.0,0.0
337,2024-12-03 00:00:00+00:00,renewable_shift,raw_cvar,15.970607723019908,38.60242520598464,22.631817482964728,13.703925061458534,-0.3058425547008732,0.0,0.0,4.135563603440471,0.1200000000000001,2.0,0.0
337,2024-12-03 00:00:00+00:00,renewable_shift,static_cvar,0.0,38.60242520598464,38.60242520598464,0.0,0.0,0.0,0.0,0.0,1.0,1.0,0.0
337,2024-12-03 00:00:00+00:00,renewable_shift,adaptive_risk_neutral,1.1060707181121447,38.60242520598464,37.496354487872495,5.6572254883368025,25.102194392046155,0.0,0.0,3.7672,-0.0,1.88,0.0
337,2024-12-03 00:00:00+00:00,renewable_shift,adaptive_cvar,0.0,38.60242520598464,38.60242520598464,0.0,0.0,0.0,0.0,0.0,1.0,1.0,0.0
337,2024-12-03 00:00:00+00:00,renewable_shift,oracle,38.60242520598464,38.60242520598464,0.0,38.60242520598464,-38.60242520598464,0.0,0.0,10.154727206880942,-0.0,2.0,0.0
338,2024-12-04 00:00:00+00:00,renewable_shift,seasonal_naive,-54.21268893881635,79.70978058248527,133.92246952130162,38.60242520598464,-38.60242520598464,0.0,0.0,10.154727206880942,-0.0,2.0,0.0
338,2024-12-04 00:00:00+00:00,renewable_shift,median_risk_neutral,62.28910086628271,79.70978058248527,17.420679716202557,34.50778583718635,-34.50778583718635,0.0,0.0,5.891259574468085,0.0,2.0,0.0
338,2024-12-04 00:00:00+00:00,renewable_shift,raw_cvar,61.42150702456857,79.70978058248527,18.288273557916696,30.068106330172473,-13.650929332554348,0.0,0.0,5.891259574468085,0.0,2.0,0.0
338,2024-12-04 00:00:00+00:00,renewable_shift,static_cvar,43.881488884929,79.70978058248527,35.82829169755627,23.327379641083358,3.1572738670766225,0.0,0.0,4.007659574468086,0.0,2.0,0.0
338,2024-12-04 00:00:00+00:00,renewable_shift,adaptive_risk_neutral,62.05717069061194,79.70978058248527,17.652609891873325,29.817107103482634,2.992810810908531,0.0,0.0,5.891259574468085,0.0,2.0,0.0
338,2024-12-04 00:00:00+00:00,renewable_shift,adaptive_cvar,59.619935445401765,79.70978058248527,20.0898451370835,26.913353982729102,-4.538331556251654,0.0,0.0,4.855787639431208,0.0,2.0,0.0
338,2024-12-04 00:00:00+00:00,renewable_shift,oracle,79.70978058248527,79.70978058248527,0.0,79.70978058248527,-79.70978058248527,0.0,0.0,9.778689361702128,0.0,2.0,0.0
339,2024-12-05 00:00:00+00:00,renewable_shift,seasonal_naive,-10.722765351347489,80.1184358372662,90.8412011886137,79.70978058248527,-79.70978058248527,0.0,0.0,9.778689361702128,0.0,2.0,0.0
339,2024-12-05 00:00:00+00:00,renewable_shift,median_risk_neutral,28.817996390871862,80.1184358372662,51.30043944639434,63.67917893893646,-63.67917893893646,0.0,0.0,7.895089361702127,-0.0,2.0,0.0
339,2024-12-05 00:00:00+00:00,renewable_shift,raw_cvar,31.58416311449816,80.1184358372662,48.534272722768044,59.046080778500496,-26.532458251336415,0.0,0.0,7.895089361702127,0.0,2.0,0.0
339,2024-12-05 00:00:00+00:00,renewable_shift,static_cvar,5.918564920482556,80.1184358372662,74.19987091678365,53.51882453192328,-12.73965272129877,0.0,0.0,7.895089361702128,-0.0,2.0,0.0
339,2024-12-05 00:00:00+00:00,renewable_shift,adaptive_risk_neutral,37.745771221124365,80.1184358372662,42.37266461614184,60.7816517167267,-13.559815547232336,0.0,0.0,7.895089361702127,0.0,2.0,0.0
339,2024-12-05 00:00:00+00:00,renewable_shift,adaptive_cvar,30.86983284582701,80.1184358372662,49.2486029914392,59.903482508819934,-16.428471388399448,0.0,0.0,7.895089361702128,0.0,2.0,0.0
339,2024-12-05 00:00:00+00:00,renewable_shift,oracle,80.1184358372662,80.1184358372662,0.0,80.1184358372662,-80.1184358372662,0.0,0.0,11.3016,0.0,2.0,0.0
340,2024-12-06 00:00:00+00:00,renewable_shift,seasonal_naive,-31.256878081809813,34.83385129469234,66.09072937650215,70.97393624579253,-70.97393624579253,0.0,0.0,11.301599999999999,0.0,2.0,0.0
340,2024-12-06 00:00:00+00:00,renewable_shift,median_risk_neutral,12.607091370217105,34.83385129469234,22.226759924475232,39.2073143096346,-39.2073143096346,0.0,0.0,7.902763603440471,-0.0,2.0,0.0
340,2024-12-06 00:00:00+00:00,renewable_shift,raw_cvar,16.744214197527885,34.83385129469234,18.089637097164452,34.502637817472866,-16.95033301771154,0.0,0.0,6.139393390674513,-0.0,2.0,0.0
340,2024-12-06 00:00:00+00:00,renewable_shift,static_cvar,16.446587922140704,34.83385129469234,18.387263372551633,27.95599907498937,2.8002764715512014,0.0,0.0,5.891259574468085,-0.0,2.0,0.0
340,2024-12-06 00:00:00+00:00,renewable_shift,adaptive_risk_neutral,14.99903479171736,34.83385129469234,19.834816502974977,31.558894630020063,4.011037513573498,0.0,0.0,6.139393390674513,-0.0,2.0,0.0
340,2024-12-06 00:00:00+00:00,renewable_shift,adaptive_cvar,16.39014209992766,34.83385129469234,18.443709194764676,30.54250427714346,0.7104477699839877,0.0,0.0,6.011489361702127,-0.0,2.0,0.0
340,2024-12-06 00:00:00+00:00,renewable_shift,oracle,34.83385129469234,34.83385129469234,0.0,34.83385129469234,-34.83385129469234,0.0,0.0,4.263467632412857,0.9361702127659575,2.0,0.0
341,2024-12-07 00:00:00+00:00,renewable_shift,seasonal_naive,-17.646989660891414,56.07677192616168,73.7237615870531,34.83385129469234,-34.83385129469234,0.0,0.0,4.263467632412857,0.9361702127659575,2.0,0.0
341,2024-12-07 00:00:00+00:00,renewable_shift,median_risk_neutral,7.93098154596832,56.07677192616168,48.14579038019336,12.372068044113496,-12.372068044113496,0.0,0.0,5.778704028972386,-0.0,2.0,0.0
341,2024-12-07 00:00:00+00:00,renewable_shift,raw_cvar,21.26303225811705,56.07677192616168,34.81373966804463,8.815754061417131,2.8723192725477533,0.0,0.0,4.007659574468086,0.0,2.0,0.0
341,2024-12-07 00:00:00+00:00,renewable_shift,static_cvar,10.937453274408758,56.07677192616168,45.13931865175292,5.114087078331027,6.78668482687731,0.0,0.0,2.4815434237391836,0.7615996929736503,2.0,0.0
341,2024-12-07 00:00:00+00:00,renewable_shift,adaptive_risk_neutral,-1.3301071375323303,56.07677192616168,57.406879063694014,11.179879881476023,17.673064516442555,0.0,0.0,5.6508,-0.0,1.88,0.0
341,2024-12-07 00:00:00+00:00,renewable_shift,adaptive_cvar,0.9630866589733049,56.07677192616168,55.11368526718838,9.679696093945902,5.844462427501869,0.0,0.0,3.3408519002175985,0.5585779064417881,2.0,0.0
341,2024-12-07 00:00:00+00:00,renewable_shift,oracle,56.07677192616168,56.07677192616168,0.0,56.07677192616168,-56.07677192616168,0.0,0.0,11.910423177908555,-0.0,2.0,0.0
342,2024-12-08 00:00:00+00:00,renewable_shift,seasonal_naive,-4.574488223335393,79.37206887568608,83.94655709902148,56.07677192616168,-56.07677192616168,0.0,0.0,11.910423177908555,-0.0,2.0,0.0
342,2024-12-08 00:00:00+00:00,renewable_shift,median_risk_neutral,-37.875111930859006,79.37206887568608,117.24718080654509,15.678118301152807,-15.678118301152807,0.0,0.0,3.8951040289723857,0.9361702127659575,2.0,0.0
342,2024-12-08 00:00:00+00:00,renewable_shift,raw_cvar,-36.44459350255595,79.37206887568608,115.81666237824203,12.35557582553716,-6.416955850107945,0.0,0.0,3.0821949378689477,0.9361702127659575,2.0,0.0
342,2024-12-08 00:00:00+00:00,renewable_shift,static_cvar,-23.165599210495287,79.37206887568608,102.53766808618137,10.386423658983436,5.85780069313259,0.0,0.0,2.1317338162064283,0.9361702127659575,2.0,0.0
342,2024-12-08 00:00:00+00:00,renewable_shift,adaptive_risk_neutral,-9.137019003682665,79.37206887568608,88.50908787936875,9.131344796830227,7.634633228751078,0.0,0.0,2.1317338162064283,0.9361702127659575,2.0,0.0
342,2024-12-08 00:00:00+00:00,renewable_shift,adaptive_cvar,-17.100238130780987,79.37206887568608,96.47230700646708,8.888857501228461,3.553907772227685,0.0,0.0,2.1317338162064283,0.9361702127659575,2.0,0.0
342,2024-12-08 00:00:00+00:00,renewable_shift,oracle,79.37206887568608,79.37206887568608,0.0,79.37206887568608,-79.37206887568608,0.0,0.0,11.542059574468084,-0.0,2.0,0.0
343,2024-12-09 00:00:00+00:00,renewable_shift,seasonal_naive,-46.51994962750546,36.08575309910903,82.60570272661448,79.37206887568608,-79.37206887568608,0.0,0.0,11.542059574468084,-0.0,2.0,0.0
343,2024-12-09 00:00:00+00:00,renewable_shift,median_risk_neutral,-8.033519569928897,36.08575309910903,44.119272669037926,15.248141603513213,-15.248141603513213,0.0,0.0,4.007659574468085,-0.0,2.0,0.0
343,2024-12-09 00:00:00+00:00,renewable_shift,raw_cvar,-4.201669626845504,36.08575309910903,40.28742272595453,17.73558199593331,-11.122439969221,0.0,0.0,4.086310018996789,-0.0,2.0,0.0
343,2024-12-09 00:00:00+00:00,renewable_shift,static_cvar,-17.52904728286365,36.08575309910903,53.61480038197268,29.367111077829566,-6.441653137067065,0.0,0.0,5.998609517954387,-0.0,2.0,0.0
343,2024-12-09 00:00:00+00:00,renewable_shift,adaptive_risk_neutral,-29.88967253203612,36.08575309910903,65.97542563114514,28.565322528235676,13.16776851285473,0.0,0.0,7.895089361702128,-0.0,2.0,0.0
343,2024-12-09 00:00:00+00:00,renewable_shift,adaptive_cvar,-8.41029923468135,36.08575309910903,44.496052333790374,24.692097022656576,-0.8043024758619964,0.0,0.0,5.266159548847456,0.0,2.0,0.0
343,2024-12-09 00:00:00+00:00,renewable_shift,oracle,36.08575309910903,36.08575309910903,0.0,36.08575309910903,-36.08575309910903,0.0,0.0,9.794037845178813,0.0,2.0,0.0
344,2024-12-10 00:00:00+00:00,renewable_shift,seasonal_naive,-55.654304200095254,33.45461738531071,89.10892158540597,36.08575309910903,-36.08575309910903,0.0,0.0,9.794037845178813,0.0,2.0,0.0
344,2024-12-10 00:00:00+00:00,renewable_shift,median_risk_neutral,-15.18461547499551,33.45461738531071,48.63923286030622,7.94698293407137,-7.94698293407137,0.0,0.0,4.007659574468086,-0.0,2.0,0.0
344,2024-12-10 00:00:00+00:00,renewable_shift,raw_cvar,-28.69722617234478,33.45461738531071,62.151843557655496,6.881212085188653,1.8604344502563523,0.0,0.0,5.114106457686077,0.048891033774745185,1.9288910337747451,0.0
344,2024-12-10 00:00:00+00:00,renewable_shift,static_cvar,-17.195739480311605,33.45461738531071,50.650356865622314,7.08509807668403,12.280014405394931,0.0,0.0,4.367517952710747,-0.0,1.8069190510018056,0.0
344,2024-12-10 00:00:00+00:00,renewable_shift,adaptive_risk_neutral,-13.565199253126472,33.45461738531071,47.019816638437185,8.428915450538536,26.37863107165574,0.0,0.0,6.011489361702128,-0.0,2.0,0.0
344,2024-12-10 00:00:00+00:00,renewable_shift,adaptive_cvar,-15.248158751931305,33.45461738531071,48.70277613724202,5.074145953159179,8.70426952268822,0.0,0.0,3.3998266230384333,0.0,1.5386147310191765,0.0
344,2024-12-10 00:00:00+00:00,renewable_shift,oracle,33.45461738531071,33.45461738531071,0.0,33.45461738531071,-33.45461738531071,0.0,0.0,7.895089361702128,-0.0,2.0,0.0
345,2024-12-11 00:00:00+00:00,renewable_shift,seasonal_naive,-20.37507496764131,43.22842442367481,63.60349939131612,33.45461738531071,-33.45461738531071,0.0,0.0,7.895089361702128,-0.0,2.0,0.0
345,2024-12-11 00:00:00+00:00,renewable_shift,median_risk_neutral,-14.496228717749053,43.22842442367481,57.724653141423865,21.612806009288953,-21.612806009288953,0.0,0.0,6.019163603440471,-0.0,2.0,0.0
345,2024-12-11 00:00:00+00:00,renewable_shift,raw_cvar,9.314028394225392,43.22842442367481,33.91439602944942,18.38378005550034,-7.128687741472317,0.0,0.0,6.282602258142015,-0.0,2.0,0.0
345,2024-12-11 00:00:00+00:00,renewable_shift,static_cvar,-2.44193069005453,43.22842442367481,45.67035511372934,16.165553683036446,5.351672652077791,0.0,0.0,8.299527730011034,-0.0,2.0,0.0
345,2024-12-11 00:00:00+00:00,renewable_shift,adaptive_risk_neutral,-23.35606326740751,43.22842442367481,66.58448769108232,22.11249595783679,25.736278609562795,0.0,0.0,9.658459574468084,-0.0,2.0,0.0
345,2024-12-11 00:00:00+00:00,renewable_shift,adaptive_cvar,3.459259022625373,43.22842442367481,39.769165401049435,17.545973324301553,7.00874974448533,0.0,0.0,6.7136976880717,-0.0,2.0,0.0
345,2024-12-11 00:00:00+00:00,renewable_shift,oracle,43.22842442367481,43.22842442367481,0.0,43.22842442367481,-43.22842442367481,0.0,0.0,10.282631235853327,0.06000000000000005,2.0,0.0
346,2024-12-12 00:00:00+00:00,renewable_shift,seasonal_naive,-34.95905233210097,31.49340966244221,66.45246199454317,43.22842442367481,-43.22842442367481,0.0,0.0,10.282631235853327,0.06000000000000005,2.0,0.0
346,2024-12-12 00:00:00+00:00,renewable_shift,median_risk_neutral,-13.094466796705367,31.49340966244221,44.58787645914758,13.380668250778164,-13.380668250778163,0.0,0.0,5.891259574468085,-0.0,2.0,0.0
346,2024-12-12 00:00:00+00:00,renewable_shift,raw_cvar,-8.666222776892152,31.49340966244221,40.15963243933436,9.435441936264358,0.7686680920689202,0.0,0.0,5.870857147472678,-0.0,2.0,0.0
346,2024-12-12 00:00:00+00:00,renewable_shift,static_cvar,0.0,31.49340966244221,31.49340966244221,0.0,0.0,0.0,0.0,0.0,1.0,1.0,0.0
346,2024-12-12 00:00:00+00:00,renewable_shift,adaptive_risk_neutral,-9.66922971183738,31.49340966244221,41.16263937427959,8.627151554576333,31.028115305040913,0.0,0.0,5.891259574468085,-0.0,2.0,0.0
346,2024-12-12 00:00:00+00:00,renewable_shift,adaptive_cvar,3.662490298202992,31.49340966244221,27.830919364239218,4.358033404660193,7.129398269373568,0.0,0.0,3.070011376474859,-0.0,1.532071933471208,0.0
346,2024-12-12 00:00:00+00:00,renewable_shift,oracle,31.49340966244221,31.49340966244221,0.0,31.49340966244221,-31.493409662442208,0.0,0.0,8.022993390674515,0.0,2.0,0.0
347,2024-12-13 00:00:00+00:00,renewable_shift,seasonal_naive,-28.894938065790974,65.23977388105352,94.1347119468445,31.49340966244221,-31.493409662442208,0.0,0.0,8.022993390674515,0.0,2.0,0.0
347,2024-12-13 00:00:00+00:00,renewable_shift,median_risk_neutral,14.368213685719223,65.23977388105352,50.8715601953343,18.784329856629693,-18.784329856629693,0.0,0.0,5.771029787234042,-0.0,2.0,0.0
347,2024-12-13 00:00:00+00:00,renewable_shift,raw_cvar,10.864362289517395,65.23977388105352,54.37541159153613,20.56957712153457,-7.568263254978272,0.0,0.0,5.771029787234042,-0.0,2.0,0.0
347,2024-12-13 00:00:00+00:00,renewable_shift,static_cvar,15.774359409816899,65.23977388105352,49.46541447123663,23.808895952980254,2.667738076612673,0.0,0.0,5.771029787234042,-0.0,2.0,0.0
347,2024-12-13 00:00:00+00:00,renewable_shift,adaptive_risk_neutral,10.894875896020956,65.23977388105352,54.34489798503257,20.720762373639655,13.637334411672207,0.0,0.0,6.011489361702127,-0.0,2.0,0.0
347,2024-12-13 00:00:00+00:00,renewable_shift,adaptive_cvar,18.64005628172542,65.23977388105352,46.5997175993281,19.435599607061196,3.755874043085516,0.0,0.0,5.077802244333115,-0.0,1.94,0.0
347,2024-12-13 00:00:00+00:00,renewable_shift,oracle,65.23977388105352,65.23977388105352,0.0,65.23977388105352,-65.23977388105352,0.0,0.0,9.778689361702128,0.0,2.0,0.0
348,2024-12-14 00:00:00+00:00,renewable_shift,seasonal_naive,-15.08879800456151,36.66715835856523,51.75595636312674,65.23977388105352,-65.23977388105352,0.0,0.0,9.778689361702128,0.0,2.0,0.0
348,2024-12-14 00:00:00+00:00,renewable_shift,median_risk_neutral,3.118655995444196,36.66715835856523,33.54850236312104,12.476079982438424,-12.476079982438424,0.0,0.0,2.0038297872340425,1.0,2.0,0.0
348,2024-12-14 00:00:00+00:00,renewable_shift,raw_cvar,1.819008949708751,36.66715835856523,34.84814940885648,10.4374528295943,-7.12119599564662,0.0,0.0,2.003829787234043,1.0,2.0,0.0
348,2024-12-14 00:00:00+00:00,renewable_shift,static_cvar,-1.902345963086415,36.66715835856523,38.56950432165165,9.277954655699011,-2.1717572230713578,0.0,0.0,2.050125760575317,1.0,2.0,0.0
348,2024-12-14 00:00:00+00:00,renewable_shift,adaptive_risk_neutral,-7.159896169475907,36.66715835856523,43.82705452804114,12.009454506080203,12.288224074566163,0.0,0.0,3.7672,1.0,2.0,0.0
348,2024-12-14 00:00:00+00:00,renewable_shift,adaptive_cvar,7.763606599034827,36.66715835856523,28.903551759530405,10.568665703720479,-0.3250146024280738,0.0,0.0,2.0038297872340425,1.0,2.0,0.0
348,2024-12-14 00:00:00+00:00,renewable_shift,oracle,36.66715835856523,36.66715835856523,0.0,36.66715835856523,-36.66715835856523,0.0,0.0,5.778704028972386,0.1200000000000001,2.0,0.0
349,2024-12-15 00:00:00+00:00,renewable_shift,seasonal_naive,76.19720007756744,111.46767396892892,35.270473891361476,36.66715835856523,-36.66715835856523,0.0,0.0,5.778704028972386,0.1200000000000001,2.0,0.0
349,2024-12-15 00:00:00+00:00,renewable_shift,median_risk_neutral,11.94820495489733,111.46767396892892,99.51946901403159,24.380737600226936,-24.380737600226936,0.0,0.0,6.019163603440471,-0.0,2.0,0.0
349,2024-12-15 00:00:00+00:00,renewable_shift,raw_cvar,11.255580075337463,111.46767396892892,100.21209389359146,22.914413559543313,-15.559720204124822,0.0,0.0,4.068433394410395,-0.0,2.0,0.0
349,2024-12-15 00:00:00+00:00,renewable_shift,static_cvar,71.0259295173341,111.46767396892892,40.441744451594815,19.632555851572064,-0.8726642276329113,0.0,0.0,4.007659574468085,-0.0,2.0,0.0
349,2024-12-15 00:00:00+00:00,renewable_shift,adaptive_risk_neutral,91.06005229316118,111.46767396892892,20.407621675767743,23.891749522689388,4.899076419411368,0.0,0.0,5.891259574468085,-0.0,2.0,0.0
349,2024-12-15 00:00:00+00:00,renewable_shift,adaptive_cvar,88.77141361227476,111.46767396892892,22.696260356654165,23.631962537396216,-1.297432936216254,0.0,0.0,4.135563603440471,-0.0,2.0,0.0
349,2024-12-15 00:00:00+00:00,renewable_shift,oracle,111.46767396892892,111.46767396892892,0.0,111.46767396892892,-111.4676739689289,0.0,0.0,8.01531914893617,-0.0,2.0,0.0
350,2024-12-16 00:00:00+00:00,renewable_shift,seasonal_naive,-17.9183064810799,94.65037436391181,112.5686808449917,111.46767396892892,-111.4676739689289,0.0,0.0,8.01531914893617,-0.0,2.0,0.0
350,2024-12-16 00:00:00+00:00,renewable_shift,median_risk_neutral,-6.698884749557507,94.65037436391181,101.34925911346932,32.88607774875605,-32.88607774875605,0.0,0.0,6.011489361702127,-0.0,2.0,0.0
350,2024-12-16 00:00:00+00:00,renewable_shift,raw_cvar,-7.0161434440106865,94.65037436391181,101.66651780792249,31.48217880633727,-16.602082457740714,0.0,0.0,6.011489361702127,-0.0,2.0,0.0
350,2024-12-16 00:00:00+00:00,renewable_shift,static_cvar,-9.583089835500054,94.65037436391181,104.23346419941186,31.47034639531953,-2.8540848587949514,0.0,0.0,6.011489361702128,-0.0,2.0,0.0
350,2024-12-16 00:00:00+00:00,renewable_shift,adaptive_risk_neutral,-5.998413515234789,94.65037436391181,100.6487878791466,33.99349116529719,0.06507899404881755,0.0,0.0,7.895089361702127,-0.0,2.0,0.0
350,2024-12-16 00:00:00+00:00,renewable_shift,adaptive_cvar,-7.464382590686811,94.65037436391181,102.11475695459862,33.60315410613716,-6.05728949880365,0.0,0.0,6.139393390674514,0.0,2.0,0.0
350,2024-12-16 00:00:00+00:00,renewable_shift,oracle,94.65037436391181,94.65037436391181,0.0,94.65037436391181,-94.6503743639118,0.0,0.0,9.658459574468084,0.0,2.0,0.0
351,2024-12-17 00:00:00+00:00,renewable_shift,seasonal_naive,-69.94846810742993,52.757597924308094,122.70606603173803,94.65037436391181,-94.6503743639118,0.0,0.0,9.658459574468084,0.0,2.0,0.0
351,2024-12-17 00:00:00+00:00,renewable_shift,median_risk_neutral,11.9902894459096,52.757597924308094,40.76730847839849,13.013342303580867,-13.013342303580867,0.0,0.0,4.263467632412857,0.1200000000000001,2.0,0.0
351,2024-12-17 00:00:00+00:00,renewable_shift,raw_cvar,8.562912729012375,52.757597924308094,44.19468519529572,10.58698336732486,-4.446802162871805,0.0,0.0,2.9395330761881926,0.533042529402792,2.0,0.0
351,2024-12-17 00:00:00+00:00,renewable_shift,static_cvar,0.8414078788645334,52.757597924308094,51.91619004544356,6.727072389696102,2.360021879429583,0.0,0.0,2.003829787234043,1.0,2.0,0.0
351,2024-12-17 00:00:00+00:00,renewable_shift,adaptive_risk_neutral,0.3184744253957721,52.757597924308094,52.43912349891232,12.95920236678774,11.025673040102323,0.0,0.0,4.135563603440471,-0.0,2.0,0.0
351,2024-12-17 00:00:00+00:00,renewable_shift,adaptive_cvar,-0.15159878119596382,52.757597924308094,52.90919670550406,10.88396646832195,5.1550812827145664,0.0,0.0,2.92959039562131,0.5380043682926144,2.0,0.0
351,2024-12-17 00:00:00+00:00,renewable_shift,oracle,52.757597924308094,52.757597924308094,0.0,52.757597924308094,-52.757597924308094,0.0,0.0,7.774859574468085,-0.0,2.0,0.0
352,2024-12-18 00:00:00+00:00,renewable_shift,seasonal_naive,-31.87166787345153,96.08538367336755,127.95705154681907,52.757597924308094,-52.757597924308094,0.0,0.0,7.774859574468085,-0.0,2.0,0.0
352,2024-12-18 00:00:00+00:00,renewable_shift,median_risk_neutral,90.16898462230131,96.08538367336755,5.916399051066236,34.90250926410778,-34.90250926410778,0.0,0.0,6.139393390674513,0.0,2.0,0.0
352,2024-12-18 00:00:00+00:00,renewable_shift,raw_cvar,82.92231986375725,96.08538367336755,13.163063809610293,29.85743011682982,-1.4030160993431562,0.0,0.0,6.139393390674513,0.0,2.0,0.0
352,2024-12-18 00:00:00+00:00,renewable_shift,static_cvar,57.615404666281854,96.08538367336755,38.46997900708569,24.890115625506574,1.5130430445266794,0.0,0.0,4.135563603440471,0.8761702127659574,2.0,0.0
352,2024-12-18 00:00:00+00:00,renewable_shift,adaptive_risk_neutral,80.37715550428602,96.08538367336755,15.708228169081522,28.54759387511523,17.4505839190078,0.0,0.0,6.019163603440471,0.06000000000000005,2.0,0.0
352,2024-12-18 00:00:00+00:00,renewable_shift,adaptive_cvar,61.987850705394244,96.08538367336755,34.0975329679733,24.335671956665003,4.587876095472508,0.0,0.0,4.163034264291146,0.8657544980536624,2.0,0.0
352,2024-12-18 00:00:00+00:00,renewable_shift,oracle,96.08538367336755,96.08538367336755,0.0,96.08538367336755,-96.08538367336755,0.0,0.0,7.774859574468085,-0.0,2.0,0.0
353,2024-12-19 00:00:00+00:00,renewable_shift,seasonal_naive,93.91771666265652,133.0022509326388,39.08453426998227,96.08538367336755,-96.08538367336755,0.0,0.0,7.774859574468085,-0.0,2.0,0.0
353,2024-12-19 00:00:00+00:00,renewable_shift,median_risk_neutral,53.16761383755541,133.0022509326388,79.83463709508338,36.39304218552641,-36.39304218552641,0.0,0.0,6.139393390674513,0.0,2.0,0.0
353,2024-12-19 00:00:00+00:00,renewable_shift,raw_cvar,38.40195256117653,133.0022509326388,94.60029837146226,26.926147657249317,-8.091956980380091,0.0,0.0,3.8874297872340424,1.0,2.0,0.0
353,2024-12-19 00:00:00+00:00,renewable_shift,static_cvar,37.00173546934128,133.0022509326388,96.00051546329752,25.337835700673732,-6.563183310189719,0.0,0.0,4.225628235661824,0.5631742076852082,2.0,0.0
353,2024-12-19 00:00:00+00:00,renewable_shift,adaptive_risk_neutral,58.16500927855033,133.0022509326388,74.83724165408846,35.843484440947364,9.634107882849477,0.0,0.0,6.139393390674513,0.0,2.0,0.0
353,2024-12-19 00:00:00+00:00,renewable_shift,adaptive_cvar,49.36160810661442,133.0022509326388,83.64064282602436,34.35442836257398,-1.5519446862067026,0.0,0.0,6.019163603440472,0.06000000000000005,2.0,0.0
353,2024-12-19 00:00:00+00:00,renewable_shift,oracle,133.0022509326388,133.0022509326388,0.0,133.0022509326388,-133.0022509326388,0.0,0.0,8.27112720688094,-0.0,2.0,0.0
354,2024-12-20 00:00:00+00:00,renewable_shift,seasonal_naive,-5.014003663516682,17.468921191691294,22.482924855207976,133.0022509326388,-133.0022509326388,0.0,0.0,8.27112720688094,-0.0,2.0,0.0
354,2024-12-20 00:00:00+00:00,renewable_shift,median_risk_neutral,-9.519996072875758,17.468921191691294,26.98891726456705,20.641091148936784,-20.641091148936784,0.0,0.0,4.13556360344047,-0.0,2.0,0.0
354,2024-12-20 00:00:00+00:00,renewable_shift,raw_cvar,-5.828385066053997,17.468921191691294,23.29730625774529,16.5388432864624,-3.0119843842047063,0.0,0.0,2.2778132804675373,0.8632700766407491,2.0,0.0
354,2024-12-20 00:00:00+00:00,renewable_shift,static_cvar,-6.245663049445705,17.468921191691294,23.714584241136997,18.249957393245882,-0.5843566252779075,0.0,0.0,2.0248637436104464,0.9895031222160653,2.0,0.0
354,2024-12-20 00:00:00+00:00,renewable_shift,adaptive_risk_neutral,-6.179768950663678,17.468921191691294,23.648690142354972,15.801259029920214,6.047171521522846,0.0,0.0,2.0038297872340425,1.0,2.0,0.0
354,2024-12-20 00:00:00+00:00,renewable_shift,adaptive_cvar,-6.712187313733361,17.468921191691294,24.181108505424653,14.048326062350748,0.6194375595419176,0.0,0.0,2.0038297872340425,1.0,2.0,0.0
354,2024-12-20 00:00:00+00:00,renewable_shift,oracle,17.468921191691294,17.468921191691294,0.0,17.468921191691294,-17.468921191691294,0.0,0.0,6.019163603440471,0.06000000000000005,2.0,0.0
355,2024-12-21 00:00:00+00:00,renewable_shift,seasonal_naive,20.485964395798327,63.59653186126516,43.110567465466836,17.468921191691294,-17.468921191691294,0.0,0.0,6.019163603440471,0.06000000000000005,2.0,0.0
355,2024-12-21 00:00:00+00:00,renewable_shift,median_risk_neutral,41.16620242468395,63.59653186126516,22.43032943658121,9.507083317319605,-9.507083317319605,0.0,0.0,5.6508,0.06000000000000005,1.94,0.0
355,2024-12-21 00:00:00+00:00,renewable_shift,raw_cvar,26.53353451401544,63.59653186126516,37.06299734724972,10.7808371162902,1.8905600192667367,0.0,0.0,4.263467632412857,0.06000000000000005,1.2476595744680852,0.0
355,2024-12-21 00:00:00+00:00,renewable_shift,static_cvar,0.0,63.59653186126516,63.59653186126516,0.0,0.0,0.0,0.0,0.0,1.0,1.0,0.0
355,2024-12-21 00:00:00+00:00,renewable_shift,adaptive_risk_neutral,20.372326290344045,63.59653186126516,43.224205570921114,7.182813430629155,19.265351097348603,0.0,0.0,3.8951040289723857,-0.0,1.0638297872340425,0.0
355,2024-12-21 00:00:00+00:00,renewable_shift,adaptive_cvar,10.52341699173666,63.59653186126516,53.0731148695285,6.0406562628313685,9.116510110150465,0.0,0.0,2.0038297872340425,-0.0,1.0,0.0
355,2024-12-21 00:00:00+00:00,renewable_shift,oracle,63.59653186126516,63.59653186126516,0.0,63.59653186126516,-63.59653186126516,0.0,0.0,10.162401448619285,0.0,1.94,0.0
356,2024-12-22 00:00:00+00:00,renewable_shift,seasonal_naive,-50.70779076599784,46.37043973635642,97.07823050235426,63.59653186126516,-63.59653186126516,0.0,0.0,10.162401448619285,0.0,1.94,0.0
356,2024-12-22 00:00:00+00:00,renewable_shift,median_risk_neutral,-13.29874377067688,46.37043973635642,59.669183507033296,14.223520152211945,-14.223520152211945,0.0,0.0,4.135563603440471,-0.0,2.0,0.0
356,2024-12-22 00:00:00+00:00,renewable_shift,raw_cvar,-13.673049519269282,46.37043973635642,60.0434892556257,12.664926032995432,-2.9919552502836297,0.0,0.0,4.633800284061329,-0.0,2.0,0.0
356,2024-12-22 00:00:00+00:00,renewable_shift,static_cvar,0.7498288072230768,46.37043973635642,45.62061092913334,14.442044702845154,7.653669369989633,0.0,0.0,4.007659574468086,-0.0,2.0,0.0
356,2024-12-22 00:00:00+00:00,renewable_shift,adaptive_risk_neutral,-2.2221491034011827,46.37043973635642,48.592588839757596,10.362610608706389,8.529884117317577,0.0,0.0,4.007659574468085,-0.0,2.0,0.0
356,2024-12-22 00:00:00+00:00,renewable_shift,adaptive_cvar,-5.993566016377702,46.37043973635642,52.364005752734116,9.695404235519982,5.004326557735071,0.0,0.0,4.007659574468085,-0.0,2.0,0.0
356,2024-12-22 00:00:00+00:00,renewable_shift,oracle,46.37043973635642,46.37043973635642,0.0,46.37043973635642,-46.37043973635642,0.0,0.0,7.5344,0.0,2.0,0.0
357,2024-12-23 00:00:00+00:00,renewable_shift,seasonal_naive,-28.215732223772452,70.50022996435384,98.71596218812628,46.37043973635642,-46.37043973635642,0.0,0.0,7.5344,0.0,2.0,0.0
357,2024-12-23 00:00:00+00:00,renewable_shift,median_risk_neutral,39.78026705925024,70.50022996435384,30.719962905103593,40.70941954275672,-40.70941954275672,0.0,0.0,6.019163603440471,-0.0,2.0,0.0
357,2024-12-23 00:00:00+00:00,renewable_shift,raw_cvar,25.231047235719466,70.50022996435384,45.26918272863437,36.64044895376982,-8.909354598635842,0.0,0.0,6.019163603440471,-0.0,2.0,0.0
357,2024-12-23 00:00:00+00:00,renewable_shift,static_cvar,18.61521206502365,70.50022996435384,51.88501789933019,35.270927789453374,-1.5988758390054667,0.0,0.0,5.143231964252602,-0.0,2.0,0.0
357,2024-12-23 00:00:00+00:00,renewable_shift,adaptive_risk_neutral,25.231047235719466,70.50022996435384,45.26918272863437,35.050581195014765,0.602435402950569,0.0,0.0,6.019163603440471,-0.0,2.0,0.0
357,2024-12-23 00:00:00+00:00,renewable_shift,adaptive_cvar,21.18706156792866,70.50022996435384,49.313168396425176,34.359809808632185,-1.49339374944091,0.0,0.0,5.483742919060318,-0.0,2.0,0.0
357,2024-12-23 00:00:00+00:00,renewable_shift,oracle,70.50022996435384,70.50022996435384,0.0,70.50022996435384,-70.50022996435384,0.0,0.0,12.28646102308737,0.0,2.0,0.0
358,2024-12-24 00:00:00+00:00,renewable_shift,seasonal_naive,-11.481620087897326,39.29186270797821,50.77348279587554,70.33892737544971,-70.33892737544971,0.0,0.0,12.166231235853328,0.0,2.0,0.0
358,2024-12-24 00:00:00+00:00,renewable_shift,median_risk_neutral,23.560209624864804,39.29186270797821,15.731653083113407,28.661477310832133,-28.661477310832137,0.0,0.0,6.011489361702128,0.0,2.0,0.0
358,2024-12-24 00:00:00+00:00,renewable_shift,raw_cvar,14.050251976115101,39.29186270797821,25.241610731863112,25.841789060598273,-11.743464587108887,0.0,0.0,6.011489361702128,0.0,2.0,0.0
358,2024-12-24 00:00:00+00:00,renewable_shift,static_cvar,-0.5688645535178516,39.29186270797821,39.860727261496066,21.74567718149223,10.92598489659894,0.0,0.0,6.011489361702127,-0.0,2.0,0.0
358,2024-12-24 00:00:00+00:00,renewable_shift,adaptive_risk_neutral,13.306740104182376,39.29186270797821,25.985122603795837,21.865920852606752,8.12592489619052,0.0,0.0,6.011489361702128,0.0,2.0,0.0
358,2024-12-24 00:00:00+00:00,renewable_shift,adaptive_cvar,7.516187456613276,39.29186270797821,31.775675251364937,20.900138381352217,4.407597383977709,0.0,0.0,6.011489361702128,-0.0,2.0,0.0
358,2024-12-24 00:00:00+00:00,renewable_shift,oracle,39.29186270797821,39.29186270797821,0.0,39.29186270797821,-39.29186270797821,0.0,0.0,9.538229787234043,-0.0,2.0,0.0
359,2024-12-25 00:00:00+00:00,renewable_shift,seasonal_naive,-13.84017345691679,55.74980919771315,69.58998265462994,39.29186270797821,-39.29186270797821,0.0,0.0,9.538229787234043,-0.0,2.0,0.0
359,2024-12-25 00:00:00+00:00,renewable_shift,median_risk_neutral,18.84538405775734,55.74980919771315,36.904425139955805,35.15631147939426,-35.15631147939426,0.0,0.0,8.01531914893617,0.0,2.0,0.0
359,2024-12-25 00:00:00+00:00,renewable_shift,raw_cvar,14.001317166867409,55.74980919771315,41.74849203084574,33.60072564321707,-20.124625070997745,0.0,0.0,8.01531914893617,0.0,2.0,0.0
359,2024-12-25 00:00:00+00:00,renewable_shift,static_cvar,19.09621562948054,55.74980919771315,36.65359356823261,33.0228812557715,-3.63435405809001,0.0,0.0,7.656184113181646,0.06000000000000005,2.0,0.0
359,2024-12-25 00:00:00+00:00,renewable_shift,adaptive_risk_neutral,14.26623934180833,55.74980919771315,41.48356985590482,39.15908465504273,-16.34947676997444,0.0,0.0,8.01531914893617,0.0,2.0,0.0
359,2024-12-25 00:00:00+00:00,renewable_shift,adaptive_cvar,14.984726494059968,55.74980919771315,40.76508270365318,38.92133659804372,-17.296556047037537,0.0,0.0,7.866782490327359,-0.0,2.0,0.0
359,2024-12-25 00:00:00+00:00,renewable_shift,oracle,55.74980919771315,55.74980919771315,0.0,55.74980919771315,-55.74980919771315,0.0,0.0,11.542059574468084,0.0,2.0,0.0
360,2024-12-26 00:00:00+00:00,renewable_shift,seasonal_naive,-19.133715049542715,58.145313708960735,77.27902875850344,55.74980919771315,-55.74980919771315,0.0,0.0,11.542059574468084,0.0,2.0,0.0
360,2024-12-26 00:00:00+00:00,renewable_shift,median_risk_neutral,8.496904694405131,58.145313708960735,49.648409014555604,46.39063949516231,-46.39063949516231,0.0,0.0,6.139393390674513,-0.0,2.0,0.0
360,2024-12-26 00:00:00+00:00,renewable_shift,raw_cvar,14.802393630856184,58.145313708960735,43.342920078104555,44.34136608901971,-13.953573950579115,0.0,0.0,6.139393390674513,-0.0,2.0,0.0
360,2024-12-26 00:00:00+00:00,renewable_shift,static_cvar,15.949225199961363,58.145313708960735,42.196088508999374,39.91334150058292,-0.46085716586182174,0.0,0.0,6.019163603440471,0.06000000000000005,2.0,0.0
360,2024-12-26 00:00:00+00:00,renewable_shift,adaptive_risk_neutral,8.07679628461048,58.145313708960735,50.068517424350254,45.6458935326132,-6.051932410422295,0.0,0.0,6.139393390674513,-0.0,2.0,0.0
360,2024-12-26 00:00:00+00:00,renewable_shift,adaptive_cvar,7.439126800412648,58.145313708960735,50.70618690854809,45.49612735519825,-6.593596898394267,0.0,0.0,6.191766465922663,0.02730664689636564,2.0,0.0
360,2024-12-26 00:00:00+00:00,renewable_shift,oracle,58.145313708960735,58.145313708960735,0.0,58.145313708960735,-58.14531370896074,0.0,0.0,8.526935264825713,0.0,2.0,0.0
361,2024-12-27 00:00:00+00:00,renewable_shift,seasonal_naive,-34.11582125965407,40.59809147682344,74.71391273647751,58.145313708960735,-58.14531370896074,0.0,0.0,8.526935264825713,0.0,2.0,0.0
361,2024-12-27 00:00:00+00:00,renewable_shift,median_risk_neutral,28.486049001867293,40.59809147682344,12.112042474956148,46.24405263249816,-46.24405263249816,0.0,0.0,4.13556360344047,-0.0,2.0,0.0
361,2024-12-27 00:00:00+00:00,renewable_shift,raw_cvar,29.378772177546402,40.59809147682344,11.21931929927704,41.57872608236676,-19.6026881918624,0.0,0.0,4.007659574468086,-0.0,2.0,0.0
361,2024-12-27 00:00:00+00:00,renewable_shift,static_cvar,29.9539577915821,40.59809147682344,10.644133685241343,40.94285329094216,-13.333535019201749,0.0,0.0,4.007659574468086,-0.0,2.0,0.0
361,2024-12-27 00:00:00+00:00,renewable_shift,adaptive_risk_neutral,28.88028307749967,40.59809147682344,11.717808399323772,36.96073866388509,-2.8307324231307627,0.0,0.0,4.13556360344047,-0.0,2.0,0.0
361,2024-12-27 00:00:00+00:00,renewable_shift,adaptive_cvar,26.48293062459642,40.59809147682344,14.11516085222702,35.822817593070745,-9.635521319181656,0.0,0.0,4.007659574468086,-0.0,2.0,0.0
361,2024-12-27 00:00:00+00:00,renewable_shift,oracle,40.59809147682344,40.59809147682344,0.0,40.59809147682344,-40.59809147682344,0.0,0.0,4.135563603440471,-0.0,2.0,0.0
362,2024-12-28 00:00:00+00:00,renewable_shift,seasonal_naive,9.953691219120978,58.56429898610298,48.61060776698201,40.59809147682344,-40.59809147682344,0.0,0.0,4.135563603440471,-0.0,2.0,0.0
362,2024-12-28 00:00:00+00:00,renewable_shift,median_risk_neutral,7.365993969688567,58.56429898610298,51.198305016414416,3.454712187078906,-3.4547121870789055,0.0,0.0,4.007659574468086,-0.0,2.0,0.0
362,2024-12-28 00:00:00+00:00,renewable_shift,raw_cvar,0.0,58.56429898610298,58.56429898610298,0.0,0.0,0.0,0.0,0.0,1.0,1.0,0.0
362,2024-12-28 00:00:00+00:00,renewable_shift,static_cvar,0.0,58.56429898610298,58.56429898610298,0.0,0.0,0.0,0.0,0.0,1.0,1.0,0.0
362,2024-12-28 00:00:00+00:00,renewable_shift,adaptive_risk_neutral,10.739946269367193,58.56429898610298,47.82435271673579,4.01803867080226,21.079161919656382,0.0,0.0,4.007659574468085,-0.0,2.0,0.0
362,2024-12-28 00:00:00+00:00,renewable_shift,adaptive_cvar,0.0,58.56429898610298,58.56429898610298,0.0,0.0,0.0,0.0,0.0,1.0,1.0,0.0
362,2024-12-28 00:00:00+00:00,renewable_shift,oracle,58.56429898610298,58.56429898610298,0.0,58.56429898610298,-58.56429898610298,0.0,0.0,10.162401448619285,-0.0,2.0,0.0
363,2024-12-29 00:00:00+00:00,renewable_shift,seasonal_naive,-81.31521731021652,26.05339488969564,107.36861219991216,58.56429898610298,-58.56429898610298,0.0,0.0,10.162401448619285,-0.0,2.0,0.0
363,2024-12-29 00:00:00+00:00,renewable_shift,median_risk_neutral,-9.584866701745668,26.05339488969564,35.63826159144131,7.685836678572516,-7.685836678572516,0.0,0.0,2.1317338162064283,0.9361702127659575,2.0,0.0
363,2024-12-29 00:00:00+00:00,renewable_shift,raw_cvar,-11.02980227790534,26.05339488969564,37.08319716760098,7.617053062450031,-1.4603650544959599,0.0,0.0,2.1317338162064283,0.9361702127659575,2.0,0.0
363,2024-12-29 00:00:00+00:00,renewable_shift,static_cvar,-47.56098773168513,26.05339488969564,73.61438262138077,14.66584518700351,10.847760898133387,0.0,0.0,5.523480523212884,-0.0,2.0,0.0
363,2024-12-29 00:00:00+00:00,renewable_shift,adaptive_risk_neutral,-33.707649193355564,26.05339488969564,59.7610440830512,11.69567866264006,9.333995436354126,0.0,0.0,4.135563603440471,-0.0,2.0,0.0
363,2024-12-29 00:00:00+00:00,renewable_shift,adaptive_cvar,-11.204360358574851,26.05339488969564,37.25775524827049,8.730555633012852,1.3314247671986803,0.0,0.0,2.003829787234043,1.0,2.0,0.0
363,2024-12-29 00:00:00+00:00,renewable_shift,oracle,26.05339488969564,26.05339488969564,0.0,26.05339488969564,-26.05339488969564,0.0,0.0,8.150897419646899,0.0,2.0,0.0
364,2024-12-30 00:00:00+00:00,renewable_shift,seasonal_naive,-20.537984681820575,51.617759812557594,72.15574449437817,26.05339488969564,-26.05339488969564,0.0,0.0,8.150897419646899,0.0,2.0,0.0
364,2024-12-30 00:00:00+00:00,renewable_shift,median_risk_neutral,0.40881224042932196,51.617759812557594,51.208947572128274,43.64946612612179,-43.64946612612179,0.0,0.0,6.011489361702128,0.0,2.0,0.0
364,2024-12-30 00:00:00+00:00,renewable_shift,raw_cvar,0.40881224042932196,51.617759812557594,51.208947572128274,41.25988870039667,-28.51235593407327,0.0,0.0,6.011489361702128,0.0,2.0,0.0
364,2024-12-30 00:00:00+00:00,renewable_shift,static_cvar,-9.196374354146453,51.617759812557594,60.81413416670405,32.01185188187243,-3.500579496503209,0.0,0.0,6.465849473520956,-0.0,2.0,0.0
364,2024-12-30 00:00:00+00:00,renewable_shift,adaptive_risk_neutral,-0.9038890182750396,51.617759812557594,52.52164883083263,37.70532410759531,-14.675380084739349,0.0,0.0,6.139393390674513,-0.0,2.0,0.0
364,2024-12-30 00:00:00+00:00,renewable_shift,adaptive_cvar,-6.210596256274275,51.617759812557594,57.828356068831866,37.391746478067354,-16.2615463623136,0.0,0.0,7.697322136955433,-0.0,2.0,0.0
364,2024-12-30 00:00:00+00:00,renewable_shift,oracle,51.617759812557594,51.617759812557594,0.0,51.617759812557594,-51.617759812557594,0.0,0.0,11.669963603440472,0.0,2.0,0.0
365,2024-12-31 00:00:00+00:00,renewable_shift,seasonal_naive,-28.319981203610595,64.66789764596544,92.98787884957603,51.617759812557594,-51.617759812557594,0.0,0.0,11.669963603440472,0.0,2.0,0.0
365,2024-12-31 00:00:00+00:00,renewable_shift,median_risk_neutral,5.215456584337847,64.66789764596544,59.452441061627596,22.093383617334858,-22.093383617334858,0.0,0.0,4.135563603440471,0.0,2.0,0.0
365,2024-12-31 00:00:00+00:00,renewable_shift,raw_cvar,4.947999419598101,64.66789764596544,59.719898226367334,20.39923738641232,-9.509032314699198,0.0,0.0,4.897282723360314,0.0,2.0,0.0
365,2024-12-31 00:00:00+00:00,renewable_shift,static_cvar,10.533165016385059,64.66789764596544,54.134732629580384,20.165571671342757,-0.39922812777697925,0.0,0.0,4.625197100712683,0.0,2.0,0.0
365,2024-12-31 00:00:00+00:00,renewable_shift,adaptive_risk_neutral,6.090148010285123,64.66789764596544,58.57774963568032,22.802274514373718,0.9425809097744541,0.0,0.0,4.135563603440471,0.0,2.0,0.0
365,2024-12-31 00:00:00+00:00,renewable_shift,adaptive_cvar,21.716738891425052,64.66789764596544,42.95115875454039,21.73999886279481,-2.323468457695206,0.0,0.0,4.058776366651784,0.0,2.0,0.0
365,2024-12-31 00:00:00+00:00,renewable_shift,oracle,64.66789764596544,64.66789764596544,0.0,64.66789764596544,-64.66789764596544,0.0,0.0,11.421829787234042,0.0,2.0,0.0
366,2025-01-01 00:00:00+00:00,renewable_shift,seasonal_naive,-64.75637598150388,61.848853883359055,126.60522986486293,64.66789764596544,-64.66789764596544,0.0,0.0,11.421829787234042,0.0,2.0,0.0
366,2025-01-01 00:00:00+00:00,renewable_shift,median_risk_neutral,10.838262123191274,61.848853883359055,51.010591760167785,21.438087604509075,-21.438087604509075,0.0,0.0,3.8874297872340424,0.06000000000000005,2.0,0.0
366,2025-01-01 00:00:00+00:00,renewable_shift,raw_cvar,8.983160040049611,61.848853883359055,52.865693843309444,19.682564797576394,-5.838044239191608,0.0,0.0,5.6508,0.06000000000000005,2.0,0.0
366,2025-01-01 00:00:00+00:00,renewable_shift,static_cvar,6.471311285333557,61.848853883359055,55.3775425980255,16.27416690493647,-1.4126907320495274,0.0,0.0,2.4307608334724278,0.7869424594053501,2.0,0.0
366,2025-01-01 00:00:00+00:00,renewable_shift,adaptive_risk_neutral,22.44903954889795,61.848853883359055,39.399814334461105,18.64351539373836,1.0869922696105172,0.0,0.0,3.8951040289723857,0.1200000000000001,2.0,0.0
366,2025-01-01 00:00:00+00:00,renewable_shift,adaptive_cvar,18.78322625925787,61.848853883359055,43.06562762410118,17.528143945235374,-1.8089710793579725,0.0,0.0,3.0358931999579717,0.48495455088102934,2.0,0.0
366,2025-01-01 00:00:00+00:00,renewable_shift,oracle,61.848853883359055,61.848853883359055,0.0,61.848853883359055,-61.848853883359055,0.0,0.0,9.914267632412857,0.0,2.0,0.0
367,2025-01-02 00:00:00+00:00,renewable_shift,seasonal_naive,-54.29383080305216,35.94338871320774,90.2372195162599,61.848853883359055,-61.848853883359055,0.0,0.0,9.914267632412857,0.0,2.0,0.0
367,2025-01-02 00:00:00+00:00,renewable_shift,median_risk_neutral,-13.496797153704497,35.94338871320774,49.44018586691224,24.15825992741341,-24.15825992741341,0.0,0.0,6.019163603440471,0.06000000000000005,2.0,0.0
367,2025-01-02 00:00:00+00:00,renewable_shift,raw_cvar,-13.998521322051637,35.94338871320774,49.941910035259376,20.06428017219367,-3.7603778439753683,0.0,0.0,5.6508,0.06000000000000005,2.0,0.0
367,2025-01-02 00:00:00+00:00,renewable_shift,static_cvar,8.91445096320168,35.94338871320774,27.028937750006058,18.470900979628702,4.161766657039306,0.0,0.0,3.218005238675536,0.47297641214877006,2.0,0.0
367,2025-01-02 00:00:00+00:00,renewable_shift,adaptive_risk_neutral,-14.139606729757977,35.94338871320774,50.08299544296572,21.134750434481848,5.9328376560898315,0.0,0.0,6.019163603440471,0.06000000000000005,2.0,0.0
367,2025-01-02 00:00:00+00:00,renewable_shift,adaptive_cvar,-15.14563299039934,35.94338871320774,51.08902170360708,20.5069044294335,4.341699949795596,0.0,0.0,6.019163603440471,0.06000000000000005,2.0,0.0
367,2025-01-02 00:00:00+00:00,renewable_shift,oracle,35.94338871320774,35.94338871320774,0.0,35.94338871320774,-35.94338871320774,0.0,0.0,7.654629787234041,0.1200000000000001,2.0,0.0
368,2025-01-03 00:00:00+00:00,renewable_shift,seasonal_naive,-29.97040325747439,33.47263927876237,63.44304253623676,35.94338871320774,-35.94338871320774,0.0,0.0,7.654629787234041,0.1200000000000001,2.0,0.0
368,2025-01-03 00:00:00+00:00,renewable_shift,median_risk_neutral,13.023042604221889,33.47263927876237,20.449596674540484,22.0438903905258,-22.0438903905258,0.0,0.0,5.891259574468085,-0.0,2.0,0.0
368,2025-01-03 00:00:00+00:00,renewable_shift,raw_cvar,14.794757442554154,33.47263927876237,18.67788183620822,19.99662948125705,1.8699035521126686,0.0,0.0,4.263467632412857,0.8123404255319149,2.0,0.0
368,2025-01-03 00:00:00+00:00,renewable_shift,static_cvar,10.561274500786594,33.47263927876237,22.911364777975777,22.0633761163197,9.564641830311395,0.0,0.0,4.0403439508114145,0.2969154137034271,2.0,0.0
368,2025-01-03 00:00:00+00:00,renewable_shift,adaptive_risk_neutral,14.794757442554154,33.47263927876237,18.67788183620822,20.83738409019005,10.024670036198339,0.0,0.0,4.263467632412857,0.8123404255319149,2.0,0.0
368,2025-01-03 00:00:00+00:00,renewable_shift,adaptive_cvar,9.12644541460699,33.47263927876237,24.34619386415538,16.850357028712782,-0.20737641169217108,0.0,0.0,2.887365644902545,0.8914684270014253,2.0,0.0
368,2025-01-03 00:00:00+00:00,renewable_shift,oracle,33.47263927876237,33.47263927876237,0.0,33.47263927876237,-33.47263927876237,0.0,0.0,7.895089361702127,0.0,2.0,0.0
369,2025-01-04 00:00:00+00:00,renewable_shift,seasonal_naive,-17.272722869603385,56.77247151866576,74.04519438826915,33.47263927876237,-33.47263927876237,0.0,0.0,7.895089361702127,0.0,2.0,0.0
369,2025-01-04 00:00:00+00:00,renewable_shift,median_risk_neutral,18.54692912427452,56.77247151866576,38.22554239439124,32.521208284706844,-32.521208284706844,0.0,0.0,7.774859574468085,0.0,2.0,0.0
369,2025-01-04 00:00:00+00:00,renewable_shift,raw_cvar,24.97031984788087,56.77247151866576,31.80215167078489,22.646801628024985,-7.9141267299050035,0.0,0.0,5.891259574468085,-0.0,2.0,0.0
369,2025-01-04 00:00:00+00:00,renewable_shift,static_cvar,17.418524835824485,56.77247151866576,39.353946682841276,10.890568124777435,7.1202462338824315,0.0,0.0,2.105566452456972,-0.0,1.0507711113344411,0.0
369,2025-01-04 00:00:00+00:00,renewable_shift,adaptive_risk_neutral,1.2246939284046956,56.77247151866576,55.54777759026106,20.05314813493501,0.11690285052760488,0.0,0.0,5.891259574468085,-0.0,2.0,0.0
369,2025-01-04 00:00:00+00:00,renewable_shift,adaptive_cvar,13.996065000514477,56.77247151866576,42.77640651815128,19.028808419797404,-2.978441041352244,0.0,0.0,4.613421451604523,-0.0,2.0,0.0
369,2025-01-04 00:00:00+00:00,renewable_shift,oracle,56.77247151866576,56.77247151866576,0.0,56.77247151866576,-56.77247151866576,0.0,0.0,11.797867632412856,0.0,2.0,0.0
370,2025-01-05 00:00:00+00:00,renewable_shift,seasonal_naive,-47.4828611705696,38.372471875634574,85.85533304620418,56.77247151866576,-56.77247151866576,0.0,0.0,11.797867632412856,0.0,2.0,0.0
370,2025-01-05 00:00:00+00:00,renewable_shift,median_risk_neutral,-18.523673988904363,38.372471875634574,56.89614586453894,17.869077934548486,-17.869077934548486,0.0,0.0,6.019163603440471,0.06000000000000005,2.0,0.0
370,2025-01-05 00:00:00+00:00,renewable_shift,raw_cvar,-17.84277003532992,38.372471875634574,56.215241910964494,14.352566293448133,-1.5748118418650177,0.0,0.0,5.882136646489079,0.06000000000000005,2.0,0.0
370,2025-01-05 00:00:00+00:00,renewable_shift,static_cvar,-0.41715945112347086,38.372471875634574,38.78963132675804,12.764864389554115,5.4639228126251,0.0,0.0,4.090800553501662,0.19865520179694596,2.0,0.0
370,2025-01-05 00:00:00+00:00,renewable_shift,adaptive_risk_neutral,-0.9614264767432328,38.372471875634574,39.33389835237781,14.499384564701925,23.460954393252155,0.0,0.0,7.654629787234042,0.0,2.0,0.0
370,2025-01-05 00:00:00+00:00,renewable_shift,adaptive_cvar,11.93181627034169,38.372471875634574,26.440655605292882,9.498888075141215,1.1073193550545,0.0,0.0,2.7166866875629934,0.8657175514953486,2.0,0.0
370,2025-01-05 00:00:00+00:00,renewable_shift,oracle,38.372471875634574,38.372471875634574,0.0,38.372471875634574,-38.372471875634574,0.0,0.0,9.538229787234043,-0.0,2.0,0.0
371,2025-01-06 00:00:00+00:00,renewable_shift,seasonal_naive,-50.91511865299398,33.146835861499966,84.06195451449395,38.95309088008568,-38.95309088008568,0.0,0.0,9.538229787234043,-0.0,2.0,0.0
371,2025-01-06 00:00:00+00:00,renewable_shift,median_risk_neutral,-12.01312023239722,33.146835861499966,45.159956093897186,10.804765425473587,-10.804765425473587,0.0,0.0,2.1317338162064283,0.9361702127659575,2.0,0.0
371,2025-01-06 00:00:00+00:00,renewable_shift,raw_cvar,-10.040243655482275,33.146835861499966,43.18707951698224,8.340794309439831,2.956733004437291,0.0,0.0,2.0038297872340425,1.0,2.0,0.0
371,2025-01-06 00:00:00+00:00,renewable_shift,static_cvar,-3.1558888386213715,33.146835861499966,36.30272470012134,4.934471639209987,4.748237600145441,0.0,0.0,2.284333492612661,1.0,2.0,0.0
371,2025-01-06 00:00:00+00:00,renewable_shift,adaptive_risk_neutral,-11.93424910843872,33.146835861499966,45.081084969938686,9.814223043888598,8.7356008436384,0.0,0.0,2.1317338162064283,0.9361702127659575,2.0,0.0
371,2025-01-06 00:00:00+00:00,renewable_shift,adaptive_cvar,-6.152358753002435,33.146835861499966,39.2991946145024,7.63358624392806,4.151162847001075,0.0,0.0,2.0038297872340425,1.0,2.0,0.0
371,2025-01-06 00:00:00+00:00,renewable_shift,oracle,33.146835861499966,33.146835861499966,0.0,33.146835861499966,-33.146835861499966,0.0,0.0,13.553563603440471,0.0,2.0,0.0
372,2025-01-07 00:00:00+00:00,renewable_shift,seasonal_naive,-105.17995415392555,60.40709965505027,165.5870538089758,33.146835861499966,-33.146835861499966,0.0,0.0,13.553563603440471,0.0,2.0,0.0
372,2025-01-07 00:00:00+00:00,renewable_shift,median_risk_neutral,18.803352489786377,60.40709965505027,41.60374716526389,33.16260165670767,-33.16260165670767,0.0,0.0,7.895089361702127,0.0,2.0,0.0
372,2025-01-07 00:00:00+00:00,renewable_shift,raw_cvar,11.330919997365926,60.40709965505027,49.07617965768434,27.019016633182527,-18.4985340355423,0.0,0.0,5.464094533945182,0.0,2.0,0.0
372,2025-01-07 00:00:00+00:00,renewable_shift,static_cvar,-16.95572579042343,60.40709965505027,77.3628254454737,31.658503165605307,-6.009043379224844,0.0,0.0,5.954711432775386,0.0,2.0,0.0
372,2025-01-07 00:00:00+00:00,renewable_shift,adaptive_risk_neutral,-19.3049950837025,60.40709965505027,79.71209473875277,31.805221488067325,-12.393135385845207,0.0,0.0,6.019163603440471,0.0,2.0,0.0
372,2025-01-07 00:00:00+00:00,renewable_shift,adaptive_cvar,-15.282083681456024,60.40709965505027,75.68918333650629,31.04251743069132,-14.831231660627482,0.0,0.0,5.652499523452886,0.0,2.0,0.0
372,2025-01-07 00:00:00+00:00,renewable_shift,oracle,60.40709965505027,60.40709965505027,0.0,60.40709965505027,-60.40709965505026,0.0,0.0,7.782533816206428,0.0,2.0,0.0
373,2025-01-08 00:00:00+00:00,renewable_shift,seasonal_naive,-31.196207497064474,104.01536819921114,135.21157569627562,60.40709965505027,-60.40709965505026,0.0,0.0,7.782533816206428,0.0,2.0,0.0
373,2025-01-08 00:00:00+00:00,renewable_shift,median_risk_neutral,25.732562054581223,104.01536819921114,78.28280614462992,36.054232836530375,-36.054232836530375,0.0,0.0,7.654629787234042,0.0,2.0,0.0
373,2025-01-08 00:00:00+00:00,renewable_shift,raw_cvar,56.22962642183346,104.01536819921114,47.78574177737768,33.052818647970135,2.0646616463463583,0.0,0.0,5.771029787234042,0.06000000000000005,2.0,0.0
373,2025-01-08 00:00:00+00:00,renewable_shift,static_cvar,45.61185492413101,104.01536819921114,58.40351327508013,29.01386739207773,-0.9278122996748284,0.0,0.0,4.799060657014266,0.6688855222131198,2.0,0.0
373,2025-01-08 00:00:00+00:00,renewable_shift,adaptive_risk_neutral,40.36553510914763,104.01536819921114,63.64983309006351,34.92222265442568,16.80221618110997,0.0,0.0,6.139393390674513,0.0,2.0,0.0
373,2025-01-08 00:00:00+00:00,renewable_shift,adaptive_cvar,39.500730438708125,104.01536819921114,64.514637760503,32.32019059346091,7.713911888704868,0.0,0.0,6.019163603440471,0.06000000000000005,2.0,0.0
373,2025-01-08 00:00:00+00:00,renewable_shift,oracle,104.01536819921114,104.01536819921114,0.0,104.01536819921114,-104.01536819921112,0.0,0.0,9.89891914893617,-0.0,2.0,0.0
374,2025-01-09 00:00:00+00:00,renewable_shift,seasonal_naive,-26.233887668188913,167.92473163571864,194.15861930390756,104.01536819921114,-104.01536819921112,0.0,0.0,9.89891914893617,-0.0,2.0,0.0
374,2025-01-09 00:00:00+00:00,renewable_shift,median_risk_neutral,4.273688792237353,167.92473163571864,163.6510428434813,15.01725345925035,-15.01725345925035,0.0,0.0,2.1317338162064283,0.8761702127659574,1.94,0.0
374,2025-01-09 00:00:00+00:00,renewable_shift,raw_cvar,4.273688792237353,167.92473163571864,163.6510428434813,15.037591142521553,2.9617936229607955,0.0,0.0,2.1317338162064283,0.8761702127659574,1.94,0.0
374,2025-01-09 00:00:00+00:00,renewable_shift,static_cvar,6.350522792869758,167.92473163571864,161.5742088428489,15.636936043563473,5.6250793093951605,0.0,0.0,2.3212997593330633,0.7815683936222768,1.94,0.0
374,2025-01-09 00:00:00+00:00,renewable_shift,adaptive_risk_neutral,4.273688792237353,167.92473163571864,163.6510428434813,19.085304158523332,2.3545592019053725,0.0,0.0,2.1317338162064283,0.8761702127659574,1.94,0.0
374,2025-01-09 00:00:00+00:00,renewable_shift,adaptive_cvar,4.273688792237353,167.92473163571864,163.6510428434813,19.085304158523332,2.3545592019053725,0.0,0.0,2.1317338162064283,0.8761702127659574,1.94,0.0
374,2025-01-09 00:00:00+00:00,renewable_shift,oracle,167.92473163571864,167.92473163571864,0.0,167.92473163571864,-167.92473163571864,0.0,0.0,7.895089361702128,0.0,2.0,0.0
375,2025-01-10 00:00:00+00:00,renewable_shift,seasonal_naive,-18.23034532501882,44.43507911217208,62.66542443719091,167.92473163571864,-167.92473163571864,0.0,0.0,7.895089361702128,0.0,2.0,0.0
375,2025-01-10 00:00:00+00:00,renewable_shift,median_risk_neutral,-21.61791164879975,44.43507911217208,66.05299076097184,10.599741019706903,-10.599741019706903,0.0,0.0,4.007659574468085,-0.0,2.0,0.0
375,2025-01-10 00:00:00+00:00,renewable_shift,raw_cvar,-0.7495653546503629,44.43507911217208,45.18464446682245,8.568826332854162,0.3450219450584145,0.0,0.0,3.023257059657116,0.4912605457221868,2.0,0.0
375,2025-01-10 00:00:00+00:00,renewable_shift,static_cvar,-11.368672797120501,44.43507911217208,55.803751909292586,5.221267837355809,6.185141204178149,0.0,0.0,2.941235198410769,0.532193094868272,2.0,0.0
375,2025-01-10 00:00:00+00:00,renewable_shift,adaptive_risk_neutral,-9.401628669880711,44.43507911217208,53.8367077820528,9.741482694683704,17.03968629452542,0.0,0.0,4.007659574468085,0.0,2.0,0.0
375,2025-01-10 00:00:00+00:00,renewable_shift,adaptive_cvar,-11.987968943388363,44.43507911217208,56.42304805556044,8.336131221884198,5.207672922737691,0.0,0.0,4.007659574468085,0.0,2.0,0.0
375,2025-01-10 00:00:00+00:00,renewable_shift,oracle,44.43507911217208,44.43507911217208,0.0,44.43507911217208,-44.435079112172076,0.0,0.0,10.65866908103214,0.0,2.0,0.0
376,2025-01-11 00:00:00+00:00,renewable_shift,seasonal_naive,-4.175638076539798,63.21640047609641,67.39203855263621,44.43507911217208,-44.435079112172076,0.0,0.0,10.65866908103214,0.0,2.0,0.0
376,2025-01-11 00:00:00+00:00,renewable_shift,median_risk_neutral,-11.113353841376938,63.21640047609641,74.32975431747334,16.560829650136675,-16.560829650136675,0.0,0.0,6.139393390674513,-0.0,2.0,0.0
376,2025-01-11 00:00:00+00:00,renewable_shift,raw_cvar,-20.00923439129851,63.21640047609641,83.22563486739492,12.88982261126923,-2.4383327780335065,0.0,0.0,5.0845730055972815,0.5264021883481618,2.0,0.0
376,2025-01-11 00:00:00+00:00,renewable_shift,static_cvar,-8.3761745789479,63.21640047609641,71.5925750550443,4.489486485450554,5.73528959803217,0.0,0.0,2.003829787234043,1.0,2.0,0.0
376,2025-01-11 00:00:00+00:00,renewable_shift,adaptive_risk_neutral,-18.5597520945579,63.21640047609641,81.77615257065432,13.119858009787537,12.448341687888774,0.0,0.0,5.771029787234042,0.1200000000000001,2.0,0.0
376,2025-01-11 00:00:00+00:00,renewable_shift,adaptive_cvar,-14.904737368493194,63.21640047609641,78.12113784458961,12.376816608303141,5.55013895176998,0.0,0.0,4.337418066141698,0.835435876952009,2.0,0.0
376,2025-01-11 00:00:00+00:00,renewable_shift,oracle,63.21640047609641,63.21640047609641,0.0,63.21640047609641,-63.2164004760964,0.0,0.0,11.669963603440472,0.0,2.0,0.0
377,2025-01-12 00:00:00+00:00,renewable_shift,seasonal_naive,-19.220334224235092,54.84986752858261,74.0702017528177,63.21640047609641,-63.2164004760964,0.0,0.0,11.669963603440472,0.0,2.0,0.0
377,2025-01-12 00:00:00+00:00,renewable_shift,median_risk_neutral,8.805336270430255,54.84986752858261,46.044531258152354,21.267361249755965,-21.267361249755965,0.0,0.0,4.007659574468085,-0.0,2.0,0.0
377,2025-01-12 00:00:00+00:00,renewable_shift,raw_cvar,24.506000334019426,54.84986752858261,30.34386719456318,17.643462119094462,-4.472444482859982,0.0,0.0,4.007659574468085,-0.0,2.0,0.0
377,2025-01-12 00:00:00+00:00,renewable_shift,static_cvar,15.831813625692519,54.84986752858261,39.01805390289009,17.98413786849954,-4.413070299352984,0.0,0.0,2.65649387871893,0.6742916510958835,2.0,0.0
377,2025-01-12 00:00:00+00:00,renewable_shift,adaptive_risk_neutral,16.50693415867034,54.84986752858261,38.34293336991227,19.461708083757195,5.134232420979668,0.0,0.0,4.007659574468085,-0.0,2.0,0.0
377,2025-01-12 00:00:00+00:00,renewable_shift,adaptive_cvar,19.539665134737305,54.84986752858261,35.3102023938453,18.20965310283109,0.4667236196376078,0.0,0.0,4.007659574468085,-0.0,2.0,0.0
377,2025-01-12 00:00:00+00:00,renewable_shift,oracle,54.84986752858261,54.84986752858261,0.0,54.84986752858261,-54.84986752858261,0.0,0.0,7.895089361702128,-0.0,2.0,0.0
378,2025-01-13 00:00:00+00:00,renewable_shift,seasonal_naive,-26.717310936410453,48.9650452970417,75.68235623345215,54.84986752858261,-54.84986752858261,0.0,0.0,7.895089361702128,-0.0,2.0,0.0
378,2025-01-13 00:00:00+00:00,renewable_shift,median_risk_neutral,-2.522432150307859,48.9650452970417,51.487477447349555,33.46235941422074,-33.46235941422074,0.0,0.0,4.007659574468086,-0.0,2.0,0.0
378,2025-01-13 00:00:00+00:00,renewable_shift,raw_cvar,-2.860632228012604,48.9650452970417,51.8256775250543,31.141987719003644,-21.41731898774401,0.0,0.0,4.007659574468085,0.0,2.0,0.0
378,2025-01-13 00:00:00+00:00,renewable_shift,static_cvar,-4.82556111752595,48.9650452970417,53.79060641456765,24.543192782331648,-2.908693198701513,0.0,0.0,4.007659574468086,-0.0,2.0,0.0
378,2025-01-13 00:00:00+00:00,renewable_shift,adaptive_risk_neutral,-6.1303044692920015,48.9650452970417,55.0953497663337,26.720570196885923,3.3850922701098147,0.0,0.0,4.13556360344047,-0.0,2.0,0.0
378,2025-01-13 00:00:00+00:00,renewable_shift,adaptive_cvar,-10.266952140782752,48.9650452970417,59.23199743782445,24.138196063671796,-9.581122150053794,0.0,0.0,4.007659574468086,-0.0,2.0,0.0
378,2025-01-13 00:00:00+00:00,renewable_shift,oracle,48.9650452970417,48.9650452970417,0.0,48.9650452970417,-48.9650452970417,0.0,0.0,6.019163603440471,-0.0,2.0,0.0
379,2025-01-14 00:00:00+00:00,renewable_shift,seasonal_naive,-20.95362837563475,35.50057883431165,56.454207209946404,48.9650452970417,-48.9650452970417,0.0,0.0,6.019163603440471,-0.0,2.0,0.0
379,2025-01-14 00:00:00+00:00,renewable_shift,median_risk_neutral,9.358690366499841,35.50057883431165,26.14188846781181,8.180327598904142,-8.180327598904142,0.0,0.0,2.003829787234043,1.0,2.0,0.0
379,2025-01-14 00:00:00+00:00,renewable_shift,raw_cvar,9.358690366499841,35.50057883431165,26.14188846781181,8.654746236035358,-1.1717006153297225,0.0,0.0,2.003829787234043,1.0,2.0,0.0
379,2025-01-14 00:00:00+00:00,renewable_shift,static_cvar,11.85070183156746,35.50057883431165,23.649877002744194,10.883966304511937,6.613150375029507,0.0,0.0,3.314308732191505,0.6606981103860401,2.0,0.0
379,2025-01-14 00:00:00+00:00,renewable_shift,adaptive_risk_neutral,11.971040533896486,35.50057883431165,23.52953830041517,10.426483769217226,14.200493172477417,0.0,0.0,3.7672,1.0,2.0,0.0
379,2025-01-14 00:00:00+00:00,renewable_shift,adaptive_cvar,8.239439023024715,35.50057883431165,27.261139811286938,8.865316043240508,6.700728470449642,0.0,0.0,2.1334099614004023,0.9353337419216509,2.0,0.0
379,2025-01-14 00:00:00+00:00,renewable_shift,oracle,35.50057883431165,35.50057883431165,0.0,35.50057883431165,-35.50057883431165,0.0,0.0,8.143223177908556,0.0,2.0,0.0
380,2025-01-15 00:00:00+00:00,renewable_shift,seasonal_naive,-36.78492949078992,74.68571897528774,111.47064846607766,35.50057883431165,-35.50057883431165,0.0,0.0,8.143223177908556,0.0,2.0,0.0
380,2025-01-15 00:00:00+00:00,renewable_shift,median_risk_neutral,13.182050291998538,74.68571897528774,61.503668683289206,18.14946709747492,-18.14946709747492,0.0,0.0,6.019163603440471,-0.0,2.0,0.0
380,2025-01-15 00:00:00+00:00,renewable_shift,raw_cvar,14.26018907064046,74.68571897528774,60.425529904647284,17.301544248271018,-3.043831709059309,0.0,0.0,6.019163603440471,-0.0,2.0,0.0
380,2025-01-15 00:00:00+00:00,renewable_shift,static_cvar,4.795869257198465,74.68571897528774,69.88984971808928,16.40670205124871,8.232022825580007,0.0,0.0,4.463238078416497,-0.0,2.0,0.0
380,2025-01-15 00:00:00+00:00,renewable_shift,adaptive_risk_neutral,12.411758299371455,74.68571897528774,62.273960675916285,14.690013842158232,10.210227369924102,0.0,0.0,6.019163603440471,0.0,2.0,0.0
380,2025-01-15 00:00:00+00:00,renewable_shift,adaptive_cvar,5.800867344608996,74.68571897528774,68.88485163067875,13.08221141520022,5.387911562503618,0.0,0.0,4.263467632412857,-0.0,2.0,0.0
380,2025-01-15 00:00:00+00:00,renewable_shift,oracle,74.68571897528774,74.68571897528774,0.0,74.68571897528774,-74.68571897528774,0.0,0.0,15.189029787234041,0.0,2.0,0.0
381,2025-01-16 00:00:00+00:00,renewable_shift,seasonal_naive,-90.19559433650059,87.14599949694633,177.34159383344692,74.68571897528774,-74.68571897528774,0.0,0.0,15.189029787234041,0.0,2.0,0.0
381,2025-01-16 00:00:00+00:00,renewable_shift,median_risk_neutral,-24.99564875974976,87.14599949694633,112.14164825669609,36.89070789402282,-36.89070789402282,0.0,0.0,6.019163603440471,0.0,2.0,0.0
381,2025-01-16 00:00:00+00:00,renewable_shift,raw_cvar,-1.7137065543372252,87.14599949694633,88.85970605128355,30.43062824624547,-9.60202324731847,0.0,0.0,6.019163603440471,-0.0,2.0,0.0
381,2025-01-16 00:00:00+00:00,renewable_shift,static_cvar,3.2485782810075694,87.14599949694633,83.89742121593876,23.28503945428091,-1.4273156631232997,0.0,0.0,6.016544518744915,0.0,2.0,0.0
381,2025-01-16 00:00:00+00:00,renewable_shift,adaptive_risk_neutral,-28.76178453930656,87.14599949694633,115.90778403625289,30.8597786356397,8.507268257113667,0.0,0.0,7.902763603440471,0.0,2.0,0.0
381,2025-01-16 00:00:00+00:00,renewable_shift,adaptive_cvar,-24.016365426644565,87.14599949694633,111.1623649235909,29.77297550934602,2.151036553447909,0.0,0.0,7.0810524228839276,-0.0,2.0,0.0
381,2025-01-16 00:00:00+00:00,renewable_shift,oracle,87.14599949694633,87.14599949694633,0.0,87.14599949694633,-87.14599949694635,0.0,0.0,10.282631235853327,-0.0,2.0,0.0
382,2025-01-17 00:00:00+00:00,renewable_shift,seasonal_naive,-42.88667760428625,15.726701760194384,58.613379364480636,87.14599949694633,-87.14599949694635,0.0,0.0,10.282631235853327,-0.0,2.0,0.0
382,2025-01-17 00:00:00+00:00,renewable_shift,median_risk_neutral,-6.483431973273699,15.726701760194384,22.210133733468084,3.5916425909058507,-3.5916425909058507,0.0,0.0,3.8874297872340424,1.0,2.0,0.0
382,2025-01-17 00:00:00+00:00,renewable_shift,raw_cvar,1.360187600674795,15.726701760194384,14.366514159519589,5.233097850146788,-0.1102410616966654,0.0,0.0,2.6224233817668354,1.0,2.0,0.0
382,2025-01-17 00:00:00+00:00,renewable_shift,static_cvar,-4.842033819006161,15.726701760194384,20.568735579200546,14.09323613437387,15.55704298182941,0.0,0.0,3.95426418785199,0.06000000000000005,2.0,0.0
382,2025-01-17 00:00:00+00:00,renewable_shift,adaptive_risk_neutral,-15.50097075203665,15.726701760194384,31.227672512231035,11.488620160840558,17.004761657812477,0.0,0.0,5.771029787234042,0.06000000000000005,2.0,0.0
382,2025-01-17 00:00:00+00:00,renewable_shift,adaptive_cvar,-17.6325690984635,15.726701760194384,33.35927085865788,10.747374676264307,10.884939656608571,0.0,0.0,5.352349817159289,0.06000000000000005,2.0,0.0
382,2025-01-17 00:00:00+00:00,renewable_shift,oracle,15.726701760194384,15.726701760194384,0.0,15.726701760194384,-15.726701760194384,0.0,0.0,3.8874297872340424,1.0,2.0,0.0
383,2025-01-18 00:00:00+00:00,renewable_shift,seasonal_naive,-4.528991464759297,53.591449753213965,58.120441217973266,15.726701760194384,-15.726701760194384,0.0,0.0,3.8874297872340424,1.0,2.0,0.0
383,2025-01-18 00:00:00+00:00,renewable_shift,median_risk_neutral,17.486876539245355,53.591449753213965,36.10457321396861,11.72106011510665,-11.72106011510665,0.0,0.0,2.0038297872340425,1.0,2.0,0.0
383,2025-01-18 00:00:00+00:00,renewable_shift,raw_cvar,16.458064634465693,53.591449753213965,37.13338511874827,11.209461946648274,-6.462051331614967,0.0,0.0,2.0038297872340425,1.0,2.0,0.0
383,2025-01-18 00:00:00+00:00,renewable_shift,static_cvar,10.168647034617766,53.591449753213965,43.4228027185962,10.080812344198103,1.1172885917811175,0.0,0.0,2.0038297872340425,1.0,2.0,0.0
383,2025-01-18 00:00:00+00:00,renewable_shift,adaptive_risk_neutral,14.430749299739572,53.591449753213965,39.16070045347439,13.01817865782982,-0.3597482627021989,0.0,0.0,2.1317338162064283,0.9361702127659575,2.0,0.0
383,2025-01-18 00:00:00+00:00,renewable_shift,adaptive_cvar,15.086295436177277,53.591449753213965,38.505154317036684,11.922129458563266,-3.535653239790206,0.0,0.0,2.0038297872340425,1.0,2.0,0.0
383,2025-01-18 00:00:00+00:00,renewable_shift,oracle,53.591449753213965,53.591449753213965,0.0,53.591449753213965,-53.59144975321396,0.0,0.0,7.895089361702127,0.0,2.0,0.0
384,2025-01-19 00:00:00+00:00,renewable_shift,seasonal_naive,-12.297869051244586,37.07294200292124,49.37081105416583,53.591449753213965,-53.59144975321396,0.0,0.0,7.895089361702127,0.0,2.0,0.0
384,2025-01-19 00:00:00+00:00,renewable_shift,median_risk_neutral,10.942386810484082,37.07294200292124,26.130555192437157,9.793592678625474,-9.793592678625474,0.0,0.0,3.7672,1.0,2.0,0.0
384,2025-01-19 00:00:00+00:00,renewable_shift,raw_cvar,5.014721885726837,37.07294200292124,32.0582201171944,9.22527589265716,-3.8296201130695393,0.0,0.0,2.143231797226399,1.0,2.0,0.0
384,2025-01-19 00:00:00+00:00,renewable_shift,static_cvar,0.9930366929213541,37.07294200292124,36.07990530999989,15.435537236675422,4.998332497118483,0.0,0.0,3.9079724153991178,0.11752439924066616,2.0,0.0
384,2025-01-19 00:00:00+00:00,renewable_shift,adaptive_risk_neutral,8.810672966686568,37.07294200292124,28.26226903623467,15.702487342752104,9.672976390158182,0.0,0.0,5.6508,0.1200000000000001,2.0,0.0
384,2025-01-19 00:00:00+00:00,renewable_shift,adaptive_cvar,10.885902428798435,37.07294200292124,26.187039574122803,14.1097471533501,3.703634532970521,0.0,0.0,4.289440361141795,0.7993788811460572,2.0,0.0
384,2025-01-19 00:00:00+00:00,renewable_shift,oracle,37.07294200292124,37.07294200292124,0.0,37.07294200292124,-37.07294200292124,0.0,0.0,7.902763603440471,0.06000000000000005,2.0,0.0
385,2025-01-20 00:00:00+00:00,renewable_shift,seasonal_naive,-2.3327480538551733,66.23555014481761,68.56829819867278,37.07294200292124,-37.07294200292124,0.0,0.0,7.902763603440471,0.06000000000000005,2.0,0.0
385,2025-01-20 00:00:00+00:00,renewable_shift,median_risk_neutral,-8.18503937860777,66.23555014481761,74.42058952342538,21.61591080111765,-21.61591080111765,0.0,0.0,7.895089361702127,-0.0,2.0,0.0
385,2025-01-20 00:00:00+00:00,renewable_shift,raw_cvar,16.949152139112577,66.23555014481761,49.28639800570503,14.864886830056076,1.6428813108649738,0.0,0.0,2.1317338162064283,0.9361702127659575,2.0,0.0
385,2025-01-20 00:00:00+00:00,renewable_shift,static_cvar,18.573001934309893,66.23555014481761,47.662548210507715,12.227433987008004,10.35862636658404,0.0,0.0,2.930623449571674,0.47748882852124996,1.94,0.0
385,2025-01-20 00:00:00+00:00,renewable_shift,adaptive_risk_neutral,12.873372783500397,66.23555014481761,53.36217736131721,16.72891509835151,8.958315372458499,0.0,0.0,3.8874297872340424,0.06000000000000005,2.0,0.0
385,2025-01-20 00:00:00+00:00,renewable_shift,adaptive_cvar,16.817887992860655,66.23555014481761,49.417662151956954,16.5797172700585,0.8901499982655303,0.0,0.0,2.1317338162064283,0.8972893037850622,1.9611190910191048,0.0
385,2025-01-20 00:00:00+00:00,renewable_shift,oracle,66.23555014481761,66.23555014481761,0.0,66.23555014481761,-66.23555014481761,0.0,0.0,10.0344974196469,0.0,2.0,0.0
386,2025-01-21 00:00:00+00:00,renewable_shift,seasonal_naive,18.524642032022143,43.36629413495823,24.841652102936088,66.23555014481761,-66.23555014481761,0.0,0.0,10.0344974196469,0.0,2.0,0.0
386,2025-01-21 00:00:00+00:00,renewable_shift,median_risk_neutral,6.481277562669028,43.36629413495823,36.8850165722892,10.918470794546176,-10.918470794546176,0.0,0.0,3.7672,-0.0,1.88,0.0
386,2025-01-21 00:00:00+00:00,renewable_shift,raw_cvar,6.481277562669028,43.36629413495823,36.8850165722892,11.290863332560383,-0.853953985351995,0.0,0.0,3.7672,-0.0,1.88,0.0
386,2025-01-21 00:00:00+00:00,renewable_shift,static_cvar,11.872429482696978,43.36629413495823,31.49386465226125,12.01491833467697,3.3567188396977454,0.0,0.0,3.8310912396151844,-0.0,1.7703253720433123,0.0
386,2025-01-21 00:00:00+00:00,renewable_shift,adaptive_risk_neutral,17.54359607333389,43.36629413495823,25.82269806162434,11.654355537518093,11.649170139523958,0.0,0.0,4.13556360344047,-0.0,1.88,0.0
386,2025-01-21 00:00:00+00:00,renewable_shift,adaptive_cvar,16.21288975278981,43.36629413495823,27.15340438216842,10.136409242130648,3.1036735497821573,0.0,0.0,3.350139998097946,-0.0,1.6718685486366898,0.0
386,2025-01-21 00:00:00+00:00,renewable_shift,oracle,43.36629413495823,43.36629413495823,0.0,43.36629413495823,-43.36629413495823,0.0,0.0,7.90276360344047,-0.0,2.0,0.0
387,2025-01-22 00:00:00+00:00,renewable_shift,seasonal_naive,-43.29078148396925,47.1507210168858,90.44150250085505,43.36629413495823,-43.36629413495823,0.0,0.0,7.90276360344047,-0.0,2.0,0.0
387,2025-01-22 00:00:00+00:00,renewable_shift,median_risk_neutral,-1.2040097701441175,47.1507210168858,48.354730787029915,12.510550421907643,-12.510550421907643,0.0,0.0,4.007659574468085,0.0,2.0,0.0
387,2025-01-22 00:00:00+00:00,renewable_shift,raw_cvar,0.4286059213944595,47.1507210168858,46.72211509549134,11.51380703456002,-2.9514856549577475,0.0,0.0,3.5578474557141546,0.22447621131274964,2.0,0.0
387,2025-01-22 00:00:00+00:00,renewable_shift,static_cvar,5.427404574364275,47.1507210168858,41.72331644252152,6.240326330255334,6.034948984817513,0.0,0.0,2.0038297872340425,1.0,2.0,0.0
387,2025-01-22 00:00:00+00:00,renewable_shift,adaptive_risk_neutral,8.339413645216123,47.1507210168858,38.81130737166967,10.89108487843158,15.183881022314116,0.0,0.0,3.8874297872340424,0.06000000000000005,2.0,0.0
387,2025-01-22 00:00:00+00:00,renewable_shift,adaptive_cvar,4.171930602990679,47.1507210168858,42.97879041389512,9.280392665241951,3.683768618692313,0.0,0.0,2.003829787234043,1.0,2.0,0.0
387,2025-01-22 00:00:00+00:00,renewable_shift,oracle,47.1507210168858,47.1507210168858,0.0,47.1507210168858,-47.1507210168858,0.0,0.0,7.895089361702127,0.0,2.0,0.0
388,2025-01-23 00:00:00+00:00,renewable_shift,seasonal_naive,-8.10287176429297,38.305662108509026,46.408533872801996,47.1507210168858,-47.1507210168858,0.0,0.0,7.895089361702127,0.0,2.0,0.0
388,2025-01-23 00:00:00+00:00,renewable_shift,median_risk_neutral,-0.5039219648439426,38.305662108509026,38.809584073352966,10.854150310921401,-10.854150310921403,0.0,0.0,3.8951040289723857,0.1200000000000001,2.0,0.0
388,2025-01-23 00:00:00+00:00,renewable_shift,raw_cvar,-1.8497711904723473,38.305662108509026,40.15543329898137,7.54484591212002,0.7760478160575481,0.0,0.0,2.780362912860832,-0.0,1.387524494632184,0.0
388,2025-01-23 00:00:00+00:00,renewable_shift,static_cvar,0.0,38.305662108509026,38.305662108509026,0.0,0.0,0.0,0.0,0.0,1.0,1.0,0.0
388,2025-01-23 00:00:00+00:00,renewable_shift,adaptive_risk_neutral,0.45888969828251014,38.305662108509026,37.846772410226514,11.724528554650504,11.76070481707551,0.0,0.0,4.13556360344047,-0.0,1.88,0.0
388,2025-01-23 00:00:00+00:00,renewable_shift,adaptive_cvar,0.8108982117453927,38.305662108509026,37.49476389676363,10.720768139509744,4.5235772647182495,0.0,0.0,2.413691401516285,0.7954608635457061,2.0,0.0
388,2025-01-23 00:00:00+00:00,renewable_shift,oracle,38.305662108509026,38.305662108509026,0.0,38.305662108509026,-38.305662108509026,0.0,0.0,7.895089361702128,0.0,2.0,0.0
389,2025-01-24 00:00:00+00:00,renewable_shift,seasonal_naive,-21.496731237057393,39.75229282586494,61.24902406292233,38.305662108509026,-38.305662108509026,0.0,0.0,7.895089361702128,0.0,2.0,0.0
389,2025-01-24 00:00:00+00:00,renewable_shift,median_risk_neutral,9.644963373206995,39.75229282586494,30.107329452657947,32.646482653182815,-32.646482653182815,0.0,0.0,8.01531914893617,-0.0,2.0,0.0
389,2025-01-24 00:00:00+00:00,renewable_shift,raw_cvar,5.918147887830113,39.75229282586494,33.834144938034825,26.3949515662927,-12.902753704954288,0.0,0.0,6.301715553118905,-0.0,2.0,0.0
389,2025-01-24 00:00:00+00:00,renewable_shift,static_cvar,0.4282338929406002,39.75229282586494,39.324058932924345,16.898496981191037,0.5835223971220933,0.0,0.0,4.7624075851390675,0.5452921892951303,2.0,0.0
389,2025-01-24 00:00:00+00:00,renewable_shift,adaptive_risk_neutral,0.13940264343694508,39.75229282586494,39.612890182427996,21.301963807990603,20.501249084795738,0.0,0.0,7.774859574468085,-0.0,2.0,0.0
389,2025-01-24 00:00:00+00:00,renewable_shift,adaptive_cvar,11.797117363225698,39.75229282586494,27.955175462639243,17.401371312952342,4.632320030887802,0.0,0.0,5.898314375171141,0.0,2.0,0.0
389,2025-01-24 00:00:00+00:00,renewable_shift,oracle,39.75229282586494,39.75229282586494,0.0,39.75229282586494,-39.75229282586494,0.0,0.0,7.895089361702128,0.0,2.0,0.0
390,2025-01-25 00:00:00+00:00,renewable_shift,seasonal_naive,-16.27733479722424,33.731184986842976,50.00851978406722,39.75229282586494,-39.75229282586494,0.0,0.0,7.895089361702128,0.0,2.0,0.0
390,2025-01-25 00:00:00+00:00,renewable_shift,median_risk_neutral,16.914796575907296,33.731184986842976,16.81638841093568,14.929275950239376,-14.929275950239377,0.0,0.0,3.8874297872340424,1.0,2.0,0.0
390,2025-01-25 00:00:00+00:00,renewable_shift,raw_cvar,11.210650333783288,33.731184986842976,22.520534653059688,15.502560220797275,-4.4328157506778565,0.0,0.0,2.0038297872340425,1.0,2.0,0.0
390,2025-01-25 00:00:00+00:00,renewable_shift,static_cvar,12.554721987268119,33.731184986842976,21.17646299957486,14.666778210068033,4.939522901159219,0.0,0.0,2.422129996019547,1.0,2.0,0.0
390,2025-01-25 00:00:00+00:00,renewable_shift,adaptive_risk_neutral,-14.498125771194527,33.731184986842976,48.2293107580375,13.912177290703685,4.576908952856138,0.0,0.0,3.8874297872340424,0.06000000000000005,2.0,0.0
390,2025-01-25 00:00:00+00:00,renewable_shift,adaptive_cvar,11.500399152754628,33.731184986842976,22.230785834088348,12.775310518935862,-2.062318269434304,0.0,0.0,2.1988227879750015,0.9026898382371517,2.0,0.0
390,2025-01-25 00:00:00+00:00,renewable_shift,oracle,33.731184986842976,33.731184986842976,0.0,33.731184986842976,-33.731184986842976,0.0,0.0,5.771029787234042,0.1200000000000001,2.0,0.0
391,2025-01-26 00:00:00+00:00,renewable_shift,seasonal_naive,5.155096725955431,66.42374119293305,61.26864446697762,33.731184986842976,-33.731184986842976,0.0,0.0,5.771029787234042,0.1200000000000001,2.0,0.0
391,2025-01-26 00:00:00+00:00,renewable_shift,median_risk_neutral,-1.1818822448258413,66.42374119293305,67.6056234377589,20.31950029907051,-20.31950029907051,0.0,0.0,5.891259574468085,-0.0,2.0,0.0
391,2025-01-26 00:00:00+00:00,renewable_shift,raw_cvar,13.13741931714972,66.42374119293305,53.28632187578333,17.413485962374406,-7.4800107758943,0.0,0.0,5.73032581355639,0.08031308943352813,2.0,0.0
391,2025-01-26 00:00:00+00:00,renewable_shift,static_cvar,4.118548862033213,66.42374119293305,62.305192330899835,13.83768863820264,7.768939590439793,0.0,0.0,4.13556360344047,0.3238339057740034,2.0,0.0
391,2025-01-26 00:00:00+00:00,renewable_shift,adaptive_risk_neutral,27.86605673157589,66.42374119293305,38.55768446135716,15.532339414319269,9.618680508323694,0.0,0.0,5.6508,0.1200000000000001,2.0,0.0
391,2025-01-26 00:00:00+00:00,renewable_shift,adaptive_cvar,13.633873967432175,66.42374119293305,52.78986722550088,13.154898992088683,1.669810640510367,0.0,0.0,4.135563603440471,0.7930151630858577,2.0,0.0
391,2025-01-26 00:00:00+00:00,renewable_shift,oracle,66.42374119293305,66.42374119293305,0.0,66.42374119293305,-66.42374119293305,0.0,0.0,11.662289361702129,-0.0,2.0,0.0
392,2025-01-27 00:00:00+00:00,renewable_shift,seasonal_naive,-94.08629920758649,89.42169554519498,183.50799475278149,66.42374119293305,-66.42374119293305,0.0,0.0,11.662289361702129,-0.0,2.0,0.0
392,2025-01-27 00:00:00+00:00,renewable_shift,median_risk_neutral,20.264518361018773,89.42169554519498,69.1571771841762,28.979240352399614,-28.979240352399614,0.0,0.0,4.135563603440471,0.0,2.0,0.0
392,2025-01-27 00:00:00+00:00,renewable_shift,raw_cvar,16.63672142467222,89.42169554519498,72.78497412052276,27.28907019067957,-12.5729396802636,0.0,0.0,4.007659574468086,0.0,2.0,0.0
392,2025-01-27 00:00:00+00:00,renewable_shift,static_cvar,20.462684898485303,89.42169554519498,68.95901064670967,27.03906249738926,-4.936789858894491,0.0,0.0,3.1482301866728015,0.4288934086470412,2.0,0.0
392,2025-01-27 00:00:00+00:00,renewable_shift,adaptive_risk_neutral,32.744581005917865,89.42169554519498,56.67711453927711,29.8190871402788,-3.3714556302540175,0.0,0.0,4.13556360344047,0.0,2.0,0.0
392,2025-01-27 00:00:00+00:00,renewable_shift,adaptive_cvar,23.113670856750097,89.42169554519498,66.30802468844487,29.23933667882845,-6.321366227884082,0.0,0.0,4.007659574468085,0.0,2.0,0.0
392,2025-01-27 00:00:00+00:00,renewable_shift,oracle,89.42169554519498,89.42169554519498,0.0,89.42169554519498,-89.42169554519496,0.0,0.0,7.774859574468085,0.0,2.0,0.0
393,2025-01-28 00:00:00+00:00,renewable_shift,seasonal_naive,-24.688217860748047,73.89197095009683,98.58018881084487,89.42169554519498,-89.42169554519496,0.0,0.0,7.774859574468085,0.0,2.0,0.0
393,2025-01-28 00:00:00+00:00,renewable_shift,median_risk_neutral,10.855103604869495,73.89197095009683,63.036867345227336,19.434608204336865,-19.434608204336865,0.0,0.0,4.263467632412857,-0.0,1.1238297872340426,0.0
393,2025-01-28 00:00:00+00:00,renewable_shift,raw_cvar,9.635794813071122,73.89197095009683,64.2561761370257,17.95911454986889,0.637087839476591,0.0,0.0,3.480750437965458,-0.0,1.0638297872340425,0.0
393,2025-01-28 00:00:00+00:00,renewable_shift,static_cvar,-0.39981478870118003,73.89197095009683,74.29178573879801,18.947376737996077,13.10615992159654,0.0,0.0,2.320106383488409,-0.0,1.0638297872340425,0.0
393,2025-01-28 00:00:00+00:00,renewable_shift,adaptive_risk_neutral,13.502163533688513,73.89197095009683,60.38980741640832,21.115843160858827,0.10091981452049062,0.0,0.0,3.8951040289723857,-0.0,1.0638297872340425,0.0
393,2025-01-28 00:00:00+00:00,renewable_shift,adaptive_cvar,6.928559110114946,73.89197095009683,66.96341183998189,20.482824777232093,-1.9920397223049935,0.0,0.0,3.179530121806337,-0.0,1.0638297872340425,0.0
393,2025-01-28 00:00:00+00:00,renewable_shift,oracle,73.89197095009683,73.89197095009683,0.0,73.89197095009683,-73.89197095009683,0.0,0.0,8.022993390674515,-0.0,2.0,0.0
394,2025-01-29 00:00:00+00:00,renewable_shift,seasonal_naive,-9.395363014861214,35.495091948821,44.89045496368222,73.89197095009683,-73.89197095009683,0.0,0.0,8.022993390674515,-0.0,2.0,0.0
394,2025-01-29 00:00:00+00:00,renewable_shift,median_risk_neutral,4.917604775927707,35.495091948821,30.577487172893292,15.73805904119612,-15.73805904119612,0.0,0.0,4.007659574468086,-0.0,2.0,0.0
394,2025-01-29 00:00:00+00:00,renewable_shift,raw_cvar,14.552003932191276,35.495091948821,20.943088016629723,13.722229077459764,-5.8722462313126496,0.0,0.0,4.007659574468086,-0.0,2.0,0.0
394,2025-01-29 00:00:00+00:00,renewable_shift,static_cvar,14.947453305627516,35.495091948821,20.547638643193483,7.399046367293617,3.99969105056722,0.0,0.0,3.0476175263105834,0.4791035916691716,2.0,0.0
394,2025-01-29 00:00:00+00:00,renewable_shift,adaptive_risk_neutral,-0.5592098384279822,35.495091948821,36.05430178724898,13.156800331478255,10.668714802012472,0.0,0.0,4.007659574468086,-0.0,2.0,0.0
394,2025-01-29 00:00:00+00:00,renewable_shift,adaptive_cvar,0.09005803526457257,35.495091948821,35.40503391355642,11.010306260586598,3.147211508057467,0.0,0.0,4.007659574468086,-0.0,2.0,0.0
394,2025-01-29 00:00:00+00:00,renewable_shift,oracle,35.495091948821,35.495091948821,0.0,35.495091948821,-35.495091948821,0.0,0.0,8.143223177908556,0.0,2.0,0.0
395,2025-01-30 00:00:00+00:00,renewable_shift,seasonal_naive,-30.177948483137968,50.44066300715903,80.618611490297,35.495091948821,-35.495091948821,0.0,0.0,8.143223177908556,0.0,2.0,0.0
395,2025-01-30 00:00:00+00:00,renewable_shift,median_risk_neutral,2.424530651450315,50.44066300715903,48.01613235570872,19.831929577724225,-19.831929577724225,0.0,0.0,4.135563603440471,0.0,2.0,0.0
395,2025-01-30 00:00:00+00:00,renewable_shift,raw_cvar,2.424530651450315,50.44066300715903,48.01613235570872,21.047102317500947,-9.438172469159436,0.0,0.0,4.135563603440471,0.0,2.0,0.0
395,2025-01-30 00:00:00+00:00,renewable_shift,static_cvar,8.179497640542795,50.44066300715903,42.26116536661624,20.742347760627073,2.533998130466643,0.0,0.0,4.920415239613922,0.0,2.0,0.0
395,2025-01-30 00:00:00+00:00,renewable_shift,adaptive_risk_neutral,-10.489014802356333,50.44066300715903,60.92967780951537,18.522819086409374,9.724769733795995,0.0,0.0,5.891259574468085,0.0,2.0,0.0
395,2025-01-30 00:00:00+00:00,renewable_shift,adaptive_cvar,-6.253651394926227,50.44066300715903,56.69431440208526,17.859573637598313,-0.6974790973501223,0.0,0.0,4.527220973556286,-0.0,2.0,0.0
395,2025-01-30 00:00:00+00:00,renewable_shift,oracle,50.44066300715903,50.44066300715903,0.0,50.44066300715903,-50.44066300715903,0.0,0.0,7.895089361702127,0.0,2.0,0.0
396,2025-01-31 00:00:00+00:00,renewable_shift,seasonal_naive,-0.2513435159751882,73.1298847433668,73.381228259342,50.44066300715903,-50.44066300715903,0.0,0.0,7.895089361702127,0.0,2.0,0.0
396,2025-01-31 00:00:00+00:00,renewable_shift,median_risk_neutral,25.762829457992478,73.1298847433668,47.36705528537432,28.464373893220237,-28.464373893220237,0.0,0.0,5.891259574468085,-0.0,2.0,0.0
396,2025-01-31 00:00:00+00:00,renewable_shift,raw_cvar,34.29188813585207,73.1298847433668,38.83799660751473,23.50504822689203,-15.636827817612877,0.0,0.0,4.29564429901095,-0.0,2.0,0.0
396,2025-01-31 00:00:00+00:00,renewable_shift,static_cvar,42.46267289964436,73.1298847433668,30.66721184372244,24.62057617189955,-5.55454416867178,0.0,0.0,4.084984759409638,-0.0,2.0,0.0
396,2025-01-31 00:00:00+00:00,renewable_shift,adaptive_risk_neutral,44.32635492534212,73.1298847433668,28.80352981802468,26.538532883516897,-9.549343488773577,0.0,0.0,4.007659574468085,-0.0,2.0,0.0
396,2025-01-31 00:00:00+00:00,renewable_shift,adaptive_cvar,36.89434261068668,73.1298847433668,36.23554213268012,25.081202431453995,-12.62750930103292,0.0,0.0,4.007659574468085,-0.0,2.0,0.0
396,2025-01-31 00:00:00+00:00,renewable_shift,oracle,73.1298847433668,73.1298847433668,0.0,73.1298847433668,-73.1298847433668,0.0,0.0,13.561237845178812,0.0,2.0,0.0
397,2025-02-01 00:00:00+00:00,renewable_shift,seasonal_naive,-44.354197078969186,30.76892043210364,75.12311751107282,73.1298847433668,-73.1298847433668,0.0,0.0,13.561237845178812,0.0,2.0,0.0
397,2025-02-01 00:00:00+00:00,renewable_shift,median_risk_neutral,14.006348747583553,30.76892043210364,16.76257168452009,13.119642907439337,-13.119642907439335,0.0,0.0,6.011489361702128,0.0,2.0,0.0
397,2025-02-01 00:00:00+00:00,renewable_shift,raw_cvar,11.719036430501797,30.76892043210364,19.049884001601846,11.600405169643151,-0.44444002737401045,0.0,0.0,6.011489361702128,0.0,2.0,0.0
397,2025-02-01 00:00:00+00:00,renewable_shift,static_cvar,16.62526310382411,30.76892043210364,14.14365732827953,12.137140175435437,7.935289132316664,0.0,0.0,5.0135400465478615,0.49802100034243457,2.0,0.0
397,2025-02-01 00:00:00+00:00,renewable_shift,adaptive_risk_neutral,11.864447819781498,30.76892043210364,18.904472612322145,11.74472125391401,9.677528750468575,0.0,0.0,6.011489361702128,0.0,2.0,0.0
397,2025-02-01 00:00:00+00:00,renewable_shift,adaptive_cvar,10.632086840833502,30.76892043210364,20.13683359127014,11.185468994358784,8.16621644427738,0.0,0.0,5.771029787234042,0.1200000000000001,2.0,0.0
397,2025-02-01 00:00:00+00:00,renewable_shift,oracle,30.76892043210364,30.76892043210364,0.0,30.76892043210364,-30.768920432103638,0.0,0.0,6.139393390674513,0.0,2.0,0.0
398,2025-02-02 00:00:00+00:00,renewable_shift,seasonal_naive,-12.950842075820422,42.00585826568794,54.956700341508366,30.76892043210364,-30.768920432103638,0.0,0.0,6.139393390674513,0.0,2.0,0.0
398,2025-02-02 00:00:00+00:00,renewable_shift,median_risk_neutral,-6.469683799421368,42.00585826568794,48.47554206510931,16.79661820088276,-16.79661820088276,0.0,0.0,4.007659574468085,0.0,2.0,0.0
398,2025-02-02 00:00:00+00:00,renewable_shift,raw_cvar,-8.932565489509905,42.00585826568794,50.938423755197846,16.605653901217348,-8.229928924814919,0.0,0.0,4.007659574468085,0.0,2.0,0.0
398,2025-02-02 00:00:00+00:00,renewable_shift,static_cvar,-14.937863317357724,42.00585826568794,56.943721583045665,14.432208413159064,2.452372555546149,0.0,0.0,4.007659574468085,-0.0,2.0,0.0
398,2025-02-02 00:00:00+00:00,renewable_shift,adaptive_risk_neutral,-6.469683799421368,42.00585826568794,48.47554206510931,14.758209489726053,0.6988915218178676,0.0,0.0,4.007659574468085,0.0,2.0,0.0
398,2025-02-02 00:00:00+00:00,renewable_shift,adaptive_cvar,-6.20050216517646,42.00585826568794,48.2063604308644,14.710414396871151,0.47736216996684283,0.0,0.0,4.007659574468085,0.0,2.0,0.0
398,2025-02-02 00:00:00+00:00,renewable_shift,oracle,42.00585826568794,42.00585826568794,0.0,42.00585826568794,-42.00585826568794,0.0,0.0,9.914267632412855,0.0,2.0,0.0
399,2025-02-03 00:00:00+00:00,renewable_shift,seasonal_naive,-40.348112234531186,51.123311101288756,91.47142333581994,42.00585826568794,-42.00585826568794,0.0,0.0,9.914267632412855,0.0,2.0,0.0
399,2025-02-03 00:00:00+00:00,renewable_shift,median_risk_neutral,13.263417386674146,51.123311101288756,37.859893714614614,29.96952451933183,-29.96952451933183,0.0,0.0,5.891259574468085,0.0,2.0,0.0
399,2025-02-03 00:00:00+00:00,renewable_shift,raw_cvar,10.90117952294,51.123311101288756,40.22213157834876,25.267791581239518,-10.95990956696343,0.0,0.0,4.007659574468085,0.0,2.0,0.0
399,2025-02-03 00:00:00+00:00,renewable_shift,static_cvar,7.064857773349544,51.123311101288756,44.05845332793921,23.54070860648728,0.2141449291722935,0.0,0.0,4.007659574468086,0.0,2.0,0.0
399,2025-02-03 00:00:00+00:00,renewable_shift,adaptive_risk_neutral,9.77905323394158,51.123311101288756,41.344257867347174,26.189408279014167,-0.14626246395493744,0.0,0.0,4.007659574468085,0.0,2.0,0.0
399,2025-02-03 00:00:00+00:00,renewable_shift,adaptive_cvar,11.686083326534098,51.123311101288756,39.43722777475466,25.849800477095155,-3.190040448348591,0.0,0.0,4.007659574468085,0.0,2.0,0.0
399,2025-02-03 00:00:00+00:00,renewable_shift,oracle,51.123311101288756,51.123311101288756,0.0,51.123311101288756,-51.123311101288756,0.0,0.0,9.658459574468086,-0.0,2.0,0.0
400,2025-02-04 00:00:00+00:00,renewable_shift,seasonal_naive,-44.82786819374139,55.45457802324719,100.28244621698857,51.123311101288756,-51.123311101288756,0.0,0.0,9.658459574468086,-0.0,2.0,0.0
400,2025-02-04 00:00:00+00:00,renewable_shift,median_risk_neutral,-10.406393488649933,55.45457802324719,65.86097151189712,32.03405007942077,-32.03405007942077,0.0,0.0,9.658459574468086,-0.0,2.0,0.0
400,2025-02-04 00:00:00+00:00,renewable_shift,raw_cvar,3.5520605515290686,55.45457802324719,51.90251747171812,28.26766561911718,-18.618489621275877,0.0,0.0,6.019163603440471,-0.0,2.0,0.0
400,2025-02-04 00:00:00+00:00,renewable_shift,static_cvar,12.80411460393491,55.45457802324719,42.650463419312274,19.518259955908317,-0.8244693046005467,0.0,0.0,4.369558702216985,-0.0,2.0,0.0
400,2025-02-04 00:00:00+00:00,renewable_shift,adaptive_risk_neutral,15.798195913738711,55.45457802324719,39.65638210950848,23.04881126299243,0.8540687095240422,0.0,0.0,6.019163603440471,-0.0,2.0,0.0
400,2025-02-04 00:00:00+00:00,renewable_shift,adaptive_cvar,11.223812023105914,55.45457802324719,44.23076600014127,21.123894513227302,-6.91855793436371,0.0,0.0,4.909872546840756,-0.0,2.0,0.0
400,2025-02-04 00:00:00+00:00,renewable_shift,oracle,55.45457802324719,55.45457802324719,0.0,55.45457802324719,-55.45457802324719,0.0,0.0,7.774859574468085,0.0,2.0,0.0
401,2025-02-05 00:00:00+00:00,renewable_shift,seasonal_naive,-30.417896595227447,54.904620454420304,85.32251704964776,55.45457802324719,-55.45457802324719,0.0,0.0,7.774859574468085,0.0,2.0,0.0
401,2025-02-05 00:00:00+00:00,renewable_shift,median_risk_neutral,19.14669081961185,54.904620454420304,35.75792963480845,30.031090671920442,-30.03109067192044,0.0,0.0,5.891259574468085,-0.0,2.0,0.0
401,2025-02-05 00:00:00+00:00,renewable_shift,raw_cvar,16.080510389222148,54.904620454420304,38.824110065198155,25.59505855839633,-14.892606905705769,0.0,0.0,4.135563603440471,-0.0,2.0,0.0
401,2025-02-05 00:00:00+00:00,renewable_shift,static_cvar,14.193702502447131,54.904620454420304,40.71091795197317,32.82319462675634,-8.302383193692386,0.0,0.0,4.1615634159028705,0.1200000000000001,2.0,0.0
401,2025-02-05 00:00:00+00:00,renewable_shift,adaptive_risk_neutral,24.03192089255514,54.904620454420304,30.872699561865165,30.89474905167862,3.189186712067784,0.0,0.0,5.891259574468085,-0.0,2.0,0.0
401,2025-02-05 00:00:00+00:00,renewable_shift,adaptive_cvar,15.620329122545352,54.904620454420304,39.284291331874954,29.8594079409274,-4.398634227971499,0.0,0.0,6.019163603440471,0.06000000000000005,2.0,0.0
401,2025-02-05 00:00:00+00:00,renewable_shift,oracle,54.904620454420304,54.904620454420304,0.0,54.904620454420304,-54.9046204544203,0.0,0.0,7.774859574468085,0.0,2.0,0.0
402,2025-02-06 00:00:00+00:00,renewable_shift,seasonal_naive,-46.49048453737535,25.98889974119976,72.47938427857511,54.904620454420304,-54.9046204544203,0.0,0.0,7.774859574468085,0.0,2.0,0.0
402,2025-02-06 00:00:00+00:00,renewable_shift,median_risk_neutral,5.717548392106135,25.98889974119976,20.271351349093624,23.22427845318092,-23.22427845318092,0.0,0.0,4.263467632412857,-0.0,2.0,0.0
402,2025-02-06 00:00:00+00:00,renewable_shift,raw_cvar,11.25819118734054,25.98889974119976,14.73070855385922,19.990865776950287,-4.190100290194725,0.0,0.0,4.263467632412857,-0.0,2.0,0.0
402,2025-02-06 00:00:00+00:00,renewable_shift,static_cvar,6.447795490887625,25.98889974119976,19.541104250312134,16.691037718844743,13.610977856312312,0.0,0.0,4.007659574468086,-0.0,2.0,0.0
402,2025-02-06 00:00:00+00:00,renewable_shift,adaptive_risk_neutral,11.021045553064102,25.98889974119976,14.967854188135657,22.217472283775923,2.2566292869904623,0.0,0.0,4.263467632412857,-0.0,2.0,0.0
402,2025-02-06 00:00:00+00:00,renewable_shift,adaptive_cvar,11.25819118734054,25.98889974119976,14.73070855385922,22.179159866707877,1.8838301927196983,0.0,0.0,4.263467632412857,-0.0,2.0,0.0
402,2025-02-06 00:00:00+00:00,renewable_shift,oracle,25.98889974119976,25.98889974119976,0.0,25.98889974119976,-25.988899741199763,0.0,0.0,7.654629787234043,0.0,2.0,0.0
403,2025-02-07 00:00:00+00:00,renewable_shift,seasonal_naive,-20.179804128334098,42.42692620228381,62.60673033061791,25.98889974119976,-25.988899741199763,0.0,0.0,7.654629787234043,0.0,2.0,0.0
403,2025-02-07 00:00:00+00:00,renewable_shift,median_risk_neutral,6.040316563864645,42.42692620228381,36.386609638419166,13.026486842199763,-13.026486842199763,0.0,0.0,3.8951040289723857,0.9361702127659575,2.0,0.0
403,2025-02-07 00:00:00+00:00,renewable_shift,raw_cvar,8.679243892029376,42.42692620228381,33.74768231025443,10.930720753314521,-1.5889832912265267,0.0,0.0,2.0038297872340425,1.0,2.0,0.0
403,2025-02-07 00:00:00+00:00,renewable_shift,static_cvar,11.925152529366603,42.42692620228381,30.501773672917206,10.881434604785763,2.28684984583524,0.0,0.0,2.1580298972355396,1.0,2.0,0.0
403,2025-02-07 00:00:00+00:00,renewable_shift,adaptive_risk_neutral,8.294005696711697,42.42692620228381,34.132920505572116,11.859997531617216,9.849181595616766,0.0,0.0,2.003829787234043,1.0,2.0,0.0
403,2025-02-07 00:00:00+00:00,renewable_shift,adaptive_cvar,10.601493121667774,42.42692620228381,31.825433080616037,10.197600245826544,0.09788949516590738,0.0,0.0,2.003829787234043,1.0,2.0,0.0
403,2025-02-07 00:00:00+00:00,renewable_shift,oracle,42.42692620228381,42.42692620228381,0.0,42.42692620228381,-42.42692620228381,0.0,0.0,7.654629787234041,0.06000000000000005,2.0,0.0
404,2025-02-08 00:00:00+00:00,renewable_shift,seasonal_naive,-24.68171678810278,22.743358771965273,47.42507556006805,42.42692620228381,-42.42692620228381,0.0,0.0,7.654629787234041,0.06000000000000005,2.0,0.0
404,2025-02-08 00:00:00+00:00,renewable_shift,median_risk_neutral,-16.22128018397617,22.743358771965273,38.96463895594144,14.081858417072562,-14.081858417072562,0.0,0.0,6.019163603440471,0.06000000000000005,2.0,0.0
404,2025-02-08 00:00:00+00:00,renewable_shift,raw_cvar,0.9551340065343705,22.743358771965273,21.788224765430904,10.7916012125539,-1.5658862297436682,0.0,0.0,4.135563603440471,-0.0,2.0,0.0
404,2025-02-08 00:00:00+00:00,renewable_shift,static_cvar,3.3341617148427947,22.743358771965273,19.409197057122476,8.08904836085212,10.072273786631193,0.0,0.0,3.7290691516696173,0.13902898568197075,2.0,0.0
404,2025-02-08 00:00:00+00:00,renewable_shift,adaptive_risk_neutral,-7.943357778703847,22.743358771965273,30.686716550669118,9.54463663778511,7.381702584752974,0.0,0.0,4.135563603440471,-0.0,2.0,0.0
404,2025-02-08 00:00:00+00:00,renewable_shift,adaptive_cvar,-5.002863890678394,22.743358771965273,27.746222662643667,8.753498618876712,5.410428021772282,0.0,0.0,3.3652054828159432,0.32061310583617186,2.0,0.0
404,2025-02-08 00:00:00+00:00,renewable_shift,oracle,22.743358771965273,22.743358771965273,0.0,22.743358771965273,-22.743358771965273,0.0,0.0,5.898933816206428,0.1200000000000001,2.0,0.0
405,2025-02-09 00:00:00+00:00,renewable_shift,seasonal_naive,-23.4108090046616,78.51756115155598,101.92837015621758,22.743358771965273,-22.743358771965273,0.0,0.0,5.898933816206428,0.1200000000000001,2.0,0.0
405,2025-02-09 00:00:00+00:00,renewable_shift,median_risk_neutral,38.583612319355,78.51756115155598,39.93394883220098,33.574660467624035,-33.574660467624035,0.0,0.0,4.007659574468086,-0.0,2.0,0.0
405,2025-02-09 00:00:00+00:00,renewable_shift,raw_cvar,38.583612319355,78.51756115155598,39.93394883220098,33.638771425437724,-16.46793843959183,0.0,0.0,4.007659574468086,0.0,2.0,0.0
405,2025-02-09 00:00:00+00:00,renewable_shift,static_cvar,23.295069695109998,78.51756115155598,55.22249145644598,28.709584051397297,2.060826088577483,0.0,0.0,4.007659574468086,-0.0,2.0,0.0
405,2025-02-09 00:00:00+00:00,renewable_shift,adaptive_risk_neutral,38.583612319355,78.51756115155598,39.93394883220098,31.46623791046195,-5.480559129655134,0.0,0.0,4.007659574468086,-0.0,2.0,0.0
405,2025-02-09 00:00:00+00:00,renewable_shift,adaptive_cvar,36.22232888749856,78.51756115155598,42.29523226405742,30.00685317993568,-11.138750148458255,0.0,0.0,4.007659574468086,0.0,2.0,0.0
405,2025-02-09 00:00:00+00:00,renewable_shift,oracle,78.51756115155598,78.51756115155598,0.0,78.51756115155598,-78.51756115155598,0.0,0.0,9.778689361702128,-0.0,2.0,0.0
406,2025-02-10 00:00:00+00:00,renewable_shift,seasonal_naive,-21.338895604362538,27.92252698508058,49.261422589443114,78.51756115155598,-78.51756115155598,0.0,0.0,9.778689361702128,-0.0,2.0,0.0
406,2025-02-10 00:00:00+00:00,renewable_shift,median_risk_neutral,0.6972551186720626,27.92252698508058,27.22527186640852,13.651921909505038,-13.651921909505038,0.0,0.0,4.007659574468086,-0.0,2.0,0.0
406,2025-02-10 00:00:00+00:00,renewable_shift,raw_cvar,1.7501620077147653,27.92252698508058,26.172364977365817,12.557223303515363,-2.748186612574586,0.0,0.0,4.007659574468086,-0.0,2.0,0.0
406,2025-02-10 00:00:00+00:00,renewable_shift,static_cvar,2.0985301818416584,27.92252698508058,25.82399680323892,13.849475887559912,9.624238133503123,0.0,0.0,4.007659574468086,-0.0,2.0,0.0
406,2025-02-10 00:00:00+00:00,renewable_shift,adaptive_risk_neutral,0.6972551186720626,27.92252698508058,27.22527186640852,11.539854618660048,10.400664844091178,0.0,0.0,4.007659574468086,-0.0,2.0,0.0
406,2025-02-10 00:00:00+00:00,renewable_shift,adaptive_cvar,3.6617766948261927,27.92252698508058,24.260750290254386,11.192481374353621,4.939160003206924,0.0,0.0,4.007659574468086,-0.0,2.0,0.0
406,2025-02-10 00:00:00+00:00,renewable_shift,oracle,27.92252698508058,27.92252698508058,0.0,27.92252698508058,-27.92252698508058,0.0,0.0,7.774859574468086,0.0,2.0,0.0
407,2025-02-11 00:00:00+00:00,renewable_shift,seasonal_naive,-20.0531766444552,61.90517648729866,81.95835313175385,27.92252698508058,-27.92252698508058,0.0,0.0,7.774859574468086,0.0,2.0,0.0
407,2025-02-11 00:00:00+00:00,renewable_shift,median_risk_neutral,30.967978478457717,61.90517648729866,30.937198008840944,50.07758567581392,-50.07758567581392,0.0,0.0,6.019163603440471,0.0,2.0,0.0
407,2025-02-11 00:00:00+00:00,renewable_shift,raw_cvar,36.66609151637144,61.90517648729866,25.239084970927223,46.69925339985613,-25.74521502583755,0.0,0.0,5.891259574468085,0.0,2.0,0.0
407,2025-02-11 00:00:00+00:00,renewable_shift,static_cvar,43.24159739813135,61.90517648729866,18.663579089167314,50.017666200065165,-21.199257839069023,0.0,0.0,6.01717741848297,-0.0,2.0,0.0
407,2025-02-11 00:00:00+00:00,renewable_shift,adaptive_risk_neutral,41.650248468867346,61.90517648729866,20.254928018431315,46.04491001263034,-15.25998451738685,0.0,0.0,5.891259574468085,-0.0,2.0,0.0
407,2025-02-11 00:00:00+00:00,renewable_shift,adaptive_cvar,40.36016901099106,61.90517648729866,21.545007476307603,45.93655920487047,-15.756023586955045,0.0,0.0,5.891259574468085,-0.0,2.0,0.0
407,2025-02-11 00:00:00+00:00,renewable_shift,oracle,61.90517648729866,61.90517648729866,0.0,61.90517648729866,-61.905176487298654,0.0,0.0,6.011489361702127,-0.0,2.0,0.0
408,2025-02-12 00:00:00+00:00,renewable_shift,seasonal_naive,-19.398854433301278,46.16634067892197,65.56519511222325,61.90517648729866,-61.905176487298654,0.0,0.0,6.011489361702127,-0.0,2.0,0.0
408,2025-02-12 00:00:00+00:00,renewable_shift,median_risk_neutral,-16.548203013219915,46.16634067892197,62.71454369214189,44.03448494371882,-44.03448494371882,0.0,0.0,5.891259574468085,-0.0,2.0,0.0
408,2025-02-12 00:00:00+00:00,renewable_shift,raw_cvar,-15.427564919914136,46.16634067892197,61.5939055988361,36.024264893365206,-21.69575957127412,0.0,0.0,5.891259574468085,-0.0,2.0,0.0
408,2025-02-12 00:00:00+00:00,renewable_shift,static_cvar,-10.889496146230993,46.16634067892197,57.055836825152966,29.10762949350433,5.9651819523017,0.0,0.0,5.891259574468085,-0.0,2.0,0.0
408,2025-02-12 00:00:00+00:00,renewable_shift,adaptive_risk_neutral,-16.676458390970925,46.16634067892197,62.84279906989289,32.34997350774246,-2.2628553746590563,0.0,0.0,5.891259574468085,-0.0,2.0,0.0
408,2025-02-12 00:00:00+00:00,renewable_shift,adaptive_cvar,-1.7571232561245376,46.16634067892197,47.923463935046506,29.486192789079528,-11.357643392737268,0.0,0.0,4.420973759264275,0.0,2.0,0.0
408,2025-02-12 00:00:00+00:00,renewable_shift,oracle,46.16634067892197,46.16634067892197,0.0,46.16634067892197,-46.16634067892197,0.0,0.0,9.906593390674514,-0.0,2.0,0.0
409,2025-02-13 00:00:00+00:00,renewable_shift,seasonal_naive,-36.09257434775412,71.77089397706541,107.86346832481954,38.43445807894459,-38.43445807894459,0.0,0.0,7.774859574468085,-0.0,2.0,0.0
409,2025-02-13 00:00:00+00:00,renewable_shift,median_risk_neutral,24.780988941752916,71.77089397706541,46.989905035312496,22.966384285663086,-22.966384285663086,0.0,0.0,4.13556360344047,-0.0,2.0,0.0
409,2025-02-13 00:00:00+00:00,renewable_shift,raw_cvar,20.83503262955631,71.77089397706541,50.9358613475091,18.981988842197662,-7.1193565852468055,0.0,0.0,4.007659574468085,-0.0,2.0,0.0
409,2025-02-13 00:00:00+00:00,renewable_shift,static_cvar,35.12076199168232,71.77089397706541,36.65013198538309,17.327366922308617,-1.8462723977267292,0.0,0.0,2.9266656081662346,0.7329628108051531,2.0,0.0
409,2025-02-13 00:00:00+00:00,renewable_shift,adaptive_risk_neutral,36.78404367433117,71.77089397706541,34.98685030273424,17.194705098425302,7.592142775570455,0.0,0.0,4.007659574468086,-0.0,2.0,0.0
409,2025-02-13 00:00:00+00:00,renewable_shift,adaptive_cvar,24.810244384744976,71.77089397706541,46.960649592320436,15.86704963240574,-2.029525924691444,0.0,0.0,4.007659574468085,-0.0,2.0,0.0
409,2025-02-13 00:00:00+00:00,renewable_shift,oracle,71.77089397706541,71.77089397706541,0.0,71.77089397706541,-71.77089397706541,0.0,0.0,11.662289361702127,0.0,2.0,0.0
410,2025-02-14 00:00:00+00:00,renewable_shift,seasonal_naive,-75.43203798050642,65.21560508736312,140.64764306786952,71.77089397706541,-71.77089397706541,0.0,0.0,11.662289361702127,0.0,2.0,0.0
410,2025-02-14 00:00:00+00:00,renewable_shift,median_risk_neutral,23.643199637269017,65.21560508736312,41.572405450094095,26.829231102405036,-26.829231102405036,0.0,0.0,4.263467632412857,0.1200000000000001,2.0,0.0
410,2025-02-14 00:00:00+00:00,renewable_shift,raw_cvar,39.79272498154549,65.21560508736312,25.422880105817626,26.818570630582744,-10.438192538138466,0.0,0.0,4.13556360344047,0.9361702127659575,2.0,0.0
410,2025-02-14 00:00:00+00:00,renewable_shift,static_cvar,15.372131593599452,65.21560508736312,49.84347349376367,20.568804906719283,-2.325218826591648,0.0,0.0,2.142913285907033,1.0,2.0,0.0
410,2025-02-14 00:00:00+00:00,renewable_shift,adaptive_risk_neutral,18.079029245079653,65.21560508736312,47.13657584228346,27.784152676567494,-4.109790887188162,0.0,0.0,4.263467632412857,0.1200000000000001,2.0,0.0
410,2025-02-14 00:00:00+00:00,renewable_shift,adaptive_cvar,19.458929947162883,65.21560508736312,45.75667514020023,27.11442670643428,-5.623770229271924,0.0,0.0,3.7757971106364425,0.1200000000000001,2.0,0.0
410,2025-02-14 00:00:00+00:00,renewable_shift,oracle,65.21560508736312,65.21560508736312,0.0,65.21560508736312,-65.21560508736312,0.0,0.0,10.026823177908556,0.0,2.0,0.0
411,2025-02-15 00:00:00+00:00,renewable_shift,seasonal_naive,-55.99504561147535,28.700962324573908,84.69600793604926,65.21560508736312,-65.21560508736312,0.0,0.0,10.026823177908556,0.0,2.0,0.0
411,2025-02-15 00:00:00+00:00,renewable_shift,median_risk_neutral,-9.3352672792811,28.700962324573908,38.036229603855006,34.467153909735416,-34.467153909735416,0.0,0.0,7.895089361702127,-0.0,2.0,0.0
411,2025-02-15 00:00:00+00:00,renewable_shift,raw_cvar,-9.3352672792811,28.700962324573908,38.036229603855006,31.95943806206154,-13.507576821969494,0.0,0.0,7.895089361702127,-0.0,2.0,0.0
411,2025-02-15 00:00:00+00:00,renewable_shift,static_cvar,1.4064434903848326,28.700962324573908,27.294518834189077,28.680974704479407,3.527916654214823,0.0,0.0,7.75641123190026,-0.0,2.0,0.0
411,2025-02-15 00:00:00+00:00,renewable_shift,adaptive_risk_neutral,7.781280274396293,28.700962324573908,20.919682050177613,24.300172181855437,1.1247049970841447,0.0,0.0,6.019163603440471,-0.0,2.0,0.0
411,2025-02-15 00:00:00+00:00,renewable_shift,adaptive_cvar,8.225269616458805,28.700962324573908,20.475692708115105,24.24995931919598,0.7607508263470183,0.0,0.0,6.019163603440471,-0.0,2.0,0.0
411,2025-02-15 00:00:00+00:00,renewable_shift,oracle,28.700962324573908,28.700962324573908,0.0,28.700962324573908,-28.700962324573908,0.0,0.0,9.778689361702128,-0.0,2.0,0.0
412,2025-02-16 00:00:00+00:00,renewable_shift,seasonal_naive,7.406066853401811,44.112142801474164,36.70607594807235,28.700962324573908,-28.700962324573908,0.0,0.0,9.778689361702128,-0.0,2.0,0.0
412,2025-02-16 00:00:00+00:00,renewable_shift,median_risk_neutral,12.59589210903048,44.112142801474164,31.516250692443684,33.03328008323565,-33.03328008323565,0.0,0.0,4.13556360344047,-0.0,2.0,0.0
412,2025-02-16 00:00:00+00:00,renewable_shift,raw_cvar,19.525779527817317,44.112142801474164,24.586363273656847,28.512382585734027,-17.26588544634003,0.0,0.0,4.13556360344047,0.0,2.0,0.0
412,2025-02-16 00:00:00+00:00,renewable_shift,static_cvar,18.45243840688184,44.112142801474164,25.659704394592325,23.91449471037856,-4.938088472302367,0.0,0.0,4.007659574468085,-0.0,2.0,0.0
412,2025-02-16 00:00:00+00:00,renewable_shift,adaptive_risk_neutral,10.830141524778774,44.112142801474164,33.28200127669539,26.25591106025789,-5.018613067662047,0.0,0.0,4.13556360344047,-0.0,2.0,0.0
412,2025-02-16 00:00:00+00:00,renewable_shift,adaptive_cvar,14.663817518440379,44.112142801474164,29.448325283033785,25.590537136759114,-7.171209772905812,0.0,0.0,4.13556360344047,-0.0,2.0,0.0
412,2025-02-16 00:00:00+00:00,renewable_shift,oracle,44.112142801474164,44.112142801474164,0.0,44.112142801474164,-44.112142801474164,0.0,0.0,5.891259574468085,-0.0,2.0,0.0
413,2025-02-17 00:00:00+00:00,renewable_shift,seasonal_naive,-85.67982487968857,125.20606768571864,210.8858925654072,45.06968755732743,-45.06968755732743,0.0,0.0,5.891259574468085,-0.0,2.0,0.0
413,2025-02-17 00:00:00+00:00,renewable_shift,median_risk_neutral,24.900293768553777,125.20606768571864,100.30577391716486,38.591374507819936,-38.591374507819936,0.0,0.0,5.891259574468085,-0.0,2.0,0.0
413,2025-02-17 00:00:00+00:00,renewable_shift,raw_cvar,22.81497578369255,125.20606768571864,102.39109190202609,34.06296387065224,-15.212316768265355,0.0,0.0,4.13556360344047,-0.0,2.0,0.0
413,2025-02-17 00:00:00+00:00,renewable_shift,static_cvar,14.245159399967799,125.20606768571864,110.96090828575083,28.114760022924752,2.0359270890448893,0.0,0.0,4.135563603440471,-0.0,2.0,0.0
413,2025-02-17 00:00:00+00:00,renewable_shift,adaptive_risk_neutral,24.419268641099485,125.20606768571864,100.78679904461916,32.67329987287257,-9.738720387028348,0.0,0.0,6.019163603440471,-0.0,2.0,0.0
413,2025-02-17 00:00:00+00:00,renewable_shift,adaptive_cvar,18.71699316596988,125.20606768571864,106.48907451974875,32.07755543346163,-11.540217717639232,0.0,0.0,5.001362747990008,-0.0,2.0,0.0
413,2025-02-17 00:00:00+00:00,renewable_shift,oracle,125.20606768571864,125.20606768571864,0.0,125.20606768571864,-125.20606768571864,0.0,0.0,8.143223177908556,0.0,2.0,0.0
414,2025-02-18 00:00:00+00:00,renewable_shift,seasonal_naive,-57.337914068539746,45.188283525774246,102.526197594314,125.20606768571864,-125.20606768571864,0.0,0.0,8.143223177908556,0.0,2.0,0.0
414,2025-02-18 00:00:00+00:00,renewable_shift,median_risk_neutral,-36.73348810954617,45.188283525774246,81.92177163532043,14.626725058636765,-14.626725058636765,0.0,0.0,5.891259574468085,0.0,2.0,0.0
414,2025-02-18 00:00:00+00:00,renewable_shift,raw_cvar,-23.202248022634386,45.188283525774246,68.39053154840863,12.299977564744296,1.9540838032169228,0.0,0.0,5.958066416908044,0.0,2.0,0.0
414,2025-02-18 00:00:00+00:00,renewable_shift,static_cvar,-17.51484384048007,45.188283525774246,62.703127366254314,8.654063240752869,9.828896924446525,0.0,0.0,4.090945748022418,0.9070907766261677,2.0,0.0
414,2025-02-18 00:00:00+00:00,renewable_shift,adaptive_risk_neutral,-17.499668444525348,45.188283525774246,62.68795197029959,11.55053107640744,8.362135421484927,0.0,0.0,6.011489361702127,0.0,2.0,0.0
414,2025-02-18 00:00:00+00:00,renewable_shift,adaptive_cvar,-10.167548948052046,45.188283525774246,55.35583247382629,11.057761525415886,6.279920115624397,0.0,0.0,5.891259574468085,0.0,2.0,0.0
414,2025-02-18 00:00:00+00:00,renewable_shift,oracle,45.188283525774246,45.188283525774246,0.0,45.188283525774246,-45.188283525774246,0.0,0.0,8.27112720688094,0.0,2.0,0.0
415,2025-02-19 00:00:00+00:00,renewable_shift,seasonal_naive,-62.32185695351937,56.022768755129846,118.34462570864922,45.188283525774246,-45.188283525774246,0.0,0.0,8.27112720688094,0.0,2.0,0.0
415,2025-02-19 00:00:00+00:00,renewable_shift,median_risk_neutral,25.58020520543364,56.022768755129846,30.442563549696207,32.52784403058661,-32.52784403058661,0.0,0.0,5.891259574468085,-0.0,2.0,0.0
415,2025-02-19 00:00:00+00:00,renewable_shift,raw_cvar,22.479790102290323,56.022768755129846,33.54297865283952,31.34849278542663,-19.707613558048624,0.0,0.0,4.13556360344047,-0.0,2.0,0.0
415,2025-02-19 00:00:00+00:00,renewable_shift,static_cvar,20.23624316181092,56.022768755129846,35.78652559331893,29.92879064766838,-7.483938482724253,0.0,0.0,5.150686168650329,-0.0,2.0,0.0
415,2025-02-19 00:00:00+00:00,renewable_shift,adaptive_risk_neutral,9.624032277631535,56.022768755129846,46.39873647749831,30.468240741753313,-8.70889313437097,0.0,0.0,4.13556360344047,-0.0,2.0,0.0
415,2025-02-19 00:00:00+00:00,renewable_shift,adaptive_cvar,8.857971844390987,56.022768755129846,47.16479691073886,29.547664585975266,-15.145733340140206,0.0,0.0,4.135563603440471,-0.0,2.0,0.0
415,2025-02-19 00:00:00+00:00,renewable_shift,oracle,56.022768755129846,56.022768755129846,0.0,56.022768755129846,-56.02276875512985,0.0,0.0,9.78636360344047,0.0,2.0,0.0
416,2025-02-20 00:00:00+00:00,renewable_shift,seasonal_naive,-28.518599862759373,59.67340772388342,88.1920075866428,56.022768755129846,-56.02276875512985,0.0,0.0,9.78636360344047,0.0,2.0,0.0
416,2025-02-20 00:00:00+00:00,renewable_shift,median_risk_neutral,32.96813864723576,59.67340772388342,26.70526907664766,19.600460944804535,-19.600460944804535,0.0,0.0,5.891259574468085,0.0,2.0,0.0
416,2025-02-20 00:00:00+00:00,renewable_shift,raw_cvar,10.883536042722014,59.67340772388342,48.78987168116141,14.769515216478498,2.3324616864294714,0.0,0.0,4.13556360344047,0.0,2.0,0.0
416,2025-02-20 00:00:00+00:00,renewable_shift,static_cvar,8.965855038544568,59.67340772388342,50.707552685338854,5.10218014354186,7.0044401057143215,0.0,0.0,2.619631580187871,0.0,1.0,0.0
416,2025-02-20 00:00:00+00:00,renewable_shift,adaptive_risk_neutral,9.686920893378009,59.67340772388342,49.98648683050541,14.942871044662827,10.762223967773007,0.0,0.0,4.13556360344047,0.0,2.0,0.0
416,2025-02-20 00:00:00+00:00,renewable_shift,adaptive_cvar,8.065654636082174,59.67340772388342,51.60775308780125,14.330413698937823,7.208710785124573,0.0,0.0,4.007659574468085,0.0,2.0,0.0
416,2025-02-20 00:00:00+00:00,renewable_shift,oracle,59.67340772388342,59.67340772388342,0.0,59.67340772388342,-59.67340772388342,0.0,0.0,10.0344974196469,-0.0,2.0,0.0
417,2025-02-21 00:00:00+00:00,renewable_shift,seasonal_naive,5.491152921144732,93.75994624540982,88.26879332426509,59.67340772388342,-59.67340772388342,0.0,0.0,10.0344974196469,-0.0,2.0,0.0
417,2025-02-21 00:00:00+00:00,renewable_shift,median_risk_neutral,25.82874729843823,93.75994624540982,67.93119894697159,31.78546169735835,-31.785461697358347,0.0,0.0,6.019163603440471,0.06000000000000005,2.0,0.0
417,2025-02-21 00:00:00+00:00,renewable_shift,raw_cvar,28.21082489110455,93.75994624540982,65.54912135430527,31.756215998993223,-10.441425018464916,0.0,0.0,6.019163603440471,0.06000000000000005,2.0,0.0
417,2025-02-21 00:00:00+00:00,renewable_shift,static_cvar,20.604967036232043,93.75994624540982,73.15497920917778,28.331844559459704,2.6998938372863726,0.0,0.0,4.87346490193347,0.6317545017076773,2.0,0.0
417,2025-02-21 00:00:00+00:00,renewable_shift,adaptive_risk_neutral,25.721365033818515,93.75994624540982,68.0385812115913,27.73159573284518,6.569751191875945,0.0,0.0,6.019163603440471,0.06000000000000005,2.0,0.0
417,2025-02-21 00:00:00+00:00,renewable_shift,adaptive_cvar,23.292889290474918,93.75994624540982,70.4670569549349,27.046759875378584,4.989253931500057,0.0,0.0,6.019163603440471,0.06000000000000005,2.0,0.0
417,2025-02-21 00:00:00+00:00,renewable_shift,oracle,93.75994624540982,93.75994624540982,0.0,93.75994624540982,-93.75994624540981,0.0,0.0,15.309259574468085,0.0,2.0,0.0
418,2025-02-22 00:00:00+00:00,renewable_shift,seasonal_naive,-64.28835526218249,49.16832129477651,113.456676556959,93.75994624540982,-93.75994624540981,0.0,0.0,15.309259574468085,0.0,2.0,0.0
418,2025-02-22 00:00:00+00:00,renewable_shift,median_risk_neutral,5.864795837355597,49.16832129477651,43.30352545742092,42.233582879368825,-42.233582879368825,0.0,0.0,8.01531914893617,0.0,2.0,0.0
418,2025-02-22 00:00:00+00:00,renewable_shift,raw_cvar,4.188659635133114,49.16832129477651,44.9796616596434,37.19078091232895,-21.69784111921227,0.0,0.0,6.139393390674513,0.0,2.0,0.0
418,2025-02-22 00:00:00+00:00,renewable_shift,static_cvar,8.83496887056002,49.16832129477651,40.33335242421649,31.126580124286555,-0.0027051423468343523,0.0,0.0,6.011489361702128,0.0,2.0,0.0
418,2025-02-22 00:00:00+00:00,renewable_shift,adaptive_risk_neutral,12.285661784412362,49.16832129477651,36.88265951036415,35.45177399230183,-10.702125466950921,0.0,0.0,6.139393390674513,0.0,2.0,0.0
418,2025-02-22 00:00:00+00:00,renewable_shift,adaptive_cvar,14.1071304370968,49.16832129477651,35.06119085767971,35.234700914554104,-11.443982924588138,0.0,0.0,6.31151758239665,0.0,2.0,0.0
418,2025-02-22 00:00:00+00:00,renewable_shift,oracle,49.16832129477651,49.16832129477651,0.0,49.16832129477651,-49.16832129477651,0.0,0.0,10.282631235853327,0.0,2.0,0.0
419,2025-02-23 00:00:00+00:00,renewable_shift,seasonal_naive,-60.13312230685147,62.9275619916104,123.06068429846187,49.16832129477651,-49.16832129477651,0.0,0.0,10.282631235853327,0.0,2.0,0.0
419,2025-02-23 00:00:00+00:00,renewable_shift,median_risk_neutral,12.797700859773176,62.9275619916104,50.12986113183723,27.939446200958667,-27.939446200958667,0.0,0.0,5.891259574468085,-0.0,2.0,0.0
419,2025-02-23 00:00:00+00:00,renewable_shift,raw_cvar,-22.05603197624375,62.9275619916104,84.98359396785415,22.342132405442182,-10.986205952808637,0.0,0.0,4.007659574468085,-0.0,2.0,0.0
419,2025-02-23 00:00:00+00:00,renewable_shift,static_cvar,-10.524087916640106,62.9275619916104,73.45164990825052,17.95190212858052,7.536629024084352,0.0,0.0,4.007659574468086,-0.0,2.0,0.0
419,2025-02-23 00:00:00+00:00,renewable_shift,adaptive_risk_neutral,-1.5314023342356098,62.9275619916104,64.45896432584601,20.616292203900496,6.239391340093201,0.0,0.0,4.135563603440471,-0.0,2.0,0.0
419,2025-02-23 00:00:00+00:00,renewable_shift,adaptive_cvar,-0.4055280706632516,62.9275619916104,63.333090062273655,20.201249260030668,5.274460321615567,0.0,0.0,4.007659574468086,-0.0,2.0,0.0
419,2025-02-23 00:00:00+00:00,renewable_shift,oracle,62.9275619916104,62.9275619916104,0.0,62.9275619916104,-62.927561991610396,0.0,0.0,9.78636360344047,0.0,2.0,0.0
