issue_day,issue_time,regime,strategy,realised_profit_eur,oracle_profit_eur,regret_eur,in_sample_expected_profit_eur,in_sample_cvar_loss_eur,constraint_violations,simultaneous_throughput_mwh,total_throughput_mwh,minimum_soc_mwh,maximum_soc_mwh,terminal_soc_error_mwh
337,2024-12-03 00:00:00+00:00,renewable_shift,seasonal_naive,-24.375970349958514,38.60242520598464,62.97839555594315,44.97357802405204,-44.97357802405204,0.0,0.0,6.011489361702128,0.0,2.0,0.0
337,2024-12-03 00:00:00+00:00,renewable_shift,median_risk_neutral,2.1827032771135197,38.60242520598464,36.41972192887112,18.663421105484524,-18.663421105484524,0.0,0.0,5.778704028972386,0.1200000000000001,2.0,0.0
337,2024-12-03 00:00:00+00:00,renewable_shift,raw_cvar,15.970607723019908,38.60242520598464,22.631817482964728,13.703925061458534,-0.30584255470087446,0.0,0.0,4.135563603440471,0.1200000000000001,2.0,0.0
337,2024-12-03 00:00:00+00:00,renewable_shift,static_cvar,0.0,38.60242520598464,38.60242520598464,0.0,0.0,0.0,0.0,0.0,1.0,1.0,0.0
337,2024-12-03 00:00:00+00:00,renewable_shift,adaptive_risk_neutral,1.1060707181121447,38.60242520598464,37.496354487872495,5.6572254883368025,25.102194392046155,0.0,0.0,3.7672,-0.0,1.88,0.0
337,2024-12-03 00:00:00+00:00,renewable_shift,adaptive_cvar,0.0,38.60242520598464,38.60242520598464,0.0,0.0,0.0,0.0,0.0,1.0,1.0,0.0
337,2024-12-03 00:00:00+00:00,renewable_shift,oracle,38.60242520598464,38.60242520598464,0.0,38.60242520598464,-38.60242520598464,0.0,0.0,10.154727206880942,0.0,2.0,0.0
338,2024-12-04 00:00:00+00:00,renewable_shift,seasonal_naive,-54.21268893881635,79.70978058248527,133.92246952130162,38.60242520598464,-38.60242520598464,0.0,0.0,10.154727206880942,0.0,2.0,0.0
338,2024-12-04 00:00:00+00:00,renewable_shift,median_risk_neutral,62.28910086628271,79.70978058248527,17.420679716202557,34.50778583718635,-34.50778583718635,0.0,0.0,5.891259574468085,0.0,2.0,0.0
338,2024-12-04 00:00:00+00:00,renewable_shift,raw_cvar,61.42150702456857,79.70978058248527,18.288273557916696,30.068106330172473,-14.417919005975493,0.0,0.0,5.891259574468085,0.0,2.0,0.0
338,2024-12-04 00:00:00+00:00,renewable_shift,static_cvar,43.881488884929,79.70978058248527,35.82829169755627,23.327379641083358,3.1572738670766207,0.0,0.0,4.007659574468086,0.0,2.0,0.0
338,2024-12-04 00:00:00+00:00,renewable_shift,adaptive_risk_neutral,62.05717069061194,79.70978058248527,17.652609891873325,29.817107103482634,2.992810810908528,0.0,0.0,5.891259574468085,0.0,2.0,0.0
338,2024-12-04 00:00:00+00:00,renewable_shift,adaptive_cvar,59.316187408603085,79.70978058248527,20.39359317388218,26.646062160468592,-5.633827597670794,0.0,0.0,4.818539854620328,0.0,2.0,0.0
338,2024-12-04 00:00:00+00:00,renewable_shift,oracle,79.70978058248527,79.70978058248527,0.0,79.70978058248527,-79.70978058248527,0.0,0.0,9.778689361702128,0.0,2.0,0.0
339,2024-12-05 00:00:00+00:00,renewable_shift,seasonal_naive,-10.722765351347489,80.1184358372662,90.8412011886137,79.70978058248527,-79.70978058248527,0.0,0.0,9.778689361702128,0.0,2.0,0.0
339,2024-12-05 00:00:00+00:00,renewable_shift,median_risk_neutral,28.817996390871862,80.1184358372662,51.30043944639434,63.67917893893646,-63.67917893893646,0.0,0.0,7.895089361702127,-0.0,2.0,0.0
339,2024-12-05 00:00:00+00:00,renewable_shift,raw_cvar,31.58416311449816,80.1184358372662,48.534272722768044,59.046080778500496,-28.03988355462722,0.0,0.0,7.895089361702127,-0.0,2.0,0.0
339,2024-12-05 00:00:00+00:00,renewable_shift,static_cvar,5.918564920482556,80.1184358372662,74.19987091678365,53.51882453192328,-15.849729619987652,0.0,0.0,7.895089361702128,-0.0,2.0,0.0
339,2024-12-05 00:00:00+00:00,renewable_shift,adaptive_risk_neutral,37.745771221124365,80.1184358372662,42.37266461614184,60.7816517167267,-13.55981554723234,0.0,0.0,7.895089361702127,0.0,2.0,0.0
339,2024-12-05 00:00:00+00:00,renewable_shift,adaptive_cvar,30.86983284582701,80.1184358372662,49.2486029914392,59.903482508819934,-17.871293023868272,0.0,0.0,7.895089361702128,0.0,2.0,0.0
339,2024-12-05 00:00:00+00:00,renewable_shift,oracle,80.1184358372662,80.1184358372662,0.0,80.1184358372662,-80.1184358372662,0.0,0.0,11.3016,0.0,2.0,0.0
340,2024-12-06 00:00:00+00:00,renewable_shift,seasonal_naive,-31.256878081809813,34.83385129469234,66.09072937650215,70.97393624579253,-70.97393624579253,0.0,0.0,11.301599999999999,0.0,2.0,0.0
340,2024-12-06 00:00:00+00:00,renewable_shift,median_risk_neutral,12.607091370217105,34.83385129469234,22.226759924475232,39.2073143096346,-39.2073143096346,0.0,0.0,7.902763603440471,-0.0,2.0,0.0
340,2024-12-06 00:00:00+00:00,renewable_shift,raw_cvar,19.99670241891217,34.83385129469234,14.837148875780166,34.057066695622574,-18.53517850531722,0.0,0.0,6.139393390674513,-0.0,2.0,0.0
340,2024-12-06 00:00:00+00:00,renewable_shift,static_cvar,16.446587922140704,34.83385129469234,18.387263372551633,27.95599907498937,1.2660082608062828,0.0,0.0,5.891259574468085,-0.0,2.0,0.0
340,2024-12-06 00:00:00+00:00,renewable_shift,adaptive_risk_neutral,14.99903479171736,34.83385129469234,19.834816502974977,31.558894630020063,4.0110375135734975,0.0,0.0,6.139393390674513,-0.0,2.0,0.0
340,2024-12-06 00:00:00+00:00,renewable_shift,adaptive_cvar,16.39014209992766,34.83385129469234,18.443709194764676,30.54250427714346,0.7104477699839874,0.0,0.0,6.011489361702127,-0.0,2.0,0.0
340,2024-12-06 00:00:00+00:00,renewable_shift,oracle,34.83385129469234,34.83385129469234,0.0,34.83385129469234,-34.83385129469234,0.0,0.0,4.263467632412857,0.9361702127659575,2.0,0.0
341,2024-12-07 00:00:00+00:00,renewable_shift,seasonal_naive,-17.646989660891414,56.07677192616168,73.7237615870531,34.83385129469234,-34.83385129469234,0.0,0.0,4.263467632412857,0.9361702127659575,2.0,0.0
341,2024-12-07 00:00:00+00:00,renewable_shift,median_risk_neutral,7.93098154596832,56.07677192616168,48.14579038019336,12.372068044113496,-12.372068044113496,0.0,0.0,5.778704028972386,-0.0,2.0,0.0
341,2024-12-07 00:00:00+00:00,renewable_shift,raw_cvar,21.26303225811705,56.07677192616168,34.81373966804463,8.815754061417131,2.872319272547752,0.0,0.0,4.007659574468086,-0.0,2.0,0.0
341,2024-12-07 00:00:00+00:00,renewable_shift,static_cvar,10.937453274408758,56.07677192616168,45.13931865175292,5.114087078331027,6.78668482687731,0.0,0.0,2.4815434237391836,0.7615996929736503,2.0,0.0
341,2024-12-07 00:00:00+00:00,renewable_shift,adaptive_risk_neutral,-1.3301071375323303,56.07677192616168,57.406879063694014,11.179879881476023,17.67306451644255,0.0,0.0,5.6508,-0.0,1.88,0.0
341,2024-12-07 00:00:00+00:00,renewable_shift,adaptive_cvar,2.3666554271830478,56.07677192616168,53.710116498978635,9.516533258548945,5.2482543589709305,0.0,0.0,3.345436895185329,0.5109938356371599,2.0,0.0
341,2024-12-07 00:00:00+00:00,renewable_shift,oracle,56.07677192616168,56.07677192616168,0.0,56.07677192616168,-56.07677192616168,0.0,0.0,11.910423177908555,-0.0,2.0,0.0
342,2024-12-08 00:00:00+00:00,renewable_shift,seasonal_naive,-4.574488223335393,79.37206887568608,83.94655709902148,56.07677192616168,-56.07677192616168,0.0,0.0,11.910423177908555,-0.0,2.0,0.0
342,2024-12-08 00:00:00+00:00,renewable_shift,median_risk_neutral,-37.875111930859006,79.37206887568608,117.24718080654509,15.678118301152807,-15.678118301152807,0.0,0.0,3.8951040289723857,0.9361702127659575,2.0,0.0
342,2024-12-08 00:00:00+00:00,renewable_shift,raw_cvar,-36.69113328059023,79.37206887568608,116.0632021562763,12.182910713740528,-7.021687370770202,0.0,0.0,2.7108344910876365,0.9361702127659575,2.0,0.0
342,2024-12-08 00:00:00+00:00,renewable_shift,static_cvar,-23.165599210495287,79.37206887568608,102.53766808618137,10.386423658983434,5.857800693132588,0.0,0.0,2.1317338162064283,0.9361702127659575,2.0,0.0
342,2024-12-08 00:00:00+00:00,renewable_shift,adaptive_risk_neutral,-9.137019003682665,79.37206887568608,88.50908787936875,9.131344796830227,7.634633228751077,0.0,0.0,2.1317338162064283,0.9361702127659575,2.0,0.0
342,2024-12-08 00:00:00+00:00,renewable_shift,adaptive_cvar,-17.100238130780987,79.37206887568608,96.47230700646708,8.888857501228461,3.553907772227685,0.0,0.0,2.1317338162064283,0.9361702127659575,2.0,0.0
342,2024-12-08 00:00:00+00:00,renewable_shift,oracle,79.37206887568608,79.37206887568608,0.0,79.37206887568608,-79.37206887568608,0.0,0.0,11.542059574468084,-0.0,2.0,0.0
343,2024-12-09 00:00:00+00:00,renewable_shift,seasonal_naive,-46.51994962750546,36.08575309910903,82.60570272661448,79.37206887568608,-79.37206887568608,0.0,0.0,11.542059574468084,-0.0,2.0,0.0
343,2024-12-09 00:00:00+00:00,renewable_shift,median_risk_neutral,-8.033519569928897,36.08575309910903,44.119272669037926,15.248141603513213,-15.248141603513213,0.0,0.0,4.007659574468085,-0.0,2.0,0.0
343,2024-12-09 00:00:00+00:00,renewable_shift,raw_cvar,-4.201669626845504,36.08575309910903,40.28742272595453,17.73558199593331,-11.248612836001964,0.0,0.0,4.086310018996789,-0.0,2.0,0.0
343,2024-12-09 00:00:00+00:00,renewable_shift,static_cvar,-16.932346726247907,36.08575309910903,53.018099825356934,29.287117070538184,-6.57271053434862,0.0,0.0,5.958034395143293,-0.0,2.0,0.0
343,2024-12-09 00:00:00+00:00,renewable_shift,adaptive_risk_neutral,-29.88967253203612,36.08575309910903,65.97542563114514,28.565322528235676,13.167768512854723,0.0,0.0,7.895089361702128,-0.0,2.0,0.0
343,2024-12-09 00:00:00+00:00,renewable_shift,adaptive_cvar,-0.7030077365156728,36.08575309910903,36.7887608356247,22.61871214240801,-4.216151860626597,0.0,0.0,4.7132784297841015,0.0,2.0,0.0
343,2024-12-09 00:00:00+00:00,renewable_shift,oracle,36.08575309910903,36.08575309910903,0.0,36.08575309910903,-36.08575309910903,0.0,0.0,9.794037845178813,0.0,2.0,0.0
344,2024-12-10 00:00:00+00:00,renewable_shift,seasonal_naive,-55.654304200095254,33.45461738531071,89.10892158540597,36.08575309910903,-36.08575309910903,0.0,0.0,9.794037845178813,0.0,2.0,0.0
344,2024-12-10 00:00:00+00:00,renewable_shift,median_risk_neutral,-15.18461547499551,33.45461738531071,48.63923286030622,7.94698293407137,-7.94698293407137,0.0,0.0,4.007659574468086,-0.0,2.0,0.0
344,2024-12-10 00:00:00+00:00,renewable_shift,raw_cvar,-28.94376190091725,33.45461738531071,62.398379286227964,6.837953323719671,1.7978697121472875,0.0,0.0,5.084430357042244,0.06009712776831877,1.9400971277683188,0.0
344,2024-12-10 00:00:00+00:00,renewable_shift,static_cvar,0.0,33.45461738531071,33.45461738531071,0.0,0.0,0.0,0.0,0.0,1.0,1.0,0.0
344,2024-12-10 00:00:00+00:00,renewable_shift,adaptive_risk_neutral,-13.565199253126472,33.45461738531071,47.019816638437185,8.428915450538536,26.378631071655743,0.0,0.0,6.011489361702128,-0.0,2.0,0.0
344,2024-12-10 00:00:00+00:00,renewable_shift,adaptive_cvar,0.0,33.45461738531071,33.45461738531071,0.0,0.0,0.0,0.0,0.0,1.0,1.0,0.0
344,2024-12-10 00:00:00+00:00,renewable_shift,oracle,33.45461738531071,33.45461738531071,0.0,33.45461738531071,-33.45461738531071,0.0,0.0,7.895089361702128,-0.0,2.0,0.0
345,2024-12-11 00:00:00+00:00,renewable_shift,seasonal_naive,-20.37507496764131,43.22842442367481,63.60349939131612,33.45461738531071,-33.45461738531071,0.0,0.0,7.895089361702128,-0.0,2.0,0.0
345,2024-12-11 00:00:00+00:00,renewable_shift,median_risk_neutral,-14.496228717749053,43.22842442367481,57.724653141423865,21.612806009288953,-21.612806009288953,0.0,0.0,6.019163603440471,-0.0,2.0,0.0
345,2024-12-11 00:00:00+00:00,renewable_shift,raw_cvar,9.044289584166432,43.22842442367481,34.184134839508374,18.296081371515072,-7.270648821767918,0.0,0.0,6.395631956458656,-0.0,2.0,0.0
345,2024-12-11 00:00:00+00:00,renewable_shift,static_cvar,-1.8864324496942686,43.22842442367481,45.11485687336908,15.81687411873068,4.787266037284248,0.0,0.0,8.160507521699333,-0.0,2.0,0.0
345,2024-12-11 00:00:00+00:00,renewable_shift,adaptive_risk_neutral,-23.35606326740751,43.22842442367481,66.58448769108232,22.11249595783679,25.736278609562792,0.0,0.0,9.658459574468084,0.0,2.0,0.0
345,2024-12-11 00:00:00+00:00,renewable_shift,adaptive_cvar,5.283121566415508,43.22842442367481,37.9453028572593,14.92097553488706,2.9109812184629598,0.0,0.0,5.7189072346827095,-0.0,2.0,0.0
345,2024-12-11 00:00:00+00:00,renewable_shift,oracle,43.22842442367481,43.22842442367481,0.0,43.22842442367481,-43.22842442367481,0.0,0.0,10.282631235853327,0.06000000000000005,2.0,0.0
346,2024-12-12 00:00:00+00:00,renewable_shift,seasonal_naive,-34.95905233210097,31.49340966244221,66.45246199454317,43.22842442367481,-43.22842442367481,0.0,0.0,10.282631235853327,0.06000000000000005,2.0,0.0
346,2024-12-12 00:00:00+00:00,renewable_shift,median_risk_neutral,-13.094466796705367,31.49340966244221,44.58787645914758,13.380668250778164,-13.380668250778164,0.0,0.0,5.891259574468085,0.0,2.0,0.0
346,2024-12-12 00:00:00+00:00,renewable_shift,raw_cvar,-9.107800100539649,31.49340966244221,40.60120976298186,9.340817758639947,0.2766627927690938,0.0,0.0,5.817723265260938,-0.0,2.0,0.0
346,2024-12-12 00:00:00+00:00,renewable_shift,static_cvar,0.0,31.49340966244221,31.49340966244221,0.0,0.0,0.0,0.0,0.0,1.0,1.0,0.0
346,2024-12-12 00:00:00+00:00,renewable_shift,adaptive_risk_neutral,-9.66922971183738,31.49340966244221,41.16263937427959,8.627151554576333,31.02811530504091,0.0,0.0,5.891259574468085,-0.0,2.0,0.0
346,2024-12-12 00:00:00+00:00,renewable_shift,adaptive_cvar,0.0,31.49340966244221,31.49340966244221,0.0,0.0,0.0,0.0,0.0,1.0,1.0,0.0
346,2024-12-12 00:00:00+00:00,renewable_shift,oracle,31.49340966244221,31.49340966244221,0.0,31.49340966244221,-31.49340966244221,0.0,0.0,8.022993390674515,0.0,2.0,0.0
347,2024-12-13 00:00:00+00:00,renewable_shift,seasonal_naive,-28.894938065790974,65.23977388105352,94.1347119468445,31.49340966244221,-31.49340966244221,0.0,0.0,8.022993390674515,0.0,2.0,0.0
347,2024-12-13 00:00:00+00:00,renewable_shift,median_risk_neutral,14.368213685719223,65.23977388105352,50.8715601953343,18.784329856629693,-18.784329856629693,0.0,0.0,5.771029787234042,0.0,2.0,0.0
347,2024-12-13 00:00:00+00:00,renewable_shift,raw_cvar,11.608632904756098,65.23977388105352,53.631140976297424,20.54837846673099,-7.600992654356403,0.0,0.0,5.771029787234043,-0.0,2.0,0.0
347,2024-12-13 00:00:00+00:00,renewable_shift,static_cvar,15.774359409816899,65.23977388105352,49.46541447123663,23.808895952980254,1.522765564250557,0.0,0.0,5.771029787234042,-0.0,2.0,0.0
347,2024-12-13 00:00:00+00:00,renewable_shift,adaptive_risk_neutral,10.894875896020956,65.23977388105352,54.34489798503257,20.720762373639655,13.637334411672201,0.0,0.0,6.011489361702127,0.0,2.0,0.0
347,2024-12-13 00:00:00+00:00,renewable_shift,adaptive_cvar,18.98355519870045,65.23977388105352,46.25621868235307,18.57445779783247,1.7107406644344156,0.0,0.0,4.531511228180235,-0.0,1.7830485296497607,0.0
347,2024-12-13 00:00:00+00:00,renewable_shift,oracle,65.23977388105352,65.23977388105352,0.0,65.23977388105352,-65.23977388105352,0.0,0.0,9.778689361702128,0.0,2.0,0.0
348,2024-12-14 00:00:00+00:00,renewable_shift,seasonal_naive,-15.08879800456151,36.66715835856523,51.75595636312674,65.23977388105352,-65.23977388105352,0.0,0.0,9.778689361702128,0.0,2.0,0.0
348,2024-12-14 00:00:00+00:00,renewable_shift,median_risk_neutral,3.118655995444196,36.66715835856523,33.54850236312104,12.476079982438424,-12.476079982438424,0.0,0.0,2.0038297872340425,1.0,2.0,0.0
348,2024-12-14 00:00:00+00:00,renewable_shift,raw_cvar,1.818353775713911,36.66715835856523,34.84880458285132,10.421643944072006,-7.385611607620298,0.0,0.0,2.003829787234043,1.0,2.0,0.0
348,2024-12-14 00:00:00+00:00,renewable_shift,static_cvar,-2.1460048941988976,36.66715835856523,38.81316325276413,9.136576376834771,-2.4116915995292953,0.0,0.0,2.003829787234043,1.0,2.0,0.0
348,2024-12-14 00:00:00+00:00,renewable_shift,adaptive_risk_neutral,-7.159896169475907,36.66715835856523,43.82705452804114,12.009454506080203,12.28822407456616,0.0,0.0,3.7672,1.0,2.0,0.0
348,2024-12-14 00:00:00+00:00,renewable_shift,adaptive_cvar,6.627275597433119,36.66715835856523,30.039882761132112,10.216539726272918,-1.3337255646027224,0.0,0.0,2.003829787234043,1.0,2.0,0.0
348,2024-12-14 00:00:00+00:00,renewable_shift,oracle,36.66715835856523,36.66715835856523,0.0,36.66715835856523,-36.66715835856523,0.0,0.0,5.778704028972386,0.1200000000000001,2.0,0.0
349,2024-12-15 00:00:00+00:00,renewable_shift,seasonal_naive,76.19720007756744,111.46767396892892,35.270473891361476,36.66715835856523,-36.66715835856523,0.0,0.0,5.778704028972386,0.1200000000000001,2.0,0.0
349,2024-12-15 00:00:00+00:00,renewable_shift,median_risk_neutral,11.94820495489733,111.46767396892892,99.51946901403159,24.380737600226936,-24.380737600226936,0.0,0.0,6.019163603440471,-0.0,2.0,0.0
349,2024-12-15 00:00:00+00:00,renewable_shift,raw_cvar,11.255580075337463,111.46767396892892,100.21209389359146,22.914413559543313,-15.719300077750535,0.0,0.0,4.068433394410395,-0.0,2.0,0.0
349,2024-12-15 00:00:00+00:00,renewable_shift,static_cvar,58.60369783268641,111.46767396892892,52.86397613624251,19.1034285218713,-1.7041263326041964,0.0,0.0,4.007659574468086,-0.0,2.0,0.0
349,2024-12-15 00:00:00+00:00,renewable_shift,adaptive_risk_neutral,91.06005229316118,111.46767396892892,20.407621675767743,23.891749522689388,4.899076419411366,0.0,0.0,5.891259574468085,0.0,2.0,0.0
349,2024-12-15 00:00:00+00:00,renewable_shift,adaptive_cvar,88.38407291072077,111.46767396892892,23.083601058208146,23.42919924826755,-1.6431719047530606,0.0,0.0,4.007659574468086,-0.0,2.0,0.0
349,2024-12-15 00:00:00+00:00,renewable_shift,oracle,111.46767396892892,111.46767396892892,0.0,111.46767396892892,-111.46767396892892,0.0,0.0,8.01531914893617,0.0,2.0,0.0
350,2024-12-16 00:00:00+00:00,renewable_shift,seasonal_naive,-17.9183064810799,94.65037436391181,112.5686808449917,111.46767396892892,-111.46767396892892,0.0,0.0,8.01531914893617,0.0,2.0,0.0
350,2024-12-16 00:00:00+00:00,renewable_shift,median_risk_neutral,-6.698884749557507,94.65037436391181,101.34925911346932,32.88607774875605,-32.88607774875605,0.0,0.0,6.011489361702127,0.0,2.0,0.0
350,2024-12-16 00:00:00+00:00,renewable_shift,raw_cvar,-10.3116239455939,94.65037436391181,104.9619983095057,30.804038603393447,-18.16014756636645,0.0,0.0,6.011489361702127,0.0,2.0,0.0
350,2024-12-16 00:00:00+00:00,renewable_shift,static_cvar,-10.436943008059242,94.65037436391181,105.08731737197105,30.711512607806963,-4.341160654189151,0.0,0.0,6.011489361702128,-0.0,2.0,0.0
350,2024-12-16 00:00:00+00:00,renewable_shift,adaptive_risk_neutral,-5.998413515234789,94.65037436391181,100.6487878791466,33.99349116529719,0.06507899404881368,0.0,0.0,7.895089361702127,0.0,2.0,0.0
350,2024-12-16 00:00:00+00:00,renewable_shift,adaptive_cvar,-7.464382590686811,94.65037436391181,102.11475695459862,33.60315410613716,-7.145081688644867,0.0,0.0,6.139393390674514,0.0,2.0,0.0
350,2024-12-16 00:00:00+00:00,renewable_shift,oracle,94.65037436391181,94.65037436391181,0.0,94.65037436391181,-94.65037436391181,0.0,0.0,9.658459574468084,0.0,2.0,0.0
351,2024-12-17 00:00:00+00:00,renewable_shift,seasonal_naive,-69.94846810742993,52.757597924308094,122.70606603173803,94.65037436391181,-94.65037436391181,0.0,0.0,9.658459574468084,0.0,2.0,0.0
351,2024-12-17 00:00:00+00:00,renewable_shift,median_risk_neutral,11.9902894459096,52.757597924308094,40.76730847839849,13.013342303580867,-13.013342303580867,0.0,0.0,4.263467632412857,0.1200000000000001,2.0,0.0
351,2024-12-17 00:00:00+00:00,renewable_shift,raw_cvar,9.303753601155409,52.757597924308094,43.45384432315269,10.281310117949806,-5.0423918851657366,0.0,0.0,2.641997593915149,0.6815259406029731,2.0,0.0
351,2024-12-17 00:00:00+00:00,renewable_shift,static_cvar,0.5191228935355561,52.757597924308094,52.238475030772534,6.178742435043896,1.4059760565936859,0.0,0.0,2.0038297872340425,1.0,2.0,0.0
351,2024-12-17 00:00:00+00:00,renewable_shift,adaptive_risk_neutral,0.3184744253957721,52.757597924308094,52.43912349891232,12.95920236678774,11.02567304010232,0.0,0.0,4.135563603440471,-0.0,2.0,0.0
351,2024-12-17 00:00:00+00:00,renewable_shift,adaptive_cvar,-0.12568517039882465,52.757597924308094,52.88328309470692,10.811790970544337,5.031332406754763,0.0,0.0,2.8987860753198014,0.5533770913141786,2.0,0.0
351,2024-12-17 00:00:00+00:00,renewable_shift,oracle,52.757597924308094,52.757597924308094,0.0,52.757597924308094,-52.757597924308094,0.0,0.0,7.774859574468085,-0.0,2.0,0.0
352,2024-12-18 00:00:00+00:00,renewable_shift,seasonal_naive,-31.87166787345153,96.08538367336755,127.95705154681907,52.757597924308094,-52.757597924308094,0.0,0.0,7.774859574468085,-0.0,2.0,0.0
352,2024-12-18 00:00:00+00:00,renewable_shift,median_risk_neutral,90.16898462230131,96.08538367336755,5.916399051066236,34.90250926410778,-34.90250926410778,0.0,0.0,6.139393390674513,0.0,2.0,0.0
352,2024-12-18 00:00:00+00:00,renewable_shift,raw_cvar,84.25957494584195,96.08538367336755,11.825808727525597,28.99990335850687,-2.6898111139911105,0.0,0.0,5.676438538090795,0.2310350188090332,2.0,0.0
352,2024-12-18 00:00:00+00:00,renewable_shift,static_cvar,51.72696445585392,96.08538367336755,44.35841921751363,23.597452382196742,-0.5220481046152861,0.0,0.0,4.135563603440471,0.6179195932020856,2.0,0.0
352,2024-12-18 00:00:00+00:00,renewable_shift,adaptive_risk_neutral,80.37715550428602,96.08538367336755,15.708228169081522,28.54759387511523,17.4505839190078,0.0,0.0,6.019163603440471,0.06000000000000005,2.0,0.0
352,2024-12-18 00:00:00+00:00,renewable_shift,adaptive_cvar,51.641387645250965,96.08538367336755,44.44399602811658,22.20833181005774,1.0144334548389455,0.0,0.0,3.7060308215683877,1.0,2.0,0.0
352,2024-12-18 00:00:00+00:00,renewable_shift,oracle,96.08538367336755,96.08538367336755,0.0,96.08538367336755,-96.08538367336755,0.0,0.0,7.774859574468085,0.0,2.0,0.0
353,2024-12-19 00:00:00+00:00,renewable_shift,seasonal_naive,93.91771666265652,133.0022509326388,39.08453426998227,96.08538367336755,-96.08538367336755,0.0,0.0,7.774859574468085,0.0,2.0,0.0
353,2024-12-19 00:00:00+00:00,renewable_shift,median_risk_neutral,53.16761383755541,133.0022509326388,79.83463709508338,36.39304218552641,-36.39304218552641,0.0,0.0,6.139393390674513,-0.0,2.0,0.0
353,2024-12-19 00:00:00+00:00,renewable_shift,raw_cvar,38.5015870874347,133.0022509326388,94.50066384520409,26.921991662274518,-8.098804218565384,0.0,0.0,3.8874297872340424,1.0,2.0,0.0
353,2024-12-19 00:00:00+00:00,renewable_shift,static_cvar,36.79912670923909,133.0022509326388,96.2031242233997,24.678685810899818,-7.795041665739886,0.0,0.0,3.992263935000982,0.5875932214037533,2.0,0.0
353,2024-12-19 00:00:00+00:00,renewable_shift,adaptive_risk_neutral,58.16500927855033,133.0022509326388,74.83724165408846,35.843484440947364,9.634107882849474,0.0,0.0,6.139393390674513,0.0,2.0,0.0
353,2024-12-19 00:00:00+00:00,renewable_shift,adaptive_cvar,48.28743762985187,133.0022509326388,84.71481330278692,32.93591439296937,-3.954069988391142,0.0,0.0,6.019163603440471,0.06000000000000005,2.0,0.0
353,2024-12-19 00:00:00+00:00,renewable_shift,oracle,133.0022509326388,133.0022509326388,0.0,133.0022509326388,-133.0022509326388,0.0,0.0,8.27112720688094,0.0,2.0,0.0
354,2024-12-20 00:00:00+00:00,renewable_shift,seasonal_naive,-5.014003663516682,17.468921191691294,22.482924855207976,133.0022509326388,-133.0022509326388,0.0,0.0,8.27112720688094,0.0,2.0,0.0
354,2024-12-20 00:00:00+00:00,renewable_shift,median_risk_neutral,-9.519996072875758,17.468921191691294,26.98891726456705,20.641091148936784,-20.641091148936784,0.0,0.0,4.13556360344047,0.0,2.0,0.0
354,2024-12-20 00:00:00+00:00,renewable_shift,raw_cvar,-5.828385066053997,17.468921191691294,23.29730625774529,16.5388432864624,-3.771518858316799,0.0,0.0,2.2778132804675373,0.8632700766407491,2.0,0.0
354,2024-12-20 00:00:00+00:00,renewable_shift,static_cvar,-6.336806848314309,17.468921191691294,23.805728040005604,18.128297545657862,-1.0435543751231484,0.0,0.0,2.047019723733988,0.9784463047834207,2.0,0.0
354,2024-12-20 00:00:00+00:00,renewable_shift,adaptive_risk_neutral,-6.179768950663678,17.468921191691294,23.648690142354972,15.801259029920214,6.047171521522844,0.0,0.0,2.0038297872340425,1.0,2.0,0.0
354,2024-12-20 00:00:00+00:00,renewable_shift,adaptive_cvar,-6.712187313733361,17.468921191691294,24.181108505424653,14.048326062350748,0.619437559541916,0.0,0.0,2.0038297872340425,1.0,2.0,0.0
354,2024-12-20 00:00:00+00:00,renewable_shift,oracle,17.468921191691294,17.468921191691294,0.0,17.468921191691294,-17.468921191691294,0.0,0.0,6.019163603440471,0.06000000000000005,2.0,0.0
355,2024-12-21 00:00:00+00:00,renewable_shift,seasonal_naive,20.485964395798327,63.59653186126516,43.110567465466836,17.468921191691294,-17.468921191691294,0.0,0.0,6.019163603440471,0.06000000000000005,2.0,0.0
355,2024-12-21 00:00:00+00:00,renewable_shift,median_risk_neutral,41.16620242468395,63.59653186126516,22.43032943658121,9.507083317319605,-9.507083317319605,0.0,0.0,5.6508,0.06000000000000005,1.94,0.0
355,2024-12-21 00:00:00+00:00,renewable_shift,raw_cvar,25.803077634084346,63.59653186126516,37.79345422718082,10.747890497298688,1.8402719242112784,0.0,0.0,4.197247781004258,0.06000000000000005,1.214612929573159,0.0
355,2024-12-21 00:00:00+00:00,renewable_shift,static_cvar,0.0,63.59653186126516,63.59653186126516,0.0,0.0,0.0,0.0,0.0,1.0,1.0,0.0
355,2024-12-21 00:00:00+00:00,renewable_shift,adaptive_risk_neutral,20.372326290344045,63.59653186126516,43.224205570921114,7.182813430629155,19.265351097348603,0.0,0.0,3.8951040289723857,-0.0,1.0638297872340425,0.0
355,2024-12-21 00:00:00+00:00,renewable_shift,adaptive_cvar,0.0,63.59653186126516,63.59653186126516,0.0,0.0,0.0,0.0,0.0,1.0,1.0,0.0
355,2024-12-21 00:00:00+00:00,renewable_shift,oracle,63.59653186126516,63.59653186126516,0.0,63.59653186126516,-63.59653186126516,0.0,0.0,10.162401448619285,0.0,1.94,0.0
356,2024-12-22 00:00:00+00:00,renewable_shift,seasonal_naive,-50.70779076599784,46.37043973635642,97.07823050235426,63.59653186126516,-63.59653186126516,0.0,0.0,10.162401448619285,0.0,1.94,0.0
356,2024-12-22 00:00:00+00:00,renewable_shift,median_risk_neutral,-13.29874377067688,46.37043973635642,59.669183507033296,14.223520152211945,-14.223520152211945,0.0,0.0,4.135563603440471,-0.0,2.0,0.0
356,2024-12-22 00:00:00+00:00,renewable_shift,raw_cvar,-13.673049519269282,46.37043973635642,60.0434892556257,12.664926032995432,-3.6776184814294286,0.0,0.0,4.633800284061329,-0.0,2.0,0.0
356,2024-12-22 00:00:00+00:00,renewable_shift,static_cvar,0.7498288072230768,46.37043973635642,45.62061092913334,14.442044702845154,7.146655713808656,0.0,0.0,4.007659574468086,-0.0,2.0,0.0
356,2024-12-22 00:00:00+00:00,renewable_shift,adaptive_risk_neutral,-2.2221491034011827,46.37043973635642,48.592588839757596,10.362610608706389,8.529884117317575,0.0,0.0,4.007659574468085,-0.0,2.0,0.0
356,2024-12-22 00:00:00+00:00,renewable_shift,adaptive_cvar,-8.361761663311913,46.37043973635642,54.73220139966833,8.904606795823492,3.824258537134366,0.0,0.0,4.007659574468086,-0.0,2.0,0.0
356,2024-12-22 00:00:00+00:00,renewable_shift,oracle,46.37043973635642,46.37043973635642,0.0,46.37043973635642,-46.37043973635642,0.0,0.0,7.5344,0.0,2.0,0.0
357,2024-12-23 00:00:00+00:00,renewable_shift,seasonal_naive,-28.215732223772452,70.50022996435384,98.71596218812628,46.37043973635642,-46.37043973635642,0.0,0.0,7.5344,0.0,2.0,0.0
357,2024-12-23 00:00:00+00:00,renewable_shift,median_risk_neutral,39.78026705925024,70.50022996435384,30.719962905103593,40.70941954275672,-40.70941954275672,0.0,0.0,6.019163603440471,0.0,2.0,0.0
357,2024-12-23 00:00:00+00:00,renewable_shift,raw_cvar,25.231047235719466,70.50022996435384,45.26918272863437,36.64044895376982,-8.909354598635842,0.0,0.0,6.019163603440471,-0.0,2.0,0.0
357,2024-12-23 00:00:00+00:00,renewable_shift,static_cvar,16.8054218208948,70.50022996435384,53.694808143459035,35.12946488004129,-3.5695144649764634,0.0,0.0,5.090833176629827,-0.0,2.0,0.0
357,2024-12-23 00:00:00+00:00,renewable_shift,adaptive_risk_neutral,25.231047235719466,70.50022996435384,45.26918272863437,35.050581195014765,0.602435402950567,0.0,0.0,6.019163603440471,0.0,2.0,0.0
357,2024-12-23 00:00:00+00:00,renewable_shift,adaptive_cvar,21.18706156792866,70.50022996435384,49.313168396425176,34.359809808632185,-2.248453530814093,0.0,0.0,5.483742919060318,0.0,2.0,0.0
357,2024-12-23 00:00:00+00:00,renewable_shift,oracle,70.50022996435384,70.50022996435384,0.0,70.50022996435384,-70.50022996435384,0.0,0.0,12.28646102308737,0.0,2.0,0.0
358,2024-12-24 00:00:00+00:00,renewable_shift,seasonal_naive,-11.481620087897326,39.29186270797821,50.77348279587554,70.33892737544971,-70.33892737544971,0.0,0.0,12.166231235853328,0.0,2.0,0.0
358,2024-12-24 00:00:00+00:00,renewable_shift,median_risk_neutral,23.560209624864804,39.29186270797821,15.731653083113407,28.661477310832133,-28.661477310832133,0.0,0.0,6.011489361702128,0.0,2.0,0.0
358,2024-12-24 00:00:00+00:00,renewable_shift,raw_cvar,14.488920474595938,39.29186270797821,24.802942233382275,25.69452089049001,-12.672316001499835,0.0,0.0,6.011489361702128,0.0,2.0,0.0
358,2024-12-24 00:00:00+00:00,renewable_shift,static_cvar,-0.5299335796745499,39.29186270797821,39.82179628765276,21.720239199325235,10.53627228686716,0.0,0.0,6.011489361702128,-0.0,2.0,0.0
358,2024-12-24 00:00:00+00:00,renewable_shift,adaptive_risk_neutral,13.306740104182376,39.29186270797821,25.985122603795837,21.865920852606752,8.12592489619052,0.0,0.0,6.011489361702128,-0.0,2.0,0.0
358,2024-12-24 00:00:00+00:00,renewable_shift,adaptive_cvar,8.209250819177791,39.29186270797821,31.08261188880042,20.586901529674346,2.716469038130897,0.0,0.0,6.011489361702128,-0.0,2.0,0.0
358,2024-12-24 00:00:00+00:00,renewable_shift,oracle,39.29186270797821,39.29186270797821,0.0,39.29186270797821,-39.29186270797821,0.0,0.0,9.538229787234043,-0.0,2.0,0.0
359,2024-12-25 00:00:00+00:00,renewable_shift,seasonal_naive,-13.84017345691679,55.74980919771315,69.58998265462994,39.29186270797821,-39.29186270797821,0.0,0.0,9.538229787234043,-0.0,2.0,0.0
359,2024-12-25 00:00:00+00:00,renewable_shift,median_risk_neutral,18.84538405775734,55.74980919771315,36.904425139955805,35.15631147939426,-35.15631147939426,0.0,0.0,8.01531914893617,0.0,2.0,0.0
359,2024-12-25 00:00:00+00:00,renewable_shift,raw_cvar,14.001317166867409,55.74980919771315,41.74849203084574,33.60072564321707,-20.124625070997745,0.0,0.0,8.01531914893617,0.0,2.0,0.0
359,2024-12-25 00:00:00+00:00,renewable_shift,static_cvar,19.09621562948054,55.74980919771315,36.65359356823261,33.0228812557715,-3.634354058090013,0.0,0.0,7.656184113181646,0.06000000000000005,2.0,0.0
359,2024-12-25 00:00:00+00:00,renewable_shift,adaptive_risk_neutral,14.26623934180833,55.74980919771315,41.48356985590482,39.15908465504273,-16.34947676997444,0.0,0.0,8.01531914893617,0.0,2.0,0.0
359,2024-12-25 00:00:00+00:00,renewable_shift,adaptive_cvar,14.98472649405997,55.74980919771315,40.76508270365318,38.92133659804372,-18.095822706817692,0.0,0.0,7.866782490327358,0.0,2.0,0.0
359,2024-12-25 00:00:00+00:00,renewable_shift,oracle,55.74980919771315,55.74980919771315,0.0,55.74980919771315,-55.74980919771315,0.0,0.0,11.542059574468084,0.0,2.0,0.0
360,2024-12-26 00:00:00+00:00,renewable_shift,seasonal_naive,-19.133715049542715,58.145313708960735,77.27902875850344,55.74980919771315,-55.74980919771315,0.0,0.0,11.542059574468084,0.0,2.0,0.0
360,2024-12-26 00:00:00+00:00,renewable_shift,median_risk_neutral,8.496904694405131,58.145313708960735,49.648409014555604,46.39063949516231,-46.39063949516231,0.0,0.0,6.139393390674513,-0.0,2.0,0.0
360,2024-12-26 00:00:00+00:00,renewable_shift,raw_cvar,14.802393630856184,58.145313708960735,43.342920078104555,44.34136608901971,-13.953573950579118,0.0,0.0,6.139393390674513,-0.0,2.0,0.0
360,2024-12-26 00:00:00+00:00,renewable_shift,static_cvar,13.578675749436698,58.145313708960735,44.56663795952404,36.5613159078728,-6.632421042287475,0.0,0.0,4.841326924202875,0.6477927789782014,2.0,0.0
360,2024-12-26 00:00:00+00:00,renewable_shift,adaptive_risk_neutral,8.07679628461048,58.145313708960735,50.068517424350254,45.6458935326132,-6.051932410422297,0.0,0.0,6.139393390674513,-0.0,2.0,0.0
360,2024-12-26 00:00:00+00:00,renewable_shift,adaptive_cvar,7.20611177848142,58.145313708960735,50.939201930479314,45.17454596750536,-7.065237334745125,0.0,0.0,6.162922168782832,0.06000000000000005,2.0,0.0
360,2024-12-26 00:00:00+00:00,renewable_shift,oracle,58.145313708960735,58.145313708960735,0.0,58.145313708960735,-58.145313708960735,0.0,0.0,8.526935264825713,0.0,2.0,0.0
361,2024-12-27 00:00:00+00:00,renewable_shift,seasonal_naive,-34.11582125965407,40.59809147682344,74.71391273647751,58.145313708960735,-58.145313708960735,0.0,0.0,8.526935264825713,0.0,2.0,0.0
361,2024-12-27 00:00:00+00:00,renewable_shift,median_risk_neutral,28.486049001867293,40.59809147682344,12.112042474956148,46.24405263249816,-46.24405263249816,0.0,0.0,4.13556360344047,0.0,2.0,0.0
361,2024-12-27 00:00:00+00:00,renewable_shift,raw_cvar,29.378772177546402,40.59809147682344,11.21931929927704,41.57872608236676,-19.6026881918624,0.0,0.0,4.007659574468086,-0.0,2.0,0.0
361,2024-12-27 00:00:00+00:00,renewable_shift,static_cvar,29.351959713101323,40.59809147682344,11.246131763722119,40.62522020144818,-14.764003263306147,0.0,0.0,4.007659574468085,-0.0,2.0,0.0
361,2024-12-27 00:00:00+00:00,renewable_shift,adaptive_risk_neutral,28.88028307749967,40.59809147682344,11.717808399323772,36.96073866388509,-2.8307324231307653,0.0,0.0,4.13556360344047,-0.0,2.0,0.0
361,2024-12-27 00:00:00+00:00,renewable_shift,adaptive_cvar,26.48293062459642,40.59809147682344,14.11516085222702,35.822817593070745,-10.661924949133809,0.0,0.0,4.007659574468086,0.0,2.0,0.0
361,2024-12-27 00:00:00+00:00,renewable_shift,oracle,40.59809147682344,40.59809147682344,0.0,40.59809147682344,-40.59809147682344,0.0,0.0,4.135563603440471,0.0,2.0,0.0
362,2024-12-28 00:00:00+00:00,renewable_shift,seasonal_naive,9.953691219120978,58.56429898610298,48.61060776698201,40.59809147682344,-40.59809147682344,0.0,0.0,4.135563603440471,0.0,2.0,0.0
362,2024-12-28 00:00:00+00:00,renewable_shift,median_risk_neutral,7.365993969688567,58.56429898610298,51.198305016414416,3.454712187078906,-3.454712187078906,0.0,0.0,4.007659574468086,-0.0,2.0,0.0
362,2024-12-28 00:00:00+00:00,renewable_shift,raw_cvar,0.0,58.56429898610298,58.56429898610298,0.0,0.0,0.0,0.0,0.0,1.0,1.0,0.0
362,2024-12-28 00:00:00+00:00,renewable_shift,static_cvar,0.0,58.56429898610298,58.56429898610298,0.0,0.0,0.0,0.0,0.0,1.0,1.0,0.0
362,2024-12-28 00:00:00+00:00,renewable_shift,adaptive_risk_neutral,10.739946269367193,58.56429898610298,47.82435271673579,4.01803867080226,21.079161919656382,0.0,0.0,4.007659574468085,-0.0,2.0,0.0
362,2024-12-28 00:00:00+00:00,renewable_shift,adaptive_cvar,0.0,58.56429898610298,58.56429898610298,0.0,0.0,0.0,0.0,0.0,1.0,1.0,0.0
362,2024-12-28 00:00:00+00:00,renewable_shift,oracle,58.56429898610298,58.56429898610298,0.0,58.56429898610298,-58.56429898610298,0.0,0.0,10.162401448619285,-0.0,2.0,0.0
363,2024-12-29 00:00:00+00:00,renewable_shift,seasonal_naive,-81.31521731021652,26.05339488969564,107.36861219991216,58.56429898610298,-58.56429898610298,0.0,0.0,10.162401448619285,-0.0,2.0,0.0
363,2024-12-29 00:00:00+00:00,renewable_shift,median_risk_neutral,-9.584866701745668,26.05339488969564,35.63826159144131,7.685836678572516,-7.685836678572516,0.0,0.0,2.1317338162064283,0.9361702127659575,2.0,0.0
363,2024-12-29 00:00:00+00:00,renewable_shift,raw_cvar,-11.02980227790534,26.05339488969564,37.08319716760098,7.617053062450031,-1.4603650544959603,0.0,0.0,2.1317338162064283,0.9361702127659575,2.0,0.0
363,2024-12-29 00:00:00+00:00,renewable_shift,static_cvar,-45.20864311245858,26.05339488969564,71.26203800215421,14.400422612340964,8.378510662995232,0.0,0.0,5.297962874806273,-0.0,2.0,0.0
363,2024-12-29 00:00:00+00:00,renewable_shift,adaptive_risk_neutral,-33.707649193355564,26.05339488969564,59.7610440830512,11.69567866264006,9.333995436354124,0.0,0.0,4.135563603440471,-0.0,2.0,0.0
363,2024-12-29 00:00:00+00:00,renewable_shift,adaptive_cvar,-11.204360358574851,26.05339488969564,37.25775524827049,8.730555633012852,1.052216807503814,0.0,0.0,2.003829787234043,1.0,2.0,0.0
363,2024-12-29 00:00:00+00:00,renewable_shift,oracle,26.05339488969564,26.05339488969564,0.0,26.05339488969564,-26.05339488969564,0.0,0.0,8.150897419646899,0.0,2.0,0.0
364,2024-12-30 00:00:00+00:00,renewable_shift,seasonal_naive,-20.537984681820575,51.617759812557594,72.15574449437817,26.05339488969564,-26.05339488969564,0.0,0.0,8.150897419646899,0.0,2.0,0.0
364,2024-12-30 00:00:00+00:00,renewable_shift,median_risk_neutral,0.40881224042932196,51.617759812557594,51.208947572128274,43.64946612612179,-43.64946612612179,0.0,0.0,6.011489361702128,-0.0,2.0,0.0
364,2024-12-30 00:00:00+00:00,renewable_shift,raw_cvar,0.40881224042932196,51.617759812557594,51.208947572128274,41.25988870039667,-28.512355934073273,0.0,0.0,6.011489361702128,-0.0,2.0,0.0
364,2024-12-30 00:00:00+00:00,renewable_shift,static_cvar,-7.713907109609176,51.617759812557594,59.33166692216677,31.528924609692965,-4.804317245461962,0.0,0.0,6.011489361702128,0.0,2.0,0.0
364,2024-12-30 00:00:00+00:00,renewable_shift,adaptive_risk_neutral,-0.9038890182750396,51.617759812557594,52.52164883083263,37.70532410759531,-14.67538008473935,0.0,0.0,6.139393390674513,-0.0,2.0,0.0
364,2024-12-30 00:00:00+00:00,renewable_shift,adaptive_cvar,-6.210596256274275,51.617759812557594,57.828356068831866,37.391746478067354,-16.837902457326315,0.0,0.0,7.697322136955433,-0.0,2.0,0.0
364,2024-12-30 00:00:00+00:00,renewable_shift,oracle,51.617759812557594,51.617759812557594,0.0,51.617759812557594,-51.617759812557594,0.0,0.0,11.669963603440472,0.0,2.0,0.0
365,2024-12-31 00:00:00+00:00,renewable_shift,seasonal_naive,-28.319981203610595,64.66789764596544,92.98787884957603,51.617759812557594,-51.617759812557594,0.0,0.0,11.669963603440472,0.0,2.0,0.0
365,2024-12-31 00:00:00+00:00,renewable_shift,median_risk_neutral,5.215456584337847,64.66789764596544,59.452441061627596,22.093383617334858,-22.093383617334858,0.0,0.0,4.135563603440471,0.0,2.0,0.0
365,2024-12-31 00:00:00+00:00,renewable_shift,raw_cvar,5.107031742641922,64.66789764596544,59.56086590332352,20.305745171655456,-9.876334812884659,0.0,0.0,4.910809809142907,0.0,2.0,0.0
365,2024-12-31 00:00:00+00:00,renewable_shift,static_cvar,11.7161802103577,64.66789764596544,52.95171743560774,18.902873438997705,-3.032948768343823,0.0,0.0,4.51674194818485,0.0,2.0,0.0
365,2024-12-31 00:00:00+00:00,renewable_shift,adaptive_risk_neutral,6.090148010285123,64.66789764596544,58.57774963568032,22.802274514373718,0.9425809097744514,0.0,0.0,4.135563603440471,-0.0,2.0,0.0
365,2024-12-31 00:00:00+00:00,renewable_shift,adaptive_cvar,21.137467529858405,64.66789764596544,43.530430116107034,21.589792192843863,-3.608432959614992,0.0,0.0,4.007659574468085,-0.0,2.0,0.0
365,2024-12-31 00:00:00+00:00,renewable_shift,oracle,64.66789764596544,64.66789764596544,0.0,64.66789764596544,-64.66789764596544,0.0,0.0,11.421829787234042,0.0,2.0,0.0
366,2025-01-01 00:00:00+00:00,renewable_shift,seasonal_naive,-64.75637598150388,61.848853883359055,126.60522986486293,64.66789764596544,-64.66789764596544,0.0,0.0,11.421829787234042,0.0,2.0,0.0
366,2025-01-01 00:00:00+00:00,renewable_shift,median_risk_neutral,10.838262123191274,61.848853883359055,51.010591760167785,21.438087604509075,-21.438087604509075,0.0,0.0,3.8874297872340424,0.06000000000000005,2.0,0.0
366,2025-01-01 00:00:00+00:00,renewable_shift,raw_cvar,10.827649973202991,61.848853883359055,51.02120391015606,19.423551079606913,-6.212834594189759,0.0,0.0,5.34759579993718,0.06000000000000005,2.0,0.0
366,2025-01-01 00:00:00+00:00,renewable_shift,static_cvar,6.821538832622179,61.848853883359055,55.027315050736874,15.605210426410833,-2.8417332630676504,0.0,0.0,2.1962587624617984,0.9039694007676309,2.0,0.0
366,2025-01-01 00:00:00+00:00,renewable_shift,adaptive_risk_neutral,22.44903954889795,61.848853883359055,39.399814334461105,18.64351539373836,1.0869922696105165,0.0,0.0,3.8951040289723857,0.1200000000000001,2.0,0.0
366,2025-01-01 00:00:00+00:00,renewable_shift,adaptive_cvar,17.706476064709797,61.848853883359055,44.14237781864926,17.163468821055897,-2.576942109299581,0.0,0.0,2.951367597428092,0.5271365780513875,2.0,0.0
366,2025-01-01 00:00:00+00:00,renewable_shift,oracle,61.848853883359055,61.848853883359055,0.0,61.848853883359055,-61.848853883359055,0.0,0.0,9.914267632412857,0.0,2.0,0.0
367,2025-01-02 00:00:00+00:00,renewable_shift,seasonal_naive,-54.29383080305216,35.94338871320774,90.2372195162599,61.848853883359055,-61.848853883359055,0.0,0.0,9.914267632412857,0.0,2.0,0.0
367,2025-01-02 00:00:00+00:00,renewable_shift,median_risk_neutral,-13.496797153704497,35.94338871320774,49.44018586691224,24.15825992741341,-24.15825992741341,0.0,0.0,6.019163603440471,0.06000000000000005,2.0,0.0
367,2025-01-02 00:00:00+00:00,renewable_shift,raw_cvar,-12.094542422945054,35.94338871320774,48.03793113615279,18.919780493116075,-5.942101667954639,0.0,0.0,4.868360456189208,0.06000000000000005,2.0,0.0
367,2025-01-02 00:00:00+00:00,renewable_shift,static_cvar,9.360710040919965,35.94338871320774,26.582678672287773,18.11777579096189,3.6016375006184043,0.0,0.0,3.1020784108372434,0.4895574076702315,2.0,0.0
367,2025-01-02 00:00:00+00:00,renewable_shift,adaptive_risk_neutral,-14.139606729757977,35.94338871320774,50.08299544296572,21.134750434481848,5.932837656089828,0.0,0.0,6.019163603440471,0.06000000000000005,2.0,0.0
367,2025-01-02 00:00:00+00:00,renewable_shift,adaptive_cvar,-7.373553605398174,35.94338871320774,43.31694231860591,17.098832176133673,-2.24753095377776,0.0,0.0,4.8464180759747935,0.4318842700127443,2.0,0.0
367,2025-01-02 00:00:00+00:00,renewable_shift,oracle,35.94338871320774,35.94338871320774,0.0,35.94338871320774,-35.94338871320774,0.0,0.0,7.654629787234041,0.1200000000000001,2.0,0.0
368,2025-01-03 00:00:00+00:00,renewable_shift,seasonal_naive,-29.97040325747439,33.47263927876237,63.44304253623676,35.94338871320774,-35.94338871320774,0.0,0.0,7.654629787234041,0.1200000000000001,2.0,0.0
368,2025-01-03 00:00:00+00:00,renewable_shift,median_risk_neutral,13.023042604221889,33.47263927876237,20.449596674540484,22.0438903905258,-22.0438903905258,0.0,0.0,5.891259574468085,0.0,2.0,0.0
368,2025-01-03 00:00:00+00:00,renewable_shift,raw_cvar,14.40677982310282,33.47263927876237,19.065859455659552,19.41814473940468,0.8439433341348787,0.0,0.0,3.8874297872340424,0.9361702127659575,2.0,0.0
368,2025-01-03 00:00:00+00:00,renewable_shift,static_cvar,10.250584911881866,33.47263927876237,23.222054366880506,20.285183633659063,6.609618925935862,0.0,0.0,3.723088685065756,0.5173179810685418,2.0,0.0
368,2025-01-03 00:00:00+00:00,renewable_shift,adaptive_risk_neutral,14.794757442554154,33.47263927876237,18.67788183620822,20.83738409019005,10.024670036198339,0.0,0.0,4.263467632412857,0.8123404255319149,2.0,0.0
368,2025-01-03 00:00:00+00:00,renewable_shift,adaptive_cvar,9.12644541460699,33.47263927876237,24.34619386415538,16.850357028712782,-0.2073764116921731,0.0,0.0,2.887365644902545,0.8914684270014253,2.0,0.0
368,2025-01-03 00:00:00+00:00,renewable_shift,oracle,33.47263927876237,33.47263927876237,0.0,33.47263927876237,-33.47263927876237,0.0,0.0,7.895089361702127,0.0,2.0,0.0
369,2025-01-04 00:00:00+00:00,renewable_shift,seasonal_naive,-17.272722869603385,56.77247151866576,74.04519438826915,33.47263927876237,-33.47263927876237,0.0,0.0,7.895089361702127,0.0,2.0,0.0
369,2025-01-04 00:00:00+00:00,renewable_shift,median_risk_neutral,18.54692912427452,56.77247151866576,38.22554239439124,32.521208284706844,-32.521208284706844,0.0,0.0,7.774859574468085,0.0,2.0,0.0
369,2025-01-04 00:00:00+00:00,renewable_shift,raw_cvar,25.173211738139916,56.77247151866576,31.599259780525845,22.626250241323554,-7.944871659808989,0.0,0.0,5.86919398011023,-0.0,2.0,0.0
369,2025-01-04 00:00:00+00:00,renewable_shift,static_cvar,16.316484507986935,56.77247151866576,40.455987010678825,10.43846933407782,6.381949219427703,0.0,0.0,2.0898858316486004,-0.0,1.042945785596562,0.0
369,2025-01-04 00:00:00+00:00,renewable_shift,adaptive_risk_neutral,1.2246939284046956,56.77247151866576,55.54777759026106,20.05314813493501,0.11690285052760292,0.0,0.0,5.891259574468085,-0.0,2.0,0.0
369,2025-01-04 00:00:00+00:00,renewable_shift,adaptive_cvar,8.258416917762222,56.77247151866576,48.514054600903535,18.70641400282094,-3.5040237650585673,0.0,0.0,4.13556360344047,-0.0,2.0,0.0
369,2025-01-04 00:00:00+00:00,renewable_shift,oracle,56.77247151866576,56.77247151866576,0.0,56.77247151866576,-56.77247151866576,0.0,0.0,11.797867632412856,0.0,2.0,0.0
370,2025-01-05 00:00:00+00:00,renewable_shift,seasonal_naive,-47.4828611705696,38.372471875634574,85.85533304620418,56.77247151866576,-56.77247151866576,0.0,0.0,11.797867632412856,0.0,2.0,0.0
370,2025-01-05 00:00:00+00:00,renewable_shift,median_risk_neutral,-18.523673988904363,38.372471875634574,56.89614586453894,17.869077934548486,-17.869077934548486,0.0,0.0,6.019163603440471,0.06000000000000005,2.0,0.0
370,2025-01-05 00:00:00+00:00,renewable_shift,raw_cvar,-17.345281779553595,38.372471875634574,55.71775365518817,14.310064679585583,-1.646128041933317,0.0,0.0,5.771029787234043,0.06000000000000005,2.0,0.0
370,2025-01-05 00:00:00+00:00,renewable_shift,static_cvar,0.6343867653908637,38.372471875634574,37.73808511024371,12.404922815015688,4.533244597931421,0.0,0.0,3.901930263140238,0.22490622412771188,2.0,0.0
370,2025-01-05 00:00:00+00:00,renewable_shift,adaptive_risk_neutral,-0.9614264767432328,38.372471875634574,39.33389835237781,14.499384564701925,23.460954393252152,0.0,0.0,7.654629787234042,0.0,2.0,0.0
370,2025-01-05 00:00:00+00:00,renewable_shift,adaptive_cvar,15.299212794771192,38.372471875634574,23.07325908086338,8.860383618664573,-0.41043829172551827,0.0,0.0,2.588933931516583,0.792599698407473,2.0,0.0
370,2025-01-05 00:00:00+00:00,renewable_shift,oracle,38.372471875634574,38.372471875634574,0.0,38.372471875634574,-38.372471875634574,0.0,0.0,9.538229787234043,-0.0,2.0,0.0
371,2025-01-06 00:00:00+00:00,renewable_shift,seasonal_naive,-50.91511865299398,33.146835861499966,84.06195451449395,38.95309088008568,-38.95309088008568,0.0,0.0,9.538229787234043,-0.0,2.0,0.0
371,2025-01-06 00:00:00+00:00,renewable_shift,median_risk_neutral,-12.01312023239722,33.146835861499966,45.159956093897186,10.804765425473587,-10.804765425473587,0.0,0.0,2.1317338162064283,0.9361702127659575,2.0,0.0
371,2025-01-06 00:00:00+00:00,renewable_shift,raw_cvar,-9.98375104678792,33.146835861499966,43.13058690828788,8.29301208159291,2.8726866312868555,0.0,0.0,2.003829787234043,1.0,2.0,0.0
371,2025-01-06 00:00:00+00:00,renewable_shift,static_cvar,-3.6384929727259623,33.146835861499966,36.78532883422593,4.825603856314691,4.555437523891339,0.0,0.0,2.2156367313648397,1.0,2.0,0.0
371,2025-01-06 00:00:00+00:00,renewable_shift,adaptive_risk_neutral,-11.93424910843872,33.146835861499966,45.081084969938686,9.814223043888598,8.7356008436384,0.0,0.0,2.1317338162064283,0.9361702127659575,2.0,0.0
371,2025-01-06 00:00:00+00:00,renewable_shift,adaptive_cvar,-5.088732585195368,33.146835861499966,38.23556844669533,6.8494061651677445,2.653136202662356,0.0,0.0,2.0038297872340425,1.0,2.0,0.0
371,2025-01-06 00:00:00+00:00,renewable_shift,oracle,33.146835861499966,33.146835861499966,0.0,33.146835861499966,-33.146835861499966,0.0,0.0,13.553563603440471,0.0,2.0,0.0
372,2025-01-07 00:00:00+00:00,renewable_shift,seasonal_naive,-105.17995415392555,60.40709965505027,165.5870538089758,33.146835861499966,-33.146835861499966,0.0,0.0,13.553563603440471,0.0,2.0,0.0
372,2025-01-07 00:00:00+00:00,renewable_shift,median_risk_neutral,18.803352489786377,60.40709965505027,41.60374716526389,33.16260165670767,-33.16260165670767,0.0,0.0,7.895089361702127,-0.0,2.0,0.0
372,2025-01-07 00:00:00+00:00,renewable_shift,raw_cvar,10.356239390488462,60.40709965505027,50.050860264561805,26.672511321651136,-19.297375615733877,0.0,0.0,5.055395348300529,-0.0,2.0,0.0
372,2025-01-07 00:00:00+00:00,renewable_shift,static_cvar,-16.949464772556833,60.40709965505027,77.3565644276071,31.51765751349474,-6.214116325519697,0.0,0.0,6.021270127539649,-0.0,2.0,0.0
372,2025-01-07 00:00:00+00:00,renewable_shift,adaptive_risk_neutral,-19.3049950837025,60.40709965505027,79.71209473875277,31.805221488067325,-12.393135385845206,0.0,0.0,6.019163603440471,-0.0,2.0,0.0
372,2025-01-07 00:00:00+00:00,renewable_shift,adaptive_cvar,-15.282083681456024,60.40709965505027,75.68918333650629,31.04251743069132,-15.316857945633913,0.0,0.0,5.652499523452886,-0.0,2.0,0.0
372,2025-01-07 00:00:00+00:00,renewable_shift,oracle,60.40709965505027,60.40709965505027,0.0,60.40709965505027,-60.40709965505027,0.0,0.0,7.782533816206428,0.0,2.0,0.0
373,2025-01-08 00:00:00+00:00,renewable_shift,seasonal_naive,-31.196207497064474,104.01536819921114,135.21157569627562,60.40709965505027,-60.40709965505027,0.0,0.0,7.782533816206428,0.0,2.0,0.0
373,2025-01-08 00:00:00+00:00,renewable_shift,median_risk_neutral,25.732562054581223,104.01536819921114,78.28280614462992,36.054232836530375,-36.054232836530375,0.0,0.0,7.654629787234042,0.0,2.0,0.0
373,2025-01-08 00:00:00+00:00,renewable_shift,raw_cvar,55.25386827532596,104.01536819921114,48.76149992388518,31.041215858344472,-1.9040486846545714,0.0,0.0,3.8874297872340424,0.06000000000000005,2.0,0.0
373,2025-01-08 00:00:00+00:00,renewable_shift,static_cvar,33.74375852035723,104.01536819921114,70.2716096788539,26.016800574247718,-6.594602042512311,0.0,0.0,3.4005498532578713,1.0,2.0,0.0
373,2025-01-08 00:00:00+00:00,renewable_shift,adaptive_risk_neutral,40.36553510914763,104.01536819921114,63.64983309006351,34.92222265442568,16.802216181109966,0.0,0.0,6.139393390674513,0.0,2.0,0.0
373,2025-01-08 00:00:00+00:00,renewable_shift,adaptive_cvar,38.68554923311346,104.01536819921114,65.32981896609768,31.561573197762762,6.3930019152358595,0.0,0.0,5.912043259355309,0.11345780603103217,2.0,0.0
373,2025-01-08 00:00:00+00:00,renewable_shift,oracle,104.01536819921114,104.01536819921114,0.0,104.01536819921114,-104.01536819921114,0.0,0.0,9.89891914893617,0.0,2.0,0.0
374,2025-01-09 00:00:00+00:00,renewable_shift,seasonal_naive,-26.233887668188913,167.92473163571864,194.15861930390756,104.01536819921114,-104.01536819921114,0.0,0.0,9.89891914893617,0.0,2.0,0.0
374,2025-01-09 00:00:00+00:00,renewable_shift,median_risk_neutral,4.273688792237353,167.92473163571864,163.6510428434813,15.01725345925035,-15.01725345925035,0.0,0.0,2.1317338162064283,0.8761702127659574,1.94,0.0
374,2025-01-09 00:00:00+00:00,renewable_shift,raw_cvar,4.273688792237353,167.92473163571864,163.6510428434813,15.037591142521553,2.9617936229607946,0.0,0.0,2.1317338162064283,0.8761702127659574,1.94,0.0
374,2025-01-09 00:00:00+00:00,renewable_shift,static_cvar,8.554382030443689,167.92473163571864,159.37034960527495,15.460220229814633,5.340015764137075,0.0,0.0,2.522460109540078,0.6811804507498018,1.94,0.0
374,2025-01-09 00:00:00+00:00,renewable_shift,adaptive_risk_neutral,4.273688792237353,167.92473163571864,163.6510428434813,19.085304158523332,2.354559201905371,0.0,0.0,2.1317338162064283,0.8761702127659574,1.94,0.0
374,2025-01-09 00:00:00+00:00,renewable_shift,adaptive_cvar,4.273688792237353,167.92473163571864,163.6510428434813,19.085304158523332,2.354559201905371,0.0,0.0,2.1317338162064283,0.8761702127659574,1.94,0.0
374,2025-01-09 00:00:00+00:00,renewable_shift,oracle,167.92473163571864,167.92473163571864,0.0,167.92473163571864,-167.92473163571864,0.0,0.0,7.895089361702128,-0.0,2.0,0.0
375,2025-01-10 00:00:00+00:00,renewable_shift,seasonal_naive,-18.23034532501882,44.43507911217208,62.66542443719091,167.92473163571864,-167.92473163571864,0.0,0.0,7.895089361702128,-0.0,2.0,0.0
375,2025-01-10 00:00:00+00:00,renewable_shift,median_risk_neutral,-21.61791164879975,44.43507911217208,66.05299076097184,10.599741019706903,-10.599741019706903,0.0,0.0,4.007659574468085,-0.0,2.0,0.0
375,2025-01-10 00:00:00+00:00,renewable_shift,raw_cvar,-0.7495653546503629,44.43507911217208,45.18464446682245,8.568826332854162,0.014313360972941145,0.0,0.0,3.023257059657116,0.4912605457221868,2.0,0.0
375,2025-01-10 00:00:00+00:00,renewable_shift,static_cvar,-6.826262622195415,44.43507911217208,51.2613417343675,4.666167769342731,4.909787587073055,0.0,0.0,2.4184395365694265,0.7930913334172537,2.0,0.0
375,2025-01-10 00:00:00+00:00,renewable_shift,adaptive_risk_neutral,-9.401628669880711,44.43507911217208,53.8367077820528,9.741482694683704,17.039686294525417,0.0,0.0,4.007659574468085,0.0,2.0,0.0
375,2025-01-10 00:00:00+00:00,renewable_shift,adaptive_cvar,-8.788315899897999,44.43507911217208,53.223395012070085,6.555547489709758,2.0606218980693582,0.0,0.0,2.9303488961182858,0.5376258428800228,2.0,0.0
375,2025-01-10 00:00:00+00:00,renewable_shift,oracle,44.43507911217208,44.43507911217208,0.0,44.43507911217208,-44.43507911217208,0.0,0.0,10.65866908103214,0.0,2.0,0.0
376,2025-01-11 00:00:00+00:00,renewable_shift,seasonal_naive,-4.175638076539798,63.21640047609641,67.39203855263621,44.43507911217208,-44.43507911217208,0.0,0.0,10.65866908103214,0.0,2.0,0.0
376,2025-01-11 00:00:00+00:00,renewable_shift,median_risk_neutral,-11.113353841376938,63.21640047609641,74.32975431747334,16.560829650136675,-16.560829650136675,0.0,0.0,6.139393390674513,0.0,2.0,0.0
376,2025-01-11 00:00:00+00:00,renewable_shift,raw_cvar,-20.00923439129851,63.21640047609641,83.22563486739492,12.88982261126923,-2.4383327780335073,0.0,0.0,5.0845730055972815,0.5264021883481618,2.0,0.0
376,2025-01-11 00:00:00+00:00,renewable_shift,static_cvar,-8.40317892920654,63.21640047609641,71.61957940530294,4.447013625867528,5.662326902743293,0.0,0.0,2.003829787234043,1.0,2.0,0.0
376,2025-01-11 00:00:00+00:00,renewable_shift,adaptive_risk_neutral,-18.5597520945579,63.21640047609641,81.77615257065432,13.119858009787537,12.448341687888773,0.0,0.0,5.771029787234042,0.1200000000000001,2.0,0.0
376,2025-01-11 00:00:00+00:00,renewable_shift,adaptive_cvar,-16.601215129531848,63.21640047609641,79.81761560562826,12.188527630264891,5.260614659775651,0.0,0.0,4.700878077520132,0.6540531997935213,2.0,0.0
376,2025-01-11 00:00:00+00:00,renewable_shift,oracle,63.21640047609641,63.21640047609641,0.0,63.21640047609641,-63.21640047609641,0.0,0.0,11.669963603440472,0.0,2.0,0.0
377,2025-01-12 00:00:00+00:00,renewable_shift,seasonal_naive,-19.220334224235092,54.84986752858261,74.0702017528177,63.21640047609641,-63.21640047609641,0.0,0.0,11.669963603440472,0.0,2.0,0.0
377,2025-01-12 00:00:00+00:00,renewable_shift,median_risk_neutral,8.805336270430255,54.84986752858261,46.044531258152354,21.267361249755965,-21.267361249755965,0.0,0.0,4.007659574468085,-0.0,2.0,0.0
377,2025-01-12 00:00:00+00:00,renewable_shift,raw_cvar,24.506000334019426,54.84986752858261,30.34386719456318,17.643462119094462,-5.127780247839281,0.0,0.0,4.007659574468085,-0.0,2.0,0.0
377,2025-01-12 00:00:00+00:00,renewable_shift,static_cvar,15.831813625692519,54.84986752858261,39.01805390289009,17.98413786849954,-4.413070299352984,0.0,0.0,2.65649387871893,0.6742916510958835,2.0,0.0
377,2025-01-12 00:00:00+00:00,renewable_shift,adaptive_risk_neutral,16.50693415867034,54.84986752858261,38.34293336991227,19.461708083757195,5.134232420979668,0.0,0.0,4.007659574468085,-0.0,2.0,0.0
377,2025-01-12 00:00:00+00:00,renewable_shift,adaptive_cvar,19.53966513473731,54.84986752858261,35.3102023938453,18.20965310283109,0.09551022334610845,0.0,0.0,4.007659574468086,-0.0,2.0,0.0
377,2025-01-12 00:00:00+00:00,renewable_shift,oracle,54.84986752858261,54.84986752858261,0.0,54.84986752858261,-54.84986752858261,0.0,0.0,7.895089361702128,0.0,2.0,0.0
378,2025-01-13 00:00:00+00:00,renewable_shift,seasonal_naive,-26.717310936410453,48.9650452970417,75.68235623345215,54.84986752858261,-54.84986752858261,0.0,0.0,7.895089361702128,0.0,2.0,0.0
378,2025-01-13 00:00:00+00:00,renewable_shift,median_risk_neutral,-2.522432150307859,48.9650452970417,51.487477447349555,33.46235941422074,-33.46235941422074,0.0,0.0,4.007659574468086,0.0,2.0,0.0
378,2025-01-13 00:00:00+00:00,renewable_shift,raw_cvar,-2.860632228012604,48.9650452970417,51.8256775250543,31.141987719003644,-21.545058710715647,0.0,0.0,4.007659574468085,0.0,2.0,0.0
378,2025-01-13 00:00:00+00:00,renewable_shift,static_cvar,-6.8110716256569415,48.9650452970417,55.77611692269864,24.219679993365265,-3.4677383276160865,0.0,0.0,4.007659574468085,-0.0,2.0,0.0
378,2025-01-13 00:00:00+00:00,renewable_shift,adaptive_risk_neutral,-6.1303044692920015,48.9650452970417,55.0953497663337,26.720570196885923,3.385092270109812,0.0,0.0,4.13556360344047,0.0,2.0,0.0
378,2025-01-13 00:00:00+00:00,renewable_shift,adaptive_cvar,-10.134503361938668,48.9650452970417,59.09954865898037,24.09379800268405,-9.812015564962659,0.0,0.0,4.007659574468085,0.0,2.0,0.0
378,2025-01-13 00:00:00+00:00,renewable_shift,oracle,48.9650452970417,48.9650452970417,0.0,48.9650452970417,-48.9650452970417,0.0,0.0,6.019163603440471,0.0,2.0,0.0
379,2025-01-14 00:00:00+00:00,renewable_shift,seasonal_naive,-20.95362837563475,35.50057883431165,56.454207209946404,48.9650452970417,-48.9650452970417,0.0,0.0,6.019163603440471,0.0,2.0,0.0
379,2025-01-14 00:00:00+00:00,renewable_shift,median_risk_neutral,9.358690366499841,35.50057883431165,26.14188846781181,8.180327598904142,-8.180327598904142,0.0,0.0,2.003829787234043,1.0,2.0,0.0
379,2025-01-14 00:00:00+00:00,renewable_shift,raw_cvar,10.213242230922678,35.50057883431165,25.287336603388976,8.332797095302363,-1.96034122480654,0.0,0.0,2.0038297872340425,1.0,2.0,0.0
379,2025-01-14 00:00:00+00:00,renewable_shift,static_cvar,13.675835600845685,35.50057883431165,21.824743233465966,10.272017698784984,4.970561791560462,0.0,0.0,3.26745180594392,0.5813395781283648,2.0,0.0
379,2025-01-14 00:00:00+00:00,renewable_shift,adaptive_risk_neutral,11.971040533896486,35.50057883431165,23.52953830041517,10.426483769217226,14.200493172477415,0.0,0.0,3.7672,1.0,2.0,0.0
379,2025-01-14 00:00:00+00:00,renewable_shift,adaptive_cvar,2.774764464213227,35.50057883431165,32.725814370098426,8.144326198090164,5.468439047613026,0.0,0.0,2.593394157111184,0.7057812127391628,2.0,0.0
379,2025-01-14 00:00:00+00:00,renewable_shift,oracle,35.50057883431165,35.50057883431165,0.0,35.50057883431165,-35.50057883431165,0.0,0.0,8.143223177908556,0.0,2.0,0.0
380,2025-01-15 00:00:00+00:00,renewable_shift,seasonal_naive,-36.78492949078992,74.68571897528774,111.47064846607766,35.50057883431165,-35.50057883431165,0.0,0.0,8.143223177908556,0.0,2.0,0.0
380,2025-01-15 00:00:00+00:00,renewable_shift,median_risk_neutral,13.182050291998538,74.68571897528774,61.503668683289206,18.14946709747492,-18.14946709747492,0.0,0.0,6.019163603440471,-0.0,2.0,0.0
380,2025-01-15 00:00:00+00:00,renewable_shift,raw_cvar,14.26018907064046,74.68571897528774,60.425529904647284,17.301544248271018,-3.04383170905931,0.0,0.0,6.019163603440471,-0.0,2.0,0.0
380,2025-01-15 00:00:00+00:00,renewable_shift,static_cvar,5.802219723571811,74.68571897528774,68.88349925171593,16.15050168809305,7.29226885393881,0.0,0.0,4.406360658208803,-0.0,2.0,0.0
380,2025-01-15 00:00:00+00:00,renewable_shift,adaptive_risk_neutral,12.411758299371455,74.68571897528774,62.273960675916285,14.690013842158232,10.2102273699241,0.0,0.0,6.019163603440471,0.0,2.0,0.0
380,2025-01-15 00:00:00+00:00,renewable_shift,adaptive_cvar,6.18166120127097,74.68571897528774,68.50405777401677,12.728702058179637,4.821536568945383,0.0,0.0,4.156806383162669,-0.0,2.0,0.0
380,2025-01-15 00:00:00+00:00,renewable_shift,oracle,74.68571897528774,74.68571897528774,0.0,74.68571897528774,-74.68571897528774,0.0,0.0,15.189029787234041,0.0,2.0,0.0
381,2025-01-16 00:00:00+00:00,renewable_shift,seasonal_naive,-90.19559433650059,87.14599949694633,177.34159383344692,74.68571897528774,-74.68571897528774,0.0,0.0,15.189029787234041,0.0,2.0,0.0
381,2025-01-16 00:00:00+00:00,renewable_shift,median_risk_neutral,-24.99564875974976,87.14599949694633,112.14164825669609,36.89070789402282,-36.89070789402282,0.0,0.0,6.019163603440471,0.0,2.0,0.0
381,2025-01-16 00:00:00+00:00,renewable_shift,raw_cvar,0.2558947854293301,87.14599949694633,86.890104711517,29.661852747055512,-12.802942966829352,0.0,0.0,6.019163603440471,-0.0,2.0,0.0
381,2025-01-16 00:00:00+00:00,renewable_shift,static_cvar,3.625094922927966,87.14599949694633,83.52090457401836,23.247623962000603,-1.4935812195707605,0.0,0.0,5.976908502618606,0.0,2.0,0.0
381,2025-01-16 00:00:00+00:00,renewable_shift,adaptive_risk_neutral,-28.76178453930656,87.14599949694633,115.90778403625289,30.859778635639703,8.507268257113664,0.0,0.0,7.902763603440471,-0.0,2.0,0.0
381,2025-01-16 00:00:00+00:00,renewable_shift,adaptive_cvar,-24.24523326949035,87.14599949694633,111.39123276643667,29.59674142874515,1.8956442430944336,0.0,0.0,7.292517091966349,-0.0,2.0,0.0
381,2025-01-16 00:00:00+00:00,renewable_shift,oracle,87.14599949694633,87.14599949694633,0.0,87.14599949694633,-87.14599949694633,0.0,0.0,10.282631235853327,-0.0,2.0,0.0
382,2025-01-17 00:00:00+00:00,renewable_shift,seasonal_naive,-42.88667760428625,15.726701760194384,58.613379364480636,87.14599949694633,-87.14599949694633,0.0,0.0,10.282631235853327,-0.0,2.0,0.0
382,2025-01-17 00:00:00+00:00,renewable_shift,median_risk_neutral,-6.483431973273699,15.726701760194384,22.210133733468084,3.5916425909058507,-3.5916425909058507,0.0,0.0,3.8874297872340424,1.0,2.0,0.0
382,2025-01-17 00:00:00+00:00,renewable_shift,raw_cvar,2.1015700802865664,15.726701760194384,13.625131679907817,5.1770007075117705,-0.19903223309076404,0.0,0.0,2.4290862174855166,1.0,2.0,0.0
382,2025-01-17 00:00:00+00:00,renewable_shift,static_cvar,3.906465902757197,15.726701760194384,11.820235857437186,11.501885453588562,10.8684679296783,0.0,0.0,3.0818076043933886,0.4620412252443272,2.0,0.0
382,2025-01-17 00:00:00+00:00,renewable_shift,adaptive_risk_neutral,-15.50097075203665,15.726701760194384,31.227672512231035,11.488620160840558,17.004761657812477,0.0,0.0,5.771029787234042,0.06000000000000005,2.0,0.0
382,2025-01-17 00:00:00+00:00,renewable_shift,adaptive_cvar,-17.37542814576591,15.726701760194384,33.1021299059603,9.843821527015455,8.480506416077697,0.0,0.0,4.774876451695599,0.18461398677840202,2.0,0.0
382,2025-01-17 00:00:00+00:00,renewable_shift,oracle,15.726701760194384,15.726701760194384,0.0,15.726701760194384,-15.726701760194384,0.0,0.0,3.8874297872340424,1.0,2.0,0.0
383,2025-01-18 00:00:00+00:00,renewable_shift,seasonal_naive,-4.528991464759297,53.591449753213965,58.120441217973266,15.726701760194384,-15.726701760194384,0.0,0.0,3.8874297872340424,1.0,2.0,0.0
383,2025-01-18 00:00:00+00:00,renewable_shift,median_risk_neutral,17.486876539245355,53.591449753213965,36.10457321396861,11.72106011510665,-11.72106011510665,0.0,0.0,2.0038297872340425,1.0,2.0,0.0
383,2025-01-18 00:00:00+00:00,renewable_shift,raw_cvar,15.822657797803803,53.591449753213965,37.768791955410165,11.10117584347351,-6.788821787343432,0.0,0.0,2.003829787234043,1.0,2.0,0.0
383,2025-01-18 00:00:00+00:00,renewable_shift,static_cvar,10.168647034617766,53.591449753213965,43.4228027185962,10.080812344198103,0.8193268467708055,0.0,0.0,2.0038297872340425,1.0,2.0,0.0
383,2025-01-18 00:00:00+00:00,renewable_shift,adaptive_risk_neutral,14.430749299739572,53.591449753213965,39.16070045347439,13.01817865782982,-0.35974826270219956,0.0,0.0,2.1317338162064283,0.9361702127659575,2.0,0.0
383,2025-01-18 00:00:00+00:00,renewable_shift,adaptive_cvar,15.086295436177277,53.591449753213965,38.505154317036684,11.922129458563266,-3.783224919812639,0.0,0.0,2.0038297872340425,1.0,2.0,0.0
383,2025-01-18 00:00:00+00:00,renewable_shift,oracle,53.591449753213965,53.591449753213965,0.0,53.591449753213965,-53.591449753213965,0.0,0.0,7.895089361702127,0.0,2.0,0.0
384,2025-01-19 00:00:00+00:00,renewable_shift,seasonal_naive,-12.297869051244586,37.07294200292124,49.37081105416583,53.591449753213965,-53.591449753213965,0.0,0.0,7.895089361702127,0.0,2.0,0.0
384,2025-01-19 00:00:00+00:00,renewable_shift,median_risk_neutral,10.942386810484082,37.07294200292124,26.130555192437157,9.793592678625474,-9.793592678625474,0.0,0.0,3.7672,1.0,2.0,0.0
384,2025-01-19 00:00:00+00:00,renewable_shift,raw_cvar,5.094904292739459,37.07294200292124,31.97803771018178,9.132682184640352,-4.152387155149502,0.0,0.0,2.1502516738699864,1.0,2.0,0.0
384,2025-01-19 00:00:00+00:00,renewable_shift,static_cvar,0.4177820731824058,37.07294200292124,36.65515992973883,15.054337594809605,4.350619530266282,0.0,0.0,3.765062756754311,0.12106657923707154,2.0,0.0
384,2025-01-19 00:00:00+00:00,renewable_shift,adaptive_risk_neutral,8.810672966686568,37.07294200292124,28.26226903623467,15.702487342752104,9.672976390158178,0.0,0.0,5.6508,0.1200000000000001,2.0,0.0
384,2025-01-19 00:00:00+00:00,renewable_shift,adaptive_cvar,10.82616676806053,37.07294200292124,26.246775234860706,13.810465814349678,2.5676447555466146,0.0,0.0,4.13838129901452,0.8747640576164534,2.0,0.0
384,2025-01-19 00:00:00+00:00,renewable_shift,oracle,37.07294200292124,37.07294200292124,0.0,37.07294200292124,-37.07294200292124,0.0,0.0,7.902763603440471,0.06000000000000005,2.0,0.0
385,2025-01-20 00:00:00+00:00,renewable_shift,seasonal_naive,-2.3327480538551733,66.23555014481761,68.56829819867278,37.07294200292124,-37.07294200292124,0.0,0.0,7.902763603440471,0.06000000000000005,2.0,0.0
385,2025-01-20 00:00:00+00:00,renewable_shift,median_risk_neutral,-8.18503937860777,66.23555014481761,74.42058952342538,21.61591080111765,-21.61591080111765,0.0,0.0,7.895089361702127,-0.0,2.0,0.0
385,2025-01-20 00:00:00+00:00,renewable_shift,raw_cvar,16.273202375083038,66.23555014481761,49.96234776973457,14.792437245418245,1.5289491051063095,0.0,0.0,2.1317338162064283,0.9361702127659575,2.0,0.0
385,2025-01-20 00:00:00+00:00,renewable_shift,static_cvar,18.411646847022084,66.23555014481761,47.823903297795525,12.178111724266854,10.275167166006714,0.0,0.0,2.910776329476494,0.5227203986411231,1.94,0.0
385,2025-01-20 00:00:00+00:00,renewable_shift,adaptive_risk_neutral,12.873372783500397,66.23555014481761,53.36217736131721,16.72891509835151,8.958315372458497,0.0,0.0,3.8874297872340424,0.06000000000000005,2.0,0.0
385,2025-01-20 00:00:00+00:00,renewable_shift,adaptive_cvar,16.817887992860655,66.23555014481761,49.417662151956954,16.5797172700585,0.8901499982655287,0.0,0.0,2.1317338162064283,0.8972893037850622,1.9611190910191048,0.0
385,2025-01-20 00:00:00+00:00,renewable_shift,oracle,66.23555014481761,66.23555014481761,0.0,66.23555014481761,-66.23555014481761,0.0,0.0,10.0344974196469,0.0,2.0,0.0
386,2025-01-21 00:00:00+00:00,renewable_shift,seasonal_naive,18.524642032022143,43.36629413495823,24.841652102936088,66.23555014481761,-66.23555014481761,0.0,0.0,10.0344974196469,0.0,2.0,0.0
386,2025-01-21 00:00:00+00:00,renewable_shift,median_risk_neutral,6.481277562669028,43.36629413495823,36.8850165722892,10.918470794546176,-10.918470794546176,0.0,0.0,3.7672,0.0,1.88,0.0
386,2025-01-21 00:00:00+00:00,renewable_shift,raw_cvar,6.481277562669028,43.36629413495823,36.8850165722892,11.290863332560383,-0.8539539853519956,0.0,0.0,3.7672,-0.0,1.88,0.0
386,2025-01-21 00:00:00+00:00,renewable_shift,static_cvar,13.864618959764108,43.36629413495823,29.501675175194123,10.570116456604397,0.8974715422972608,0.0,0.0,2.9020640266366744,-0.0,1.2660749955168875,0.0
386,2025-01-21 00:00:00+00:00,renewable_shift,adaptive_risk_neutral,17.54359607333389,43.36629413495823,25.82269806162434,11.654355537518093,11.649170139523955,0.0,0.0,4.13556360344047,0.0,1.88,0.0
386,2025-01-21 00:00:00+00:00,renewable_shift,adaptive_cvar,14.453081183642258,43.36629413495823,28.913212951315973,10.056725785073025,2.9625550528747495,0.0,0.0,3.3474079705103144,0.0,1.6705051456146185,0.0
386,2025-01-21 00:00:00+00:00,renewable_shift,oracle,43.36629413495823,43.36629413495823,0.0,43.36629413495823,-43.36629413495823,0.0,0.0,7.90276360344047,0.0,2.0,0.0
387,2025-01-22 00:00:00+00:00,renewable_shift,seasonal_naive,-43.29078148396925,47.1507210168858,90.44150250085505,43.36629413495823,-43.36629413495823,0.0,0.0,7.90276360344047,0.0,2.0,0.0
387,2025-01-22 00:00:00+00:00,renewable_shift,median_risk_neutral,-1.2040097701441175,47.1507210168858,48.354730787029915,12.510550421907643,-12.510550421907643,0.0,0.0,4.007659574468085,0.0,2.0,0.0
387,2025-01-22 00:00:00+00:00,renewable_shift,raw_cvar,0.4286059213944595,47.1507210168858,46.72211509549134,11.51380703456002,-2.951485654957747,0.0,0.0,3.5578474557141546,0.22447621131274964,2.0,0.0
387,2025-01-22 00:00:00+00:00,renewable_shift,static_cvar,5.81028565155289,47.1507210168858,41.34043536533291,6.151911676202684,5.021773339829524,0.0,0.0,2.003829787234043,1.0,2.0,0.0
387,2025-01-22 00:00:00+00:00,renewable_shift,adaptive_risk_neutral,8.339413645216123,47.1507210168858,38.81130737166967,10.89108487843158,15.183881022314113,0.0,0.0,3.8874297872340424,0.06000000000000005,2.0,0.0
387,2025-01-22 00:00:00+00:00,renewable_shift,adaptive_cvar,4.171930602990679,47.1507210168858,42.97879041389512,9.280392665241951,3.2076829909733187,0.0,0.0,2.003829787234043,1.0,2.0,0.0
387,2025-01-22 00:00:00+00:00,renewable_shift,oracle,47.1507210168858,47.1507210168858,0.0,47.1507210168858,-47.1507210168858,0.0,0.0,7.895089361702127,0.0,2.0,0.0
388,2025-01-23 00:00:00+00:00,renewable_shift,seasonal_naive,-8.10287176429297,38.305662108509026,46.408533872801996,47.1507210168858,-47.1507210168858,0.0,0.0,7.895089361702127,0.0,2.0,0.0
388,2025-01-23 00:00:00+00:00,renewable_shift,median_risk_neutral,-0.5039219648439426,38.305662108509026,38.809584073352966,10.854150310921401,-10.854150310921401,0.0,0.0,3.8951040289723857,0.1200000000000001,2.0,0.0
388,2025-01-23 00:00:00+00:00,renewable_shift,raw_cvar,-1.8497711904723473,38.305662108509026,40.15543329898137,7.54484591212002,0.7760478160575475,0.0,0.0,2.780362912860832,-0.0,1.387524494632184,0.0
388,2025-01-23 00:00:00+00:00,renewable_shift,static_cvar,0.0,38.305662108509026,38.305662108509026,0.0,0.0,0.0,0.0,0.0,1.0,1.0,0.0
388,2025-01-23 00:00:00+00:00,renewable_shift,adaptive_risk_neutral,0.45888969828251014,38.305662108509026,37.846772410226514,11.724528554650504,11.760704817075508,0.0,0.0,4.13556360344047,-0.0,1.88,0.0
388,2025-01-23 00:00:00+00:00,renewable_shift,adaptive_cvar,2.579048962484107,38.305662108509026,35.72661314602492,10.402494539975532,4.035434187976833,0.0,0.0,2.650664613261017,0.6772007132802316,2.0,0.0
388,2025-01-23 00:00:00+00:00,renewable_shift,oracle,38.305662108509026,38.305662108509026,0.0,38.305662108509026,-38.305662108509026,0.0,0.0,7.895089361702128,0.0,2.0,0.0
389,2025-01-24 00:00:00+00:00,renewable_shift,seasonal_naive,-21.496731237057393,39.75229282586494,61.24902406292233,38.305662108509026,-38.305662108509026,0.0,0.0,7.895089361702128,0.0,2.0,0.0
389,2025-01-24 00:00:00+00:00,renewable_shift,median_risk_neutral,9.644963373206995,39.75229282586494,30.107329452657947,32.646482653182815,-32.646482653182815,0.0,0.0,8.01531914893617,-0.0,2.0,0.0
389,2025-01-24 00:00:00+00:00,renewable_shift,raw_cvar,5.918147887830113,39.75229282586494,33.834144938034825,26.3949515662927,-13.199876045401023,0.0,0.0,6.301715553118905,-0.0,2.0,0.0
389,2025-01-24 00:00:00+00:00,renewable_shift,static_cvar,0.0726221033405885,39.75229282586494,39.67967072252435,16.62552459363298,-0.05290890704329091,0.0,0.0,4.576588732238745,0.5345400079405576,2.0,0.0
389,2025-01-24 00:00:00+00:00,renewable_shift,adaptive_risk_neutral,0.13940264343694508,39.75229282586494,39.612890182427996,21.301963807990603,20.50124908479573,0.0,0.0,7.774859574468085,-0.0,2.0,0.0
389,2025-01-24 00:00:00+00:00,renewable_shift,adaptive_cvar,10.678440381403744,39.75229282586494,29.073852444461195,14.583513383170821,0.03974113661023967,0.0,0.0,5.054438868590899,0.0,2.0,0.0
389,2025-01-24 00:00:00+00:00,renewable_shift,oracle,39.75229282586494,39.75229282586494,0.0,39.75229282586494,-39.75229282586494,0.0,0.0,7.895089361702128,0.0,2.0,0.0
390,2025-01-25 00:00:00+00:00,renewable_shift,seasonal_naive,-16.27733479722424,33.731184986842976,50.00851978406722,39.75229282586494,-39.75229282586494,0.0,0.0,7.895089361702128,0.0,2.0,0.0
390,2025-01-25 00:00:00+00:00,renewable_shift,median_risk_neutral,16.914796575907296,33.731184986842976,16.81638841093568,14.929275950239376,-14.929275950239376,0.0,0.0,3.8874297872340424,1.0,2.0,0.0
390,2025-01-25 00:00:00+00:00,renewable_shift,raw_cvar,9.746649658056928,33.731184986842976,23.98453532878605,14.10890916129681,-7.300584969143491,0.0,0.0,2.0038297872340425,1.0,2.0,0.0
390,2025-01-25 00:00:00+00:00,renewable_shift,static_cvar,12.969200814970119,33.731184986842976,20.761984171872857,14.55878686922547,4.765734499366624,0.0,0.0,2.545068639490353,1.0,2.0,0.0
390,2025-01-25 00:00:00+00:00,renewable_shift,adaptive_risk_neutral,-14.498125771194527,33.731184986842976,48.2293107580375,13.912177290703685,4.576908952856137,0.0,0.0,3.8874297872340424,0.06000000000000005,2.0,0.0
390,2025-01-25 00:00:00+00:00,renewable_shift,adaptive_cvar,11.500399152754628,33.731184986842976,22.230785834088348,12.775310518935862,-2.2360647775657925,0.0,0.0,2.1988227879750015,0.9026898382371517,2.0,0.0
390,2025-01-25 00:00:00+00:00,renewable_shift,oracle,33.731184986842976,33.731184986842976,0.0,33.731184986842976,-33.731184986842976,0.0,0.0,5.771029787234042,0.1200000000000001,2.0,0.0
391,2025-01-26 00:00:00+00:00,renewable_shift,seasonal_naive,5.155096725955431,66.42374119293305,61.26864446697762,33.731184986842976,-33.731184986842976,0.0,0.0,5.771029787234042,0.1200000000000001,2.0,0.0
391,2025-01-26 00:00:00+00:00,renewable_shift,median_risk_neutral,-1.1818822448258413,66.42374119293305,67.6056234377589,20.31950029907051,-20.31950029907051,0.0,0.0,5.891259574468085,0.0,2.0,0.0
391,2025-01-26 00:00:00+00:00,renewable_shift,raw_cvar,12.99658918306231,66.42374119293305,53.42715200987074,17.351464924426573,-7.9457393548264985,0.0,0.0,5.68227998916685,0.10429008822635417,2.0,0.0
391,2025-01-26 00:00:00+00:00,renewable_shift,static_cvar,4.287380183854111,66.42374119293305,62.13636100907894,13.691598696416728,7.220318920349532,0.0,0.0,4.100202979103418,0.32825696325461773,2.0,0.0
391,2025-01-26 00:00:00+00:00,renewable_shift,adaptive_risk_neutral,27.86605673157589,66.42374119293305,38.55768446135716,15.532339414319269,9.618680508323692,0.0,0.0,5.6508,0.1200000000000001,2.0,0.0
391,2025-01-26 00:00:00+00:00,renewable_shift,adaptive_cvar,14.2232392497096,66.42374119293305,52.20050194322345,12.866312155201435,1.247160096605345,0.0,0.0,4.0090620285508844,0.7816200394253258,2.0,0.0
391,2025-01-26 00:00:00+00:00,renewable_shift,oracle,66.42374119293305,66.42374119293305,0.0,66.42374119293305,-66.42374119293305,0.0,0.0,11.662289361702129,-0.0,2.0,0.0
392,2025-01-27 00:00:00+00:00,renewable_shift,seasonal_naive,-94.08629920758649,89.42169554519498,183.50799475278149,66.42374119293305,-66.42374119293305,0.0,0.0,11.662289361702129,-0.0,2.0,0.0
392,2025-01-27 00:00:00+00:00,renewable_shift,median_risk_neutral,20.264518361018773,89.42169554519498,69.1571771841762,28.979240352399614,-28.979240352399614,0.0,0.0,4.135563603440471,-0.0,2.0,0.0
392,2025-01-27 00:00:00+00:00,renewable_shift,raw_cvar,16.63672142467222,89.42169554519498,72.78497412052276,27.28907019067957,-12.572939680263602,0.0,0.0,4.007659574468086,-0.0,2.0,0.0
392,2025-01-27 00:00:00+00:00,renewable_shift,static_cvar,22.684850759696527,89.42169554519498,66.73684478549845,24.925643491323616,-9.044684589492325,0.0,0.0,2.6443249234622788,0.6803644998648641,2.0,0.0
392,2025-01-27 00:00:00+00:00,renewable_shift,adaptive_risk_neutral,32.744581005917865,89.42169554519498,56.67711453927711,29.8190871402788,-3.37145563025402,0.0,0.0,4.13556360344047,-0.0,2.0,0.0
392,2025-01-27 00:00:00+00:00,renewable_shift,adaptive_cvar,18.93410575879045,89.42169554519498,70.48758978640453,28.553552782457764,-8.320137467295705,0.0,0.0,4.007659574468086,-0.0,2.0,0.0
392,2025-01-27 00:00:00+00:00,renewable_shift,oracle,89.42169554519498,89.42169554519498,0.0,89.42169554519498,-89.42169554519498,0.0,0.0,7.774859574468085,-0.0,2.0,0.0
393,2025-01-28 00:00:00+00:00,renewable_shift,seasonal_naive,-24.688217860748047,73.89197095009683,98.58018881084487,89.42169554519498,-89.42169554519498,0.0,0.0,7.774859574468085,-0.0,2.0,0.0
393,2025-01-28 00:00:00+00:00,renewable_shift,median_risk_neutral,10.855103604869495,73.89197095009683,63.036867345227336,19.434608204336865,-19.434608204336865,0.0,0.0,4.263467632412857,0.0,1.1238297872340426,0.0
393,2025-01-28 00:00:00+00:00,renewable_shift,raw_cvar,4.241117997289752,73.89197095009683,69.65085295280709,17.452404298667275,-0.5759202448616872,0.0,0.0,2.896689421718362,0.0,1.0638297872340425,0.0
393,2025-01-28 00:00:00+00:00,renewable_shift,static_cvar,-0.39981478870118003,73.89197095009683,74.29178573879801,18.947376737996077,13.106159921596538,0.0,0.0,2.320106383488409,0.0,1.0638297872340425,0.0
393,2025-01-28 00:00:00+00:00,renewable_shift,adaptive_risk_neutral,13.502163533688513,73.89197095009683,60.38980741640832,21.115843160858827,0.10091981452048977,0.0,0.0,3.8951040289723857,0.0,1.0638297872340425,0.0
393,2025-01-28 00:00:00+00:00,renewable_shift,adaptive_cvar,10.618088921431866,73.89197095009683,63.27388202866497,19.701335431185047,-3.6354814292510866,0.0,0.0,3.2238654809422442,-0.0,1.0638297872340425,0.0
393,2025-01-28 00:00:00+00:00,renewable_shift,oracle,73.89197095009683,73.89197095009683,0.0,73.89197095009683,-73.89197095009683,0.0,0.0,8.022993390674515,0.0,2.0,0.0
394,2025-01-29 00:00:00+00:00,renewable_shift,seasonal_naive,-9.395363014861214,35.495091948821,44.89045496368222,73.89197095009683,-73.89197095009683,0.0,0.0,8.022993390674515,0.0,2.0,0.0
394,2025-01-29 00:00:00+00:00,renewable_shift,median_risk_neutral,4.917604775927707,35.495091948821,30.577487172893292,15.73805904119612,-15.73805904119612,0.0,0.0,4.007659574468086,-0.0,2.0,0.0
394,2025-01-29 00:00:00+00:00,renewable_shift,raw_cvar,14.815376563445788,35.495091948821,20.67971538537521,13.694691221071968,-5.917270854047714,0.0,0.0,4.007659574468086,0.0,2.0,0.0
394,2025-01-29 00:00:00+00:00,renewable_shift,static_cvar,14.242928512649783,35.495091948821,21.252163436171216,7.02526027502453,3.0199644547515945,0.0,0.0,2.756862044958817,0.6242034814922023,2.0,0.0
394,2025-01-29 00:00:00+00:00,renewable_shift,adaptive_risk_neutral,-0.5592098384279822,35.495091948821,36.05430178724898,13.156800331478255,10.668714802012468,0.0,0.0,4.007659574468086,0.0,2.0,0.0
394,2025-01-29 00:00:00+00:00,renewable_shift,adaptive_cvar,0.09005803526457257,35.495091948821,35.40503391355642,11.010306260586598,3.1472115080574654,0.0,0.0,4.007659574468086,-0.0,2.0,0.0
394,2025-01-29 00:00:00+00:00,renewable_shift,oracle,35.495091948821,35.495091948821,0.0,35.495091948821,-35.495091948821,0.0,0.0,8.143223177908556,-0.0,2.0,0.0
395,2025-01-30 00:00:00+00:00,renewable_shift,seasonal_naive,-30.177948483137968,50.44066300715903,80.618611490297,35.495091948821,-35.495091948821,0.0,0.0,8.143223177908556,-0.0,2.0,0.0
395,2025-01-30 00:00:00+00:00,renewable_shift,median_risk_neutral,2.424530651450315,50.44066300715903,48.01613235570872,19.831929577724225,-19.831929577724225,0.0,0.0,4.135563603440471,0.0,2.0,0.0
395,2025-01-30 00:00:00+00:00,renewable_shift,raw_cvar,2.424530651450315,50.44066300715903,48.01613235570872,21.047102317500947,-9.438172469159438,0.0,0.0,4.135563603440471,0.0,2.0,0.0
395,2025-01-30 00:00:00+00:00,renewable_shift,static_cvar,11.946105473248721,50.44066300715903,38.49455753391031,20.363854036291833,0.947448506869778,0.0,0.0,4.870719490227772,0.0,2.0,0.0
395,2025-01-30 00:00:00+00:00,renewable_shift,adaptive_risk_neutral,-10.489014802356333,50.44066300715903,60.92967780951537,18.522819086409374,9.72476973379599,0.0,0.0,5.891259574468085,-0.0,2.0,0.0
395,2025-01-30 00:00:00+00:00,renewable_shift,adaptive_cvar,-3.6830429996043543,50.44066300715903,54.123706006763385,17.737733824331578,-1.3719368673346486,0.0,0.0,4.558213469602631,-0.0,2.0,0.0
395,2025-01-30 00:00:00+00:00,renewable_shift,oracle,50.44066300715903,50.44066300715903,0.0,50.44066300715903,-50.44066300715903,0.0,0.0,7.895089361702127,0.0,2.0,0.0
396,2025-01-31 00:00:00+00:00,renewable_shift,seasonal_naive,-0.2513435159751882,73.1298847433668,73.381228259342,50.44066300715903,-50.44066300715903,0.0,0.0,7.895089361702127,0.0,2.0,0.0
396,2025-01-31 00:00:00+00:00,renewable_shift,median_risk_neutral,25.762829457992478,73.1298847433668,47.36705528537432,28.464373893220237,-28.464373893220237,0.0,0.0,5.891259574468085,-0.0,2.0,0.0
396,2025-01-31 00:00:00+00:00,renewable_shift,raw_cvar,34.29270070591632,73.1298847433668,38.837184037450484,23.503134446155567,-15.784264062028926,0.0,0.0,4.301023708934972,-0.0,2.0,0.0
396,2025-01-31 00:00:00+00:00,renewable_shift,static_cvar,41.4580295510586,73.1298847433668,31.6718551923082,24.44285969570299,-6.13779218306577,0.0,0.0,4.007659574468086,0.0,2.0,0.0
396,2025-01-31 00:00:00+00:00,renewable_shift,adaptive_risk_neutral,44.32635492534212,73.1298847433668,28.80352981802468,26.538532883516897,-9.549343488773577,0.0,0.0,4.007659574468085,0.0,2.0,0.0
396,2025-01-31 00:00:00+00:00,renewable_shift,adaptive_cvar,36.231830713985964,73.1298847433668,36.89805402938084,24.976463789528655,-13.350201899390665,0.0,0.0,4.007659574468085,0.0,2.0,0.0
396,2025-01-31 00:00:00+00:00,renewable_shift,oracle,73.1298847433668,73.1298847433668,0.0,73.1298847433668,-73.1298847433668,0.0,0.0,13.561237845178812,0.0,2.0,0.0
397,2025-02-01 00:00:00+00:00,renewable_shift,seasonal_naive,-44.354197078969186,30.76892043210364,75.12311751107282,73.1298847433668,-73.1298847433668,0.0,0.0,13.561237845178812,0.0,2.0,0.0
397,2025-02-01 00:00:00+00:00,renewable_shift,median_risk_neutral,14.006348747583553,30.76892043210364,16.76257168452009,13.119642907439337,-13.119642907439337,0.0,0.0,6.011489361702128,0.0,2.0,0.0
397,2025-02-01 00:00:00+00:00,renewable_shift,raw_cvar,11.947233804163206,30.76892043210364,18.821686627940437,11.512524685523028,-0.585718688009044,0.0,0.0,6.011489361702128,0.0,2.0,0.0
397,2025-02-01 00:00:00+00:00,renewable_shift,static_cvar,15.405472686475388,30.76892043210364,15.363447745628253,11.321667425987226,5.892665580933544,0.0,0.0,4.824042143124883,0.5870248471023396,2.0,0.0
397,2025-02-01 00:00:00+00:00,renewable_shift,adaptive_risk_neutral,11.864447819781498,30.76892043210364,18.904472612322145,11.74472125391401,9.677528750468577,0.0,0.0,6.011489361702128,0.0,2.0,0.0
397,2025-02-01 00:00:00+00:00,renewable_shift,adaptive_cvar,7.88456765867072,30.76892043210364,22.884352773432923,9.723135678747282,5.320742955286628,0.0,0.0,5.034956697838388,0.48733314081116763,2.0,0.0
397,2025-02-01 00:00:00+00:00,renewable_shift,oracle,30.76892043210364,30.76892043210364,0.0,30.76892043210364,-30.76892043210364,0.0,0.0,6.139393390674513,0.0,2.0,0.0
398,2025-02-02 00:00:00+00:00,renewable_shift,seasonal_naive,-12.950842075820422,42.00585826568794,54.956700341508366,30.76892043210364,-30.76892043210364,0.0,0.0,6.139393390674513,0.0,2.0,0.0
398,2025-02-02 00:00:00+00:00,renewable_shift,median_risk_neutral,-6.469683799421368,42.00585826568794,48.47554206510931,16.79661820088276,-16.79661820088276,0.0,0.0,4.007659574468085,-0.0,2.0,0.0
398,2025-02-02 00:00:00+00:00,renewable_shift,raw_cvar,-8.932565489509905,42.00585826568794,50.938423755197846,16.605653901217348,-8.758824803949839,0.0,0.0,4.007659574468085,-0.0,2.0,0.0
398,2025-02-02 00:00:00+00:00,renewable_shift,static_cvar,-16.365163227329774,42.00585826568794,58.371021493017714,13.72493628233286,1.345379088797219,0.0,0.0,4.007659574468086,-0.0,2.0,0.0
398,2025-02-02 00:00:00+00:00,renewable_shift,adaptive_risk_neutral,-6.469683799421368,42.00585826568794,48.47554206510931,14.758209489726053,0.6988915218178663,0.0,0.0,4.007659574468085,-0.0,2.0,0.0
398,2025-02-02 00:00:00+00:00,renewable_shift,adaptive_cvar,-6.20050216517646,42.00585826568794,48.2063604308644,14.710414396871151,0.47736216996684117,0.0,0.0,4.007659574468085,-0.0,2.0,0.0
398,2025-02-02 00:00:00+00:00,renewable_shift,oracle,42.00585826568794,42.00585826568794,0.0,42.00585826568794,-42.00585826568794,0.0,0.0,9.914267632412855,0.0,2.0,0.0
399,2025-02-03 00:00:00+00:00,renewable_shift,seasonal_naive,-40.348112234531186,51.123311101288756,91.47142333581994,42.00585826568794,-42.00585826568794,0.0,0.0,9.914267632412855,0.0,2.0,0.0
399,2025-02-03 00:00:00+00:00,renewable_shift,median_risk_neutral,13.263417386674146,51.123311101288756,37.859893714614614,29.96952451933183,-29.96952451933183,0.0,0.0,5.891259574468085,-0.0,2.0,0.0
399,2025-02-03 00:00:00+00:00,renewable_shift,raw_cvar,10.90117952294,51.123311101288756,40.22213157834876,25.267791581239518,-11.627083893356133,0.0,0.0,4.007659574468085,0.0,2.0,0.0
399,2025-02-03 00:00:00+00:00,renewable_shift,static_cvar,5.356300237577075,51.123311101288756,45.76701086371168,22.90818025528498,-0.7029503733092083,0.0,0.0,4.007659574468086,-0.0,2.0,0.0
399,2025-02-03 00:00:00+00:00,renewable_shift,adaptive_risk_neutral,9.77905323394158,51.123311101288756,41.344257867347174,26.189408279014167,-0.14626246395493947,0.0,0.0,4.007659574468085,-0.0,2.0,0.0
399,2025-02-03 00:00:00+00:00,renewable_shift,adaptive_cvar,11.686083326534098,51.123311101288756,39.43722777475466,25.849800477095155,-3.9954320370709207,0.0,0.0,4.007659574468085,-0.0,2.0,0.0
399,2025-02-03 00:00:00+00:00,renewable_shift,oracle,51.123311101288756,51.123311101288756,0.0,51.123311101288756,-51.123311101288756,0.0,0.0,9.658459574468086,-0.0,2.0,0.0
400,2025-02-04 00:00:00+00:00,renewable_shift,seasonal_naive,-44.82786819374139,55.45457802324719,100.28244621698857,51.123311101288756,-51.123311101288756,0.0,0.0,9.658459574468086,-0.0,2.0,0.0
400,2025-02-04 00:00:00+00:00,renewable_shift,median_risk_neutral,-10.406393488649933,55.45457802324719,65.86097151189712,32.03405007942077,-32.03405007942077,0.0,0.0,9.658459574468086,-0.0,2.0,0.0
400,2025-02-04 00:00:00+00:00,renewable_shift,raw_cvar,3.9101463058134733,55.45457802324719,51.54443171743371,28.215747526853413,-19.019536650503557,0.0,0.0,6.01916360344047,-0.0,2.0,0.0
400,2025-02-04 00:00:00+00:00,renewable_shift,static_cvar,12.80411460393491,55.45457802324719,42.650463419312274,19.518259955908317,-1.2180338900322596,0.0,0.0,4.369558702216985,0.0,2.0,0.0
400,2025-02-04 00:00:00+00:00,renewable_shift,adaptive_risk_neutral,15.798195913738711,55.45457802324719,39.65638210950848,23.04881126299243,0.8540687095240411,0.0,0.0,6.019163603440471,-0.0,2.0,0.0
400,2025-02-04 00:00:00+00:00,renewable_shift,adaptive_cvar,10.915970498047676,55.45457802324719,44.53860752519951,20.63083326049227,-8.45626062839628,0.0,0.0,4.86326302678603,-0.0,2.0,0.0
400,2025-02-04 00:00:00+00:00,renewable_shift,oracle,55.45457802324719,55.45457802324719,0.0,55.45457802324719,-55.45457802324719,0.0,0.0,7.774859574468085,0.0,2.0,0.0
401,2025-02-05 00:00:00+00:00,renewable_shift,seasonal_naive,-30.417896595227447,54.904620454420304,85.32251704964776,55.45457802324719,-55.45457802324719,0.0,0.0,7.774859574468085,0.0,2.0,0.0
401,2025-02-05 00:00:00+00:00,renewable_shift,median_risk_neutral,19.14669081961185,54.904620454420304,35.75792963480845,30.031090671920442,-30.031090671920442,0.0,0.0,5.891259574468085,-0.0,2.0,0.0
401,2025-02-05 00:00:00+00:00,renewable_shift,raw_cvar,16.080510389222148,54.904620454420304,38.824110065198155,25.59505855839633,-15.41612717116617,0.0,0.0,4.135563603440471,-0.0,2.0,0.0
401,2025-02-05 00:00:00+00:00,renewable_shift,static_cvar,14.193702502447131,54.904620454420304,40.71091795197317,32.82319462675634,-9.173113721352923,0.0,0.0,4.1615634159028705,0.1200000000000001,2.0,0.0
401,2025-02-05 00:00:00+00:00,renewable_shift,adaptive_risk_neutral,24.03192089255514,54.904620454420304,30.872699561865165,30.89474905167862,3.1891867120677815,0.0,0.0,5.891259574468085,-0.0,2.0,0.0
401,2025-02-05 00:00:00+00:00,renewable_shift,adaptive_cvar,14.624737213793972,54.904620454420304,40.27988324062633,29.54148217327865,-5.585618269325629,0.0,0.0,5.95129511607951,0.06000000000000005,2.0,0.0
401,2025-02-05 00:00:00+00:00,renewable_shift,oracle,54.904620454420304,54.904620454420304,0.0,54.904620454420304,-54.904620454420304,0.0,0.0,7.774859574468085,0.0,2.0,0.0
402,2025-02-06 00:00:00+00:00,renewable_shift,seasonal_naive,-46.49048453737535,25.98889974119976,72.47938427857511,54.904620454420304,-54.904620454420304,0.0,0.0,7.774859574468085,0.0,2.0,0.0
402,2025-02-06 00:00:00+00:00,renewable_shift,median_risk_neutral,5.717548392106135,25.98889974119976,20.271351349093624,23.22427845318092,-23.22427845318092,0.0,0.0,4.263467632412857,-0.0,2.0,0.0
402,2025-02-06 00:00:00+00:00,renewable_shift,raw_cvar,11.25819118734054,25.98889974119976,14.73070855385922,19.990865776950287,-4.190100290194728,0.0,0.0,4.263467632412857,-0.0,2.0,0.0
402,2025-02-06 00:00:00+00:00,renewable_shift,static_cvar,7.437482537860705,25.98889974119976,18.551417203339057,15.854063242041821,12.111068301059397,0.0,0.0,3.3751034949014365,-0.0,1.6843264414989119,0.0
402,2025-02-06 00:00:00+00:00,renewable_shift,adaptive_risk_neutral,11.021045553064102,25.98889974119976,14.967854188135657,22.217472283775923,2.2566292869904587,0.0,0.0,4.263467632412857,-0.0,2.0,0.0
402,2025-02-06 00:00:00+00:00,renewable_shift,adaptive_cvar,11.25819118734054,25.98889974119976,14.73070855385922,22.179159866707877,1.8838301927196948,0.0,0.0,4.263467632412857,-0.0,2.0,0.0
402,2025-02-06 00:00:00+00:00,renewable_shift,oracle,25.98889974119976,25.98889974119976,0.0,25.98889974119976,-25.98889974119976,0.0,0.0,7.654629787234043,0.0,2.0,0.0
403,2025-02-07 00:00:00+00:00,renewable_shift,seasonal_naive,-20.179804128334098,42.42692620228381,62.60673033061791,25.98889974119976,-25.98889974119976,0.0,0.0,7.654629787234043,0.0,2.0,0.0
403,2025-02-07 00:00:00+00:00,renewable_shift,median_risk_neutral,6.040316563864645,42.42692620228381,36.386609638419166,13.026486842199763,-13.026486842199763,0.0,0.0,3.8951040289723857,0.9361702127659575,2.0,0.0
403,2025-02-07 00:00:00+00:00,renewable_shift,raw_cvar,8.679243892029376,42.42692620228381,33.74768231025443,10.930720753314521,-1.7998448842903925,0.0,0.0,2.0038297872340425,1.0,2.0,0.0
403,2025-02-07 00:00:00+00:00,renewable_shift,static_cvar,11.925152529366603,42.42692620228381,30.501773672917206,10.881434604785763,2.286849845835239,0.0,0.0,2.1580298972355396,1.0,2.0,0.0
403,2025-02-07 00:00:00+00:00,renewable_shift,adaptive_risk_neutral,8.294005696711697,42.42692620228381,34.132920505572116,11.859997531617216,9.849181595616765,0.0,0.0,2.003829787234043,1.0,2.0,0.0
403,2025-02-07 00:00:00+00:00,renewable_shift,adaptive_cvar,10.601493121667774,42.42692620228381,31.825433080616037,10.197600245826544,0.09788949516590684,0.0,0.0,2.003829787234043,1.0,2.0,0.0
403,2025-02-07 00:00:00+00:00,renewable_shift,oracle,42.42692620228381,42.42692620228381,0.0,42.42692620228381,-42.42692620228381,0.0,0.0,7.654629787234041,0.06000000000000005,2.0,0.0
404,2025-02-08 00:00:00+00:00,renewable_shift,seasonal_naive,-24.68171678810278,22.743358771965273,47.42507556006805,42.42692620228381,-42.42692620228381,0.0,0.0,7.654629787234041,0.06000000000000005,2.0,0.0
404,2025-02-08 00:00:00+00:00,renewable_shift,median_risk_neutral,-16.22128018397617,22.743358771965273,38.96463895594144,14.081858417072562,-14.081858417072562,0.0,0.0,6.019163603440471,0.06000000000000005,2.0,0.0
404,2025-02-08 00:00:00+00:00,renewable_shift,raw_cvar,2.0702741986012683,22.743358771965273,20.673084573364005,10.756198674271474,-1.6167834588543144,0.0,0.0,4.13556360344047,-0.0,2.0,0.0
404,2025-02-08 00:00:00+00:00,renewable_shift,static_cvar,4.630066568646354,22.743358771965273,18.11329220331892,6.043930408234732,6.657549782526334,0.0,0.0,2.915563362259695,0.5450044805032315,2.0,0.0
404,2025-02-08 00:00:00+00:00,renewable_shift,adaptive_risk_neutral,-7.943357778703847,22.743358771965273,30.686716550669118,9.54463663778511,7.381702584752972,0.0,0.0,4.135563603440471,-0.0,2.0,0.0
404,2025-02-08 00:00:00+00:00,renewable_shift,adaptive_cvar,-4.784489033205469,22.743358771965273,27.527847805170744,8.41438674573451,4.4221973337989855,0.0,0.0,3.332610704924047,0.34104811743311325,2.0,0.0
404,2025-02-08 00:00:00+00:00,renewable_shift,oracle,22.743358771965273,22.743358771965273,0.0,22.743358771965273,-22.743358771965273,0.0,0.0,5.898933816206428,0.1200000000000001,2.0,0.0
405,2025-02-09 00:00:00+00:00,renewable_shift,seasonal_naive,-23.4108090046616,78.51756115155598,101.92837015621758,22.743358771965273,-22.743358771965273,0.0,0.0,5.898933816206428,0.1200000000000001,2.0,0.0
405,2025-02-09 00:00:00+00:00,renewable_shift,median_risk_neutral,38.583612319355,78.51756115155598,39.93394883220098,33.574660467624035,-33.574660467624035,0.0,0.0,4.007659574468086,0.0,2.0,0.0
405,2025-02-09 00:00:00+00:00,renewable_shift,raw_cvar,38.583612319355,78.51756115155598,39.93394883220098,33.638771425437724,-16.467938439591833,0.0,0.0,4.007659574468086,-0.0,2.0,0.0
405,2025-02-09 00:00:00+00:00,renewable_shift,static_cvar,23.295069695109998,78.51756115155598,55.22249145644598,28.709584051397297,2.0608260885774805,0.0,0.0,4.007659574468086,-0.0,2.0,0.0
405,2025-02-09 00:00:00+00:00,renewable_shift,adaptive_risk_neutral,38.583612319355,78.51756115155598,39.93394883220098,31.46623791046195,-5.480559129655137,0.0,0.0,4.007659574468086,-0.0,2.0,0.0
405,2025-02-09 00:00:00+00:00,renewable_shift,adaptive_cvar,36.73423528203522,78.51756115155598,41.78332586952076,29.932132836625247,-11.830159084233417,0.0,0.0,4.007659574468085,-0.0,2.0,0.0
405,2025-02-09 00:00:00+00:00,renewable_shift,oracle,78.51756115155598,78.51756115155598,0.0,78.51756115155598,-78.51756115155598,0.0,0.0,9.778689361702128,-0.0,2.0,0.0
406,2025-02-10 00:00:00+00:00,renewable_shift,seasonal_naive,-21.338895604362538,27.92252698508058,49.261422589443114,78.51756115155598,-78.51756115155598,0.0,0.0,9.778689361702128,-0.0,2.0,0.0
406,2025-02-10 00:00:00+00:00,renewable_shift,median_risk_neutral,0.6972551186720626,27.92252698508058,27.22527186640852,13.651921909505038,-13.651921909505038,0.0,0.0,4.007659574468086,0.0,2.0,0.0
406,2025-02-10 00:00:00+00:00,renewable_shift,raw_cvar,3.0067151754334933,27.92252698508058,24.91581180964709,12.319604442796884,-3.142291864543106,0.0,0.0,4.007659574468086,0.0,2.0,0.0
406,2025-02-10 00:00:00+00:00,renewable_shift,static_cvar,2.0985301818416584,27.92252698508058,25.82399680323892,13.849475887559912,9.427288351588418,0.0,0.0,4.007659574468086,-0.0,2.0,0.0
406,2025-02-10 00:00:00+00:00,renewable_shift,adaptive_risk_neutral,0.6972551186720626,27.92252698508058,27.22527186640852,11.539854618660048,10.400664844091176,0.0,0.0,4.007659574468086,0.0,2.0,0.0
406,2025-02-10 00:00:00+00:00,renewable_shift,adaptive_cvar,3.6617766948261927,27.92252698508058,24.260750290254386,11.192481374353621,4.939160003206921,0.0,0.0,4.007659574468086,0.0,2.0,0.0
406,2025-02-10 00:00:00+00:00,renewable_shift,oracle,27.92252698508058,27.92252698508058,0.0,27.92252698508058,-27.92252698508058,0.0,0.0,7.774859574468086,0.0,2.0,0.0
407,2025-02-11 00:00:00+00:00,renewable_shift,seasonal_naive,-20.0531766444552,61.90517648729866,81.95835313175385,27.92252698508058,-27.92252698508058,0.0,0.0,7.774859574468086,0.0,2.0,0.0
407,2025-02-11 00:00:00+00:00,renewable_shift,median_risk_neutral,30.967978478457717,61.90517648729866,30.937198008840944,50.07758567581392,-50.07758567581392,0.0,0.0,6.019163603440471,-0.0,2.0,0.0
407,2025-02-11 00:00:00+00:00,renewable_shift,raw_cvar,36.66609151637144,61.90517648729866,25.239084970927223,46.69925339985613,-26.52240732876703,0.0,0.0,5.891259574468085,-0.0,2.0,0.0
407,2025-02-11 00:00:00+00:00,renewable_shift,static_cvar,43.24159739813135,61.90517648729866,18.663579089167314,50.017666200065165,-21.901348126967658,0.0,0.0,6.01717741848297,-0.0,2.0,0.0
407,2025-02-11 00:00:00+00:00,renewable_shift,adaptive_risk_neutral,41.650248468867346,61.90517648729866,20.254928018431315,46.04491001263034,-15.259984517386853,0.0,0.0,5.891259574468085,0.0,2.0,0.0
407,2025-02-11 00:00:00+00:00,renewable_shift,adaptive_cvar,40.36016901099106,61.90517648729866,21.545007476307603,45.93655920487047,-15.75602358695505,0.0,0.0,5.891259574468085,0.0,2.0,0.0
407,2025-02-11 00:00:00+00:00,renewable_shift,oracle,61.90517648729866,61.90517648729866,0.0,61.90517648729866,-61.90517648729866,0.0,0.0,6.011489361702127,-0.0,2.0,0.0
408,2025-02-12 00:00:00+00:00,renewable_shift,seasonal_naive,-19.398854433301278,46.16634067892197,65.56519511222325,61.90517648729866,-61.90517648729866,0.0,0.0,6.011489361702127,-0.0,2.0,0.0
408,2025-02-12 00:00:00+00:00,renewable_shift,median_risk_neutral,-16.548203013219915,46.16634067892197,62.71454369214189,44.03448494371882,-44.03448494371882,0.0,0.0,5.891259574468085,-0.0,2.0,0.0
408,2025-02-12 00:00:00+00:00,renewable_shift,raw_cvar,-15.427564919914136,46.16634067892197,61.5939055988361,36.024264893365206,-22.066529244227414,0.0,0.0,5.891259574468085,-0.0,2.0,0.0
408,2025-02-12 00:00:00+00:00,renewable_shift,static_cvar,-9.918988107500038,46.16634067892197,56.08532878642201,28.92969724802989,3.5353972821496042,0.0,0.0,5.891259574468085,-0.0,2.0,0.0
408,2025-02-12 00:00:00+00:00,renewable_shift,adaptive_risk_neutral,-16.676458390970925,46.16634067892197,62.84279906989289,32.34997350774246,-2.2628553746590576,0.0,0.0,5.891259574468085,-0.0,2.0,0.0
408,2025-02-12 00:00:00+00:00,renewable_shift,adaptive_cvar,-1.753687001640536,46.16634067892197,47.920027680562505,29.469526792376023,-12.055078500446246,0.0,0.0,4.416201638169181,-0.0,2.0,0.0
408,2025-02-12 00:00:00+00:00,renewable_shift,oracle,46.16634067892197,46.16634067892197,0.0,46.16634067892197,-46.16634067892197,0.0,0.0,9.906593390674514,-0.0,2.0,0.0
409,2025-02-13 00:00:00+00:00,renewable_shift,seasonal_naive,-36.09257434775412,71.77089397706541,107.86346832481954,38.43445807894459,-38.43445807894459,0.0,0.0,7.774859574468085,-0.0,2.0,0.0
409,2025-02-13 00:00:00+00:00,renewable_shift,median_risk_neutral,24.780988941752916,71.77089397706541,46.989905035312496,22.966384285663086,-22.966384285663086,0.0,0.0,4.13556360344047,0.0,2.0,0.0
409,2025-02-13 00:00:00+00:00,renewable_shift,raw_cvar,20.837460245039825,71.77089397706541,50.93343373202559,18.978840241667744,-7.373125810167312,0.0,0.0,4.007659574468086,0.0,2.0,0.0
409,2025-02-13 00:00:00+00:00,renewable_shift,static_cvar,34.70928952072609,71.77089397706541,37.061604456339325,16.911386020486177,-2.5166746452975244,0.0,0.0,2.783509142530531,0.8038991609146784,2.0,0.0
409,2025-02-13 00:00:00+00:00,renewable_shift,adaptive_risk_neutral,36.78404367433117,71.77089397706541,34.98685030273424,17.194705098425302,7.592142775570452,0.0,0.0,4.007659574468086,-0.0,2.0,0.0
409,2025-02-13 00:00:00+00:00,renewable_shift,adaptive_cvar,25.309087305926198,71.77089397706541,46.461806671139215,14.5916036185773,-4.118560029989649,0.0,0.0,2.985569450158931,0.510068335554579,2.0,0.0
409,2025-02-13 00:00:00+00:00,renewable_shift,oracle,71.77089397706541,71.77089397706541,0.0,71.77089397706541,-71.77089397706541,0.0,0.0,11.662289361702127,-0.0,2.0,0.0
410,2025-02-14 00:00:00+00:00,renewable_shift,seasonal_naive,-75.43203798050642,65.21560508736312,140.64764306786952,71.77089397706541,-71.77089397706541,0.0,0.0,11.662289361702127,-0.0,2.0,0.0
410,2025-02-14 00:00:00+00:00,renewable_shift,median_risk_neutral,23.643199637269017,65.21560508736312,41.572405450094095,26.829231102405036,-26.829231102405036,0.0,0.0,4.263467632412857,0.1200000000000001,2.0,0.0
410,2025-02-14 00:00:00+00:00,renewable_shift,raw_cvar,39.79272498154549,65.21560508736312,25.422880105817626,26.818570630582744,-11.265545907123624,0.0,0.0,4.13556360344047,0.9361702127659575,2.0,0.0
410,2025-02-14 00:00:00+00:00,renewable_shift,static_cvar,17.672332443595735,65.21560508736312,47.54327264376738,19.88270914320972,-4.240533947403189,0.0,0.0,2.003829787234043,1.0,2.0,0.0
410,2025-02-14 00:00:00+00:00,renewable_shift,adaptive_risk_neutral,18.079029245079653,65.21560508736312,47.13657584228346,27.784152676567494,-4.109790887188165,0.0,0.0,4.263467632412857,0.1200000000000001,2.0,0.0
410,2025-02-14 00:00:00+00:00,renewable_shift,adaptive_cvar,19.498464441199538,65.21560508736312,45.71714064616358,27.00089723798358,-7.245313519704984,0.0,0.0,3.711243945844852,0.14792455452635345,2.0,0.0
410,2025-02-14 00:00:00+00:00,renewable_shift,oracle,65.21560508736312,65.21560508736312,0.0,65.21560508736312,-65.21560508736312,0.0,0.0,10.026823177908556,0.0,2.0,0.0
411,2025-02-15 00:00:00+00:00,renewable_shift,seasonal_naive,-55.99504561147535,28.700962324573908,84.69600793604926,65.21560508736312,-65.21560508736312,0.0,0.0,10.026823177908556,0.0,2.0,0.0
411,2025-02-15 00:00:00+00:00,renewable_shift,median_risk_neutral,-9.3352672792811,28.700962324573908,38.036229603855006,34.467153909735416,-34.467153909735416,0.0,0.0,7.895089361702127,0.0,2.0,0.0
411,2025-02-15 00:00:00+00:00,renewable_shift,raw_cvar,-9.3352672792811,28.700962324573908,38.036229603855006,31.95943806206154,-13.507576821969494,0.0,0.0,7.895089361702127,0.0,2.0,0.0
411,2025-02-15 00:00:00+00:00,renewable_shift,static_cvar,6.618982527586498,28.700962324573908,22.08197979698741,26.817070361244966,0.7417950905697422,0.0,0.0,6.684883530411903,0.0,2.0,0.0
411,2025-02-15 00:00:00+00:00,renewable_shift,adaptive_risk_neutral,7.781280274396293,28.700962324573908,20.919682050177613,24.300172181855437,1.1247049970841427,0.0,0.0,6.019163603440471,-0.0,2.0,0.0
411,2025-02-15 00:00:00+00:00,renewable_shift,adaptive_cvar,8.086298802132518,28.700962324573908,20.61466352244139,24.17787099278296,0.6466804830809144,0.0,0.0,5.980969992240942,-0.0,2.0,0.0
411,2025-02-15 00:00:00+00:00,renewable_shift,oracle,28.700962324573908,28.700962324573908,0.0,28.700962324573908,-28.700962324573908,0.0,0.0,9.778689361702128,-0.0,2.0,0.0
412,2025-02-16 00:00:00+00:00,renewable_shift,seasonal_naive,7.406066853401811,44.112142801474164,36.70607594807235,28.700962324573908,-28.700962324573908,0.0,0.0,9.778689361702128,-0.0,2.0,0.0
412,2025-02-16 00:00:00+00:00,renewable_shift,median_risk_neutral,12.59589210903048,44.112142801474164,31.516250692443684,33.03328008323565,-33.03328008323565,0.0,0.0,4.13556360344047,0.0,2.0,0.0
412,2025-02-16 00:00:00+00:00,renewable_shift,raw_cvar,19.525779527817317,44.112142801474164,24.586363273656847,28.512382585734027,-17.562406190537256,0.0,0.0,4.13556360344047,0.0,2.0,0.0
412,2025-02-16 00:00:00+00:00,renewable_shift,static_cvar,18.45243840688184,44.112142801474164,25.659704394592325,23.91449471037856,-4.9380884723023675,0.0,0.0,4.007659574468085,0.0,2.0,0.0
412,2025-02-16 00:00:00+00:00,renewable_shift,adaptive_risk_neutral,10.830141524778774,44.112142801474164,33.28200127669539,26.25591106025789,-5.018613067662049,0.0,0.0,4.13556360344047,-0.0,2.0,0.0
412,2025-02-16 00:00:00+00:00,renewable_shift,adaptive_cvar,15.823673048622961,44.112142801474164,28.288469752851203,24.83809186698454,-9.263690995816047,0.0,0.0,4.327819851738326,-0.0,2.0,0.0
412,2025-02-16 00:00:00+00:00,renewable_shift,oracle,44.112142801474164,44.112142801474164,0.0,44.112142801474164,-44.112142801474164,0.0,0.0,5.891259574468085,0.0,2.0,0.0
413,2025-02-17 00:00:00+00:00,renewable_shift,seasonal_naive,-85.67982487968857,125.20606768571864,210.8858925654072,45.06968755732743,-45.06968755732743,0.0,0.0,5.891259574468085,-0.0,2.0,0.0
413,2025-02-17 00:00:00+00:00,renewable_shift,median_risk_neutral,24.900293768553777,125.20606768571864,100.30577391716486,38.591374507819936,-38.591374507819936,0.0,0.0,5.891259574468085,-0.0,2.0,0.0
413,2025-02-17 00:00:00+00:00,renewable_shift,raw_cvar,22.81497578369255,125.20606768571864,102.39109190202609,34.06296387065224,-15.890987640658617,0.0,0.0,4.13556360344047,-0.0,2.0,0.0
413,2025-02-17 00:00:00+00:00,renewable_shift,static_cvar,14.245159399967799,125.20606768571864,110.96090828575083,28.114760022924752,-0.595818098578667,0.0,0.0,4.135563603440471,-0.0,2.0,0.0
413,2025-02-17 00:00:00+00:00,renewable_shift,adaptive_risk_neutral,24.419268641099485,125.20606768571864,100.78679904461916,32.67329987287257,-9.738720387028348,0.0,0.0,6.019163603440471,-0.0,2.0,0.0
413,2025-02-17 00:00:00+00:00,renewable_shift,adaptive_cvar,18.909703904532094,125.20606768571864,106.29636378118654,32.01647960057118,-12.249019457290206,0.0,0.0,4.870950850126311,-0.0,2.0,0.0
413,2025-02-17 00:00:00+00:00,renewable_shift,oracle,125.20606768571864,125.20606768571864,0.0,125.20606768571864,-125.20606768571864,0.0,0.0,8.143223177908556,0.0,2.0,0.0
414,2025-02-18 00:00:00+00:00,renewable_shift,seasonal_naive,-57.337914068539746,45.188283525774246,102.526197594314,125.20606768571864,-125.20606768571864,0.0,0.0,8.143223177908556,0.0,2.0,0.0
414,2025-02-18 00:00:00+00:00,renewable_shift,median_risk_neutral,-36.73348810954617,45.188283525774246,81.92177163532043,14.626725058636765,-14.626725058636765,0.0,0.0,5.891259574468085,0.0,2.0,0.0
414,2025-02-18 00:00:00+00:00,renewable_shift,raw_cvar,-22.38381491125684,45.188283525774246,67.57209843703109,12.160713559956267,1.7254329475133972,0.0,0.0,6.158105404622021,-0.0,2.0,0.0
414,2025-02-18 00:00:00+00:00,renewable_shift,static_cvar,-17.83291046724475,45.188283525774246,63.021193993019,8.116113689972208,8.32205461174179,0.0,0.0,3.803982072843415,1.0,2.0,0.0
414,2025-02-18 00:00:00+00:00,renewable_shift,adaptive_risk_neutral,-17.499668444525348,45.188283525774246,62.68795197029959,11.55053107640744,8.362135421484927,0.0,0.0,6.011489361702127,-0.0,2.0,0.0
414,2025-02-18 00:00:00+00:00,renewable_shift,adaptive_cvar,-10.167548948052046,45.188283525774246,55.35583247382629,11.057761525415886,6.279920115624396,0.0,0.0,5.891259574468085,0.0,2.0,0.0
414,2025-02-18 00:00:00+00:00,renewable_shift,oracle,45.188283525774246,45.188283525774246,0.0,45.188283525774246,-45.188283525774246,0.0,0.0,8.27112720688094,-0.0,2.0,0.0
415,2025-02-19 00:00:00+00:00,renewable_shift,seasonal_naive,-62.32185695351937,56.022768755129846,118.34462570864922,45.188283525774246,-45.188283525774246,0.0,0.0,8.27112720688094,-0.0,2.0,0.0
415,2025-02-19 00:00:00+00:00,renewable_shift,median_risk_neutral,25.58020520543364,56.022768755129846,30.442563549696207,32.52784403058661,-32.52784403058661,0.0,0.0,5.891259574468085,0.0,2.0,0.0
415,2025-02-19 00:00:00+00:00,renewable_shift,raw_cvar,22.479790102290323,56.022768755129846,33.54297865283952,31.34849278542663,-20.212495472747285,0.0,0.0,4.13556360344047,0.0,2.0,0.0
415,2025-02-19 00:00:00+00:00,renewable_shift,static_cvar,16.389511220571567,56.022768755129846,39.63325753455828,29.76358603085797,-7.7490264273364415,0.0,0.0,5.213354821509954,0.0,2.0,0.0
415,2025-02-19 00:00:00+00:00,renewable_shift,adaptive_risk_neutral,9.624032277631535,56.022768755129846,46.39873647749831,30.468240741753313,-8.708893134370973,0.0,0.0,4.13556360344047,0.0,2.0,0.0
415,2025-02-19 00:00:00+00:00,renewable_shift,adaptive_cvar,9.532786490719568,56.022768755129846,46.48998226441028,28.74668371457119,-16.643928959198,0.0,0.0,4.007659574468085,0.0,2.0,0.0
415,2025-02-19 00:00:00+00:00,renewable_shift,oracle,56.022768755129846,56.022768755129846,0.0,56.022768755129846,-56.022768755129846,0.0,0.0,9.78636360344047,0.0,2.0,0.0
416,2025-02-20 00:00:00+00:00,renewable_shift,seasonal_naive,-28.518599862759373,59.67340772388342,88.1920075866428,56.022768755129846,-56.022768755129846,0.0,0.0,9.78636360344047,0.0,2.0,0.0
416,2025-02-20 00:00:00+00:00,renewable_shift,median_risk_neutral,32.96813864723576,59.67340772388342,26.70526907664766,19.600460944804535,-19.600460944804535,0.0,0.0,5.891259574468085,-0.0,2.0,0.0
416,2025-02-20 00:00:00+00:00,renewable_shift,raw_cvar,10.883536042722014,59.67340772388342,48.78987168116141,14.769515216478498,2.3324616864294696,0.0,0.0,4.13556360344047,-0.0,2.0,0.0
416,2025-02-20 00:00:00+00:00,renewable_shift,static_cvar,1.7824010718596393,59.67340772388342,57.89100665202378,4.052337427664981,5.240915496764093,0.0,0.0,2.195462093368075,0.0,1.0,0.0
416,2025-02-20 00:00:00+00:00,renewable_shift,adaptive_risk_neutral,9.686920893378009,59.67340772388342,49.98648683050541,14.942871044662827,10.762223967773005,0.0,0.0,4.13556360344047,-0.0,2.0,0.0
416,2025-02-20 00:00:00+00:00,renewable_shift,adaptive_cvar,6.342667731582226,59.67340772388342,53.3307399923012,13.95395527778062,6.629478259051692,0.0,0.0,4.007659574468086,-0.0,2.0,0.0
416,2025-02-20 00:00:00+00:00,renewable_shift,oracle,59.67340772388342,59.67340772388342,0.0,59.67340772388342,-59.67340772388342,0.0,0.0,10.0344974196469,-0.0,2.0,0.0
417,2025-02-21 00:00:00+00:00,renewable_shift,seasonal_naive,5.491152921144732,93.75994624540982,88.26879332426509,59.67340772388342,-59.67340772388342,0.0,0.0,10.0344974196469,-0.0,2.0,0.0
417,2025-02-21 00:00:00+00:00,renewable_shift,median_risk_neutral,25.82874729843823,93.75994624540982,67.93119894697159,31.78546169735835,-31.78546169735835,0.0,0.0,6.019163603440471,0.06000000000000005,2.0,0.0
417,2025-02-21 00:00:00+00:00,renewable_shift,raw_cvar,28.21082489110455,93.75994624540982,65.54912135430527,31.756215998993223,-10.441425018464917,0.0,0.0,6.019163603440471,0.06000000000000005,2.0,0.0
417,2025-02-21 00:00:00+00:00,renewable_shift,static_cvar,18.668614341621733,93.75994624540982,75.09133190378809,27.92302163675942,2.020012875638628,0.0,0.0,4.732464684031338,0.7021198684670769,2.0,0.0
417,2025-02-21 00:00:00+00:00,renewable_shift,adaptive_risk_neutral,25.721365033818515,93.75994624540982,68.0385812115913,27.73159573284518,6.569751191875942,0.0,0.0,6.019163603440471,0.06000000000000005,2.0,0.0
417,2025-02-21 00:00:00+00:00,renewable_shift,adaptive_cvar,16.153972222888605,93.75994624540982,77.60597402252122,25.544981998026405,2.0257860537446364,0.0,0.0,5.49910163212722,0.3195340056458138,2.0,0.0
417,2025-02-21 00:00:00+00:00,renewable_shift,oracle,93.75994624540982,93.75994624540982,0.0,93.75994624540982,-93.75994624540982,0.0,0.0,15.309259574468085,0.0,2.0,0.0
418,2025-02-22 00:00:00+00:00,renewable_shift,seasonal_naive,-64.28835526218249,49.16832129477651,113.456676556959,93.75994624540982,-93.75994624540982,0.0,0.0,15.309259574468085,0.0,2.0,0.0
418,2025-02-22 00:00:00+00:00,renewable_shift,median_risk_neutral,5.864795837355597,49.16832129477651,43.30352545742092,42.233582879368825,-42.233582879368825,0.0,0.0,8.01531914893617,-0.0,2.0,0.0
418,2025-02-22 00:00:00+00:00,renewable_shift,raw_cvar,4.202454801020654,49.16832129477651,44.965866493755854,37.18857343257158,-22.310504963641822,0.0,0.0,6.154632019462207,-0.0,2.0,0.0
418,2025-02-22 00:00:00+00:00,renewable_shift,static_cvar,8.80282105330397,49.16832129477651,40.36550024147254,30.436088336400225,-2.9408895774810953,0.0,0.0,6.240731551197546,0.0,2.0,0.0
418,2025-02-22 00:00:00+00:00,renewable_shift,adaptive_risk_neutral,12.285661784412362,49.16832129477651,36.88265951036415,35.45177399230183,-10.702125466950923,0.0,0.0,6.139393390674513,0.0,2.0,0.0
418,2025-02-22 00:00:00+00:00,renewable_shift,adaptive_cvar,15.027650751130167,49.16832129477651,34.140670543646344,35.05353788733295,-12.565424960046446,0.0,0.0,6.4840438890317,-0.0,2.0,0.0
418,2025-02-22 00:00:00+00:00,renewable_shift,oracle,49.16832129477651,49.16832129477651,0.0,49.16832129477651,-49.16832129477651,0.0,0.0,10.282631235853327,0.0,2.0,0.0
419,2025-02-23 00:00:00+00:00,renewable_shift,seasonal_naive,-60.13312230685147,62.9275619916104,123.06068429846187,49.16832129477651,-49.16832129477651,0.0,0.0,10.282631235853327,0.0,2.0,0.0
419,2025-02-23 00:00:00+00:00,renewable_shift,median_risk_neutral,12.797700859773176,62.9275619916104,50.12986113183723,27.939446200958667,-27.939446200958667,0.0,0.0,5.891259574468085,0.0,2.0,0.0
419,2025-02-23 00:00:00+00:00,renewable_shift,raw_cvar,-19.579271970390018,62.9275619916104,82.50683396200043,22.206357373120184,-11.572389955066674,0.0,0.0,4.007659574468085,0.0,2.0,0.0
419,2025-02-23 00:00:00+00:00,renewable_shift,static_cvar,-10.524087916640106,62.9275619916104,73.45164990825052,17.95190212858052,7.536629024084351,0.0,0.0,4.007659574468086,0.0,2.0,0.0
419,2025-02-23 00:00:00+00:00,renewable_shift,adaptive_risk_neutral,-1.5314023342356098,62.9275619916104,64.45896432584601,20.616292203900496,6.239391340093199,0.0,0.0,4.135563603440471,0.0,2.0,0.0
419,2025-02-23 00:00:00+00:00,renewable_shift,adaptive_cvar,2.8813988647946456,62.9275619916104,60.046163126815756,18.07659676722797,2.0005863221059976,0.0,0.0,4.007659574468085,-0.0,2.0,0.0
419,2025-02-23 00:00:00+00:00,renewable_shift,oracle,62.9275619916104,62.9275619916104,0.0,62.9275619916104,-62.9275619916104,0.0,0.0,9.78636360344047,-0.0,2.0,0.0
